Timestamp,Sección,Descripción,P95 (ms)
2026-03-27T10:49:02-03:00,Analizar,Analizar la especie  BDC28,1567.0
2026-03-27T10:49:02-03:00,Analizar,Analizar la especie AL30 ,2224.0
2026-03-27T10:49:02-03:00,Analizar,Analizar la especie PNRCO,936.0
2026-03-27T10:49:02-03:00,Analizar,Analizar la especie TX28,1852.0
2026-03-27T10:49:02-03:00,Analizar,Armado de escenarios en Análisis de Sensibilidad de la especie AL30,10111.0
2026-03-27T10:49:02-03:00,Analizar,Armado de escenarios en Análisis de Sensibilidad de la especie BDC28,19622.0
2026-03-27T10:49:02-03:00,Analizar,Armado de escenarios en Análisis de Sensibilidad de la especie PNRCO,14373.0
2026-03-27T10:49:02-03:00,Analizar,Armado de escenarios en Análisis de Sensibilidad de la especie TX28,8004.0
2026-03-27T10:49:02-03:00,Analizar,Ingresar al Home,7827.0
2026-03-27T10:49:02-03:00,Analizar,Ingreso a la pestaña Condiciones de Emisión de la especie  AL30,401.0
2026-03-27T10:49:02-03:00,Analizar,Ingreso a la pestaña Condiciones de Emisión de la especie BDC28,727.0
2026-03-27T10:49:02-03:00,Analizar,Ingreso a la pestaña Condiciones de Emisión de la especie PNRCO,401.0
2026-03-27T10:49:02-03:00,Analizar,Ingreso a la pestaña Condiciones de Emisión de la especie TX28,576.0
2026-03-27T10:49:02-03:00,Analizar,Navegabilidad por los botones TIRs y Paridades Históricas de la especie AL30,6916.0
2026-03-27T10:49:02-03:00,Analizar,Navegabilidad por los botones TIRs y Paridades Históricas de la especie BDC28,7201.0
2026-03-27T10:49:02-03:00,Analizar,Navegabilidad por los botones TIRs y Paridades Históricas de la especie PNRCO,4627.0
2026-03-27T10:49:02-03:00,Analizar,Navegabilidad por los botones TIRs y Paridades Históricas de la especie TX28,5976.0
2026-03-27T10:49:02-03:00,Analizar,Simular inversión de la especie AL30,2217.0
2026-03-27T10:49:02-03:00,Analizar,Simular inversión de la especie BDC28,11148.0
2026-03-27T10:49:02-03:00,Analizar,Simular inversión de la especie PNRCO,8837.0
2026-03-27T10:49:02-03:00,Analizar,Simular inversión de la especie TX28,2700.0
2026-03-27T10:49:02-03:00,Analizar,Validaciones en la pestaña General de la especie PNRCO,903.0
2026-03-27T10:49:02-03:00,Arbitraje,Arbitraje de las especies AL30 y TX28,11711.0
2026-03-27T10:49:02-03:00,Arbitraje,Ingresar al menú Arbitraje,498.0
2026-03-27T10:49:02-03:00,Arbitraje,"Navegabilidad entre las pestañas Paridad, Inversión y Scatter",12794.0
2026-03-27T10:49:02-03:00,Calculadora,"Editar P. Simulado, de la primera simulación",11312.0
2026-03-27T10:49:02-03:00,Calculadora,Editar la TIR de la primera simulación,3245.0
2026-03-27T10:49:02-03:00,Calculadora,Eliminar todas las simulaciones,244.0
2026-03-27T10:49:02-03:00,Calculadora,Ingresar al menú Calculadora,4335.0
2026-03-27T10:49:02-03:00,Calculadora,Simular inversiones de la especie AL30,104540.0
2026-03-27T10:49:02-03:00,Comparar,Eliminar las especies AL30 y TX28,4475.0
2026-03-27T10:49:02-03:00,Comparar,Ingresar al menú Comparar,449.0
2026-03-27T10:49:02-03:00,Comparar,Ir a Condiciones de Emisión,1236.0
2026-03-27T10:49:02-03:00,Comparar,Navegabilidad por pestañas gráficas,7048.0
2026-03-27T10:49:02-03:00,Comparar,Realizar comparativa entre las especies AL30 y TX28,9457.0
2026-03-27T10:49:02-03:00,Curvas,Ingresar a la pestaña Internacionales,409.0
2026-03-27T10:49:02-03:00,Curvas,Ingresar al menú Curvas,6180.0
2026-03-27T10:49:02-03:00,Curvas,Ingreso a la curva BCRA - BOPREALs - USD,1964.0
2026-03-27T10:49:02-03:00,Curvas,Ingreso a la curva Brasil - Soberanos - Bonos Globales - USD,1929.0
2026-03-27T10:49:02-03:00,Curvas,Ingreso a la curva Chile - Soberanos - Bonos Globales - USD,2414.0
2026-03-27T10:49:02-03:00,Curvas,Ingreso a la curva Colombia - Soberanos - Bonos Globales - USD,1777.0
2026-03-27T10:49:02-03:00,Curvas,Ingreso a la curva Corporativos - ONs Dollar Linked - ARS,2453.0
2026-03-27T10:49:02-03:00,Curvas,Ingreso a la curva Estados Unidos - Soberanos - Treasury Notes/Bonds - USD,1406.0
2026-03-27T10:49:02-03:00,Curvas,Ingreso a la curva Mexico - Soberanos - Bonos Globales - USD,4195.0
2026-03-27T10:49:02-03:00,Curvas,Ingreso a la curva Paraguay - Soberanos - Bonos Globales - USD,1293.0
2026-03-27T10:49:02-03:00,Curvas,Ingreso a la curva Soberanos - Letras del Tesoro Capitalizables (LECAP) - ARS,2640.0
2026-03-27T10:49:02-03:00,Curvas,Ingreso a la curva Soberanos - Ley Argentina - USD,1432.0
2026-03-27T10:49:02-03:00,Curvas,Ingreso a la curva Soberanos - Tasa Fija + CER - ARS,1602.0
2026-03-27T10:49:02-03:00,Curvas,"Ingreso a la pestaña ""BCRA""",131.0
2026-03-27T10:49:02-03:00,Curvas,"Ingreso a la pestaña ""Corporativos""",135.0
2026-03-27T10:49:02-03:00,Curvas,"Ingreso a la pestaña ""Soberanos""",182.0
2026-03-27T10:49:02-03:00,Curvas,"Ingreso a la pestaña ""SubSoberanos""",124.0
2026-03-27T10:49:02-03:00,Curvas,Ingreso en la pestaña Análisis online de la curva de: BCRA - BOPREALs - USD,2799.0
2026-03-27T10:49:02-03:00,Curvas,Ingreso en la pestaña Análisis online de la curva de: Corporativos - ONs Dollar Linked - ARS,2991.0
2026-03-27T10:49:02-03:00,Curvas,Ingreso en la pestaña Análisis online de la curva de: Soberanos - Letras del Tesoro Capitalizables (LECAP) - ARS,2934.0
2026-03-27T10:49:02-03:00,Curvas,Ingreso en la pestaña Análisis online de la curva de: Soberanos - Ley Argentina - USD,3311.0
2026-03-27T10:49:02-03:00,Curvas,Ingreso en la pestaña Análisis online de la curva de: Soberanos - Tasa Fija + CER - ARS,2748.0
2026-03-27T10:49:02-03:00,Graficador,Graficar la especie AL30,3605.0
2026-03-27T10:49:02-03:00,Graficador,Graficar todas las curvas,4383.0
2026-03-27T10:49:02-03:00,Graficador,Ingresar al menú Graficador,4194.0
2026-03-27T10:49:02-03:00,Mis portafolios,Agregar la cuarta especie al portafolio,3150.0
2026-03-27T10:49:02-03:00,Mis portafolios,Agregar la primera especie al portafolio,2535.0
2026-03-27T10:49:02-03:00,Mis portafolios,Agregar la segunda especie al portafolio,2725.0
2026-03-27T10:49:02-03:00,Mis portafolios,Agregar la tercera especie al portafolio,2887.0
2026-03-27T10:49:02-03:00,Mis portafolios,Crear un nuevo portafolio,6074.0
2026-03-27T10:49:02-03:00,Mis portafolios,Editar el portafolio,2474.0
2026-03-27T10:49:02-03:00,Mis portafolios,Eliminar el portafolio,2448.0
2026-03-27T10:49:02-03:00,Mis portafolios,Eliminar todas las especies del portafolio,3716.0
2026-03-27T10:49:02-03:00,Mis portafolios,Ingresar al menú Mis portafolios,451.0
2026-03-27T10:49:02-03:00,Mis portafolios,Navegabilidad entre las pestañas Proyección y Agenda de pagos en el portafolio,2396.0
2026-03-27T10:49:02-03:00,Screener,Búsqueda con filtros en Screener,12581.0
2026-03-27T10:49:02-03:00,Screener,Ingresar al menú Screener,4265.0
2026-03-27T10:49:02-03:00,Sensibilidad,Eliminar escenario,89.0
2026-03-27T10:49:02-03:00,Sensibilidad,Eliminar especie,100.0
2026-03-27T10:49:02-03:00,Sensibilidad,Ingresar al menú Sensibilidad,440.0
2026-03-27T10:49:02-03:00,Sensibilidad,Realizar Análisis de sensibilidad,7304.0
2026-03-27T13:29:16-03:00,Analizar,Analizar la especie  BDC28,1837.0
2026-03-27T13:29:16-03:00,Analizar,Analizar la especie AL30 ,2425.0
2026-03-27T13:29:16-03:00,Analizar,Analizar la especie PNRCO,6026.0
2026-03-27T13:29:16-03:00,Analizar,Analizar la especie TX28,1991.0
2026-03-27T13:29:16-03:00,Analizar,Armado de escenarios en Análisis de Sensibilidad de la especie AL30,17954.0
2026-03-27T13:29:16-03:00,Analizar,Armado de escenarios en Análisis de Sensibilidad de la especie BDC28,19483.0
2026-03-27T13:29:16-03:00,Analizar,Armado de escenarios en Análisis de Sensibilidad de la especie PNRCO,16783.0
2026-03-27T13:29:16-03:00,Analizar,Armado de escenarios en Análisis de Sensibilidad de la especie TX28,9178.0
2026-03-27T13:29:16-03:00,Analizar,Ingresar al Home,6916.0
2026-03-27T13:29:16-03:00,Analizar,Ingreso a la pestaña Condiciones de Emisión de la especie  AL30,678.0
2026-03-27T13:29:16-03:00,Analizar,Ingreso a la pestaña Condiciones de Emisión de la especie BDC28,909.0
2026-03-27T13:29:16-03:00,Analizar,Ingreso a la pestaña Condiciones de Emisión de la especie PNRCO,811.0
2026-03-27T13:29:16-03:00,Analizar,Ingreso a la pestaña Condiciones de Emisión de la especie TX28,690.0
2026-03-27T13:29:16-03:00,Analizar,Navegabilidad por los botones TIRs y Paridades Históricas de la especie AL30,7319.0
2026-03-27T13:29:16-03:00,Analizar,Navegabilidad por los botones TIRs y Paridades Históricas de la especie BDC28,7286.0
2026-03-27T13:29:16-03:00,Analizar,Navegabilidad por los botones TIRs y Paridades Históricas de la especie PNRCO,3064.0
2026-03-27T13:29:16-03:00,Analizar,Navegabilidad por los botones TIRs y Paridades Históricas de la especie TX28,6988.0
2026-03-27T13:29:16-03:00,Analizar,Simular inversión de la especie AL30,2694.0
2026-03-27T13:29:16-03:00,Analizar,Simular inversión de la especie BDC28,16436.0
2026-03-27T13:29:16-03:00,Analizar,Simular inversión de la especie PNRCO,7890.0
2026-03-27T13:29:16-03:00,Analizar,Simular inversión de la especie TX28,2715.0
2026-03-27T13:29:16-03:00,Analizar,Validaciones en la pestaña General de la especie PNRCO,1384.0
2026-03-27T13:29:16-03:00,Arbitraje,Arbitraje de las especies AL30 y TX28,12096.0
2026-03-27T13:29:16-03:00,Arbitraje,Ingresar al menú Arbitraje,846.0
2026-03-27T13:29:16-03:00,Arbitraje,"Navegabilidad entre las pestañas Paridad, Inversión y Scatter",13446.0
2026-03-27T13:29:16-03:00,Calculadora,"Editar P. Simulado, de la primera simulación",11143.0
2026-03-27T13:29:16-03:00,Calculadora,Editar la TIR de la primera simulación,3209.0
2026-03-27T13:29:16-03:00,Calculadora,Eliminar todas las simulaciones,284.0
2026-03-27T13:29:16-03:00,Calculadora,Ingresar al menú Calculadora,5420.0
2026-03-27T13:29:16-03:00,Calculadora,Simular inversiones de la especie AL30,88620.0
2026-03-27T13:29:16-03:00,Comparar,Eliminar las especies AL30 y TX28,4430.0
2026-03-27T13:29:16-03:00,Comparar,Ingresar al menú Comparar,895.0
2026-03-27T13:29:16-03:00,Comparar,Ir a Condiciones de Emisión,1025.0
2026-03-27T13:29:16-03:00,Comparar,Navegabilidad por pestañas gráficas,6749.0
2026-03-27T13:29:16-03:00,Comparar,Realizar comparativa entre las especies AL30 y TX28,18186.0
2026-03-27T13:29:16-03:00,Curvas,Ingresar a la pestaña Internacionales,521.0
2026-03-27T13:29:16-03:00,Curvas,Ingresar al menú Curvas,6534.0
2026-03-27T13:29:16-03:00,Curvas,Ingreso a la curva BCRA - BOPREALs - USD,1526.0
2026-03-27T13:29:16-03:00,Curvas,Ingreso a la curva Brasil - Soberanos - Bonos Globales - USD,28404.0
2026-03-27T13:29:16-03:00,Curvas,Ingreso a la curva Chile - Soberanos - Bonos Globales - USD,24212.0
2026-03-27T13:29:16-03:00,Curvas,Ingreso a la curva Colombia - Soberanos - Bonos Globales - USD,23874.0
2026-03-27T13:29:16-03:00,Curvas,Ingreso a la curva Corporativos - ONs Dollar Linked - ARS,3255.0
2026-03-27T13:29:16-03:00,Curvas,Ingreso a la curva Estados Unidos - Soberanos - Treasury Notes/Bonds - USD,26446.0
2026-03-27T13:29:16-03:00,Curvas,Ingreso a la curva Mexico - Soberanos - Bonos Globales - USD,49643.0
2026-03-27T13:29:16-03:00,Curvas,Ingreso a la curva Paraguay - Soberanos - Bonos Globales - USD,13554.0
2026-03-27T13:29:16-03:00,Curvas,Ingreso a la curva Soberanos - Letras del Tesoro Capitalizables (LECAP) - ARS,1185.0
2026-03-27T13:29:16-03:00,Curvas,Ingreso a la curva Soberanos - Ley Argentina - USD,1130.0
2026-03-27T13:29:16-03:00,Curvas,Ingreso a la curva Soberanos - Tasa Fija + CER - ARS,1550.0
2026-03-27T13:29:16-03:00,Curvas,"Ingreso a la pestaña ""BCRA""",141.0
2026-03-27T13:29:16-03:00,Curvas,"Ingreso a la pestaña ""Corporativos""",149.0
2026-03-27T13:29:16-03:00,Curvas,"Ingreso a la pestaña ""Soberanos""",235.0
2026-03-27T13:29:16-03:00,Curvas,"Ingreso a la pestaña ""SubSoberanos""",160.0
2026-03-27T13:29:16-03:00,Curvas,Ingreso en la pestaña Análisis online de la curva de: BCRA - BOPREALs - USD,3579.0
2026-03-27T13:29:16-03:00,Curvas,Ingreso en la pestaña Análisis online de la curva de: Corporativos - ONs Dollar Linked - ARS,4278.0
2026-03-27T13:29:16-03:00,Curvas,Ingreso en la pestaña Análisis online de la curva de: Soberanos - Letras del Tesoro Capitalizables (LECAP) - ARS,2540.0
2026-03-27T13:29:16-03:00,Curvas,Ingreso en la pestaña Análisis online de la curva de: Soberanos - Ley Argentina - USD,3291.0
2026-03-27T13:29:16-03:00,Curvas,Ingreso en la pestaña Análisis online de la curva de: Soberanos - Tasa Fija + CER - ARS,1839.0
2026-03-27T13:29:16-03:00,Graficador,Graficar la especie AL30,4138.0
2026-03-27T13:29:16-03:00,Graficador,Graficar todas las curvas,48631.0
2026-03-27T13:29:16-03:00,Graficador,Ingresar al menú Graficador,17705.0
2026-03-27T13:29:16-03:00,Mis portafolios,Agregar la cuarta especie al portafolio,3469.0
2026-03-27T13:29:16-03:00,Mis portafolios,Agregar la primera especie al portafolio,3267.0
2026-03-27T13:29:16-03:00,Mis portafolios,Agregar la segunda especie al portafolio,3218.0
2026-03-27T13:29:16-03:00,Mis portafolios,Agregar la tercera especie al portafolio,3286.0
2026-03-27T13:29:16-03:00,Mis portafolios,Crear un nuevo portafolio,8283.0
2026-03-27T13:29:16-03:00,Mis portafolios,Editar el portafolio,2823.0
2026-03-27T13:29:16-03:00,Mis portafolios,Eliminar el portafolio,2227.0
2026-03-27T13:29:16-03:00,Mis portafolios,Eliminar todas las especies del portafolio,3948.0
2026-03-27T13:29:16-03:00,Mis portafolios,Ingresar al menú Mis portafolios,846.0
2026-03-27T13:29:16-03:00,Mis portafolios,Navegabilidad entre las pestañas Proyección y Agenda de pagos en el portafolio,1853.0
2026-03-27T13:29:16-03:00,Screener,Búsqueda con filtros en Screener,7149.0
2026-03-27T13:29:16-03:00,Screener,Ingresar al menú Screener,6285.0
2026-03-27T13:29:16-03:00,Sensibilidad,Eliminar escenario,103.0
2026-03-27T13:29:16-03:00,Sensibilidad,Eliminar especie,106.0
2026-03-27T13:29:16-03:00,Sensibilidad,Ingresar al menú Sensibilidad,885.0
2026-03-27T13:29:16-03:00,Sensibilidad,Realizar Análisis de sensibilidad,6670.0
2026-03-30T14:54:51-03:00,Analizar,Analizar la especie  BDC28,1928.0
2026-03-30T14:54:51-03:00,Analizar,Analizar la especie AL30 ,2777.0
2026-03-30T14:54:51-03:00,Analizar,Analizar la especie PNRCO,1465.0
2026-03-30T14:54:51-03:00,Analizar,Analizar la especie TX28,1998.0
2026-03-30T14:54:51-03:00,Analizar,Armado de escenarios en Análisis de Sensibilidad de la especie AL30,15213.0
2026-03-30T14:54:51-03:00,Analizar,Armado de escenarios en Análisis de Sensibilidad de la especie BDC28,17446.0
2026-03-30T14:54:51-03:00,Analizar,Armado de escenarios en Análisis de Sensibilidad de la especie PNRCO,19313.0
2026-03-30T14:54:51-03:00,Analizar,Armado de escenarios en Análisis de Sensibilidad de la especie TX28,9735.0
2026-03-30T14:54:51-03:00,Analizar,Ingresar al Home,6955.0
2026-03-30T14:54:51-03:00,Analizar,Ingreso a la pestaña Condiciones de Emisión de la especie  AL30,635.0
2026-03-30T14:54:51-03:00,Analizar,Ingreso a la pestaña Condiciones de Emisión de la especie BDC28,700.0
2026-03-30T14:54:51-03:00,Analizar,Ingreso a la pestaña Condiciones de Emisión de la especie PNRCO,675.0
2026-03-30T14:54:51-03:00,Analizar,Ingreso a la pestaña Condiciones de Emisión de la especie TX28,652.0
2026-03-30T14:54:51-03:00,Analizar,Navegabilidad por los botones TIRs y Paridades Históricas de la especie AL30,8703.0
2026-03-30T14:54:51-03:00,Analizar,Navegabilidad por los botones TIRs y Paridades Históricas de la especie BDC28,8723.0
2026-03-30T14:54:51-03:00,Analizar,Navegabilidad por los botones TIRs y Paridades Históricas de la especie PNRCO,4281.0
2026-03-30T14:54:51-03:00,Analizar,Navegabilidad por los botones TIRs y Paridades Históricas de la especie TX28,9433.0
2026-03-30T14:54:51-03:00,Analizar,Simular inversión de la especie AL30,2114.0
2026-03-30T14:54:51-03:00,Analizar,Simular inversión de la especie BDC28,8239.0
2026-03-30T14:54:51-03:00,Analizar,Simular inversión de la especie PNRCO,8457.0
2026-03-30T14:54:51-03:00,Analizar,Simular inversión de la especie TX28,2130.0
2026-03-30T14:54:51-03:00,Analizar,Validaciones en la pestaña General de la especie PNRCO,336.0
2026-03-30T14:54:51-03:00,Arbitraje,Arbitraje de las especies AL30 y TX28,10610.0
2026-03-30T14:54:51-03:00,Arbitraje,Ingresar al menú Arbitraje,902.0
2026-03-30T14:54:51-03:00,Arbitraje,"Navegabilidad entre las pestañas Paridad, Inversión y Scatter",11660.0
2026-03-30T14:54:51-03:00,Calculadora,"Editar P. Simulado, de la primera simulación",20916.0
2026-03-30T14:54:51-03:00,Calculadora,Editar la TIR de la primera simulación,2964.0
2026-03-30T14:54:51-03:00,Calculadora,Eliminar todas las simulaciones,257.0
2026-03-30T14:54:51-03:00,Calculadora,Ingresar al menú Calculadora,4021.0
2026-03-30T14:54:51-03:00,Calculadora,Simular inversiones de la especie AL30,101367.0
2026-03-30T14:54:51-03:00,Comparar,Eliminar las especies AL30 y TX28,7621.0
2026-03-30T14:54:51-03:00,Comparar,Ingresar al menú Comparar,886.0
2026-03-30T14:54:51-03:00,Comparar,Ir a Condiciones de Emisión,1259.0
2026-03-30T14:54:51-03:00,Comparar,Navegabilidad por pestañas gráficas,7833.0
2026-03-30T14:54:51-03:00,Comparar,Realizar comparativa entre las especies AL30 y TX28,10673.0
2026-03-30T14:54:51-03:00,Curvas,Ingresar a la pestaña Internacionales,444.0
2026-03-30T14:54:51-03:00,Curvas,Ingresar al menú Curvas,5445.0
2026-03-30T14:54:51-03:00,Curvas,Ingreso a la curva BCRA - BOPREALs - USD,1178.0
2026-03-30T14:54:51-03:00,Curvas,Ingreso a la curva Brasil - Soberanos - Bonos Globales - USD,3460.0
2026-03-30T14:54:51-03:00,Curvas,Ingreso a la curva Chile - Soberanos - Bonos Globales - USD,2709.0
2026-03-30T14:54:51-03:00,Curvas,Ingreso a la curva Colombia - Soberanos - Bonos Globales - USD,3126.0
2026-03-30T14:54:51-03:00,Curvas,Ingreso a la curva Corporativos - ONs Dollar Linked - ARS,3404.0
2026-03-30T14:54:51-03:00,Curvas,Ingreso a la curva Estados Unidos - Soberanos - Treasury Notes/Bonds - USD,2806.0
2026-03-30T14:54:51-03:00,Curvas,Ingreso a la curva Mexico - Soberanos - Bonos Globales - USD,4364.0
2026-03-30T14:54:51-03:00,Curvas,Ingreso a la curva Paraguay - Soberanos - Bonos Globales - USD,11109.0
2026-03-30T14:54:51-03:00,Curvas,Ingreso a la curva Soberanos - Letras del Tesoro Capitalizables (LECAP) - ARS,1180.0
2026-03-30T14:54:51-03:00,Curvas,Ingreso a la curva Soberanos - Ley Argentina - USD,1164.0
2026-03-30T14:54:51-03:00,Curvas,Ingreso a la curva Soberanos - Tasa Fija + CER - ARS,1695.0
2026-03-30T14:54:51-03:00,Curvas,"Ingreso a la pestaña ""BCRA""",150.0
2026-03-30T14:54:51-03:00,Curvas,"Ingreso a la pestaña ""Corporativos""",165.0
2026-03-30T14:54:51-03:00,Curvas,"Ingreso a la pestaña ""Soberanos""",183.0
2026-03-30T14:54:51-03:00,Curvas,"Ingreso a la pestaña ""SubSoberanos""",141.0
2026-03-30T14:54:51-03:00,Curvas,Ingreso en la pestaña Análisis online de la curva de: BCRA - BOPREALs - USD,2531.0
2026-03-30T14:54:51-03:00,Curvas,Ingreso en la pestaña Análisis online de la curva de: Corporativos - ONs Dollar Linked - ARS,3918.0
2026-03-30T14:54:51-03:00,Curvas,Ingreso en la pestaña Análisis online de la curva de: Soberanos - Letras del Tesoro Capitalizables (LECAP) - ARS,7457.0
2026-03-30T14:54:51-03:00,Curvas,Ingreso en la pestaña Análisis online de la curva de: Soberanos - Ley Argentina - USD,3002.0
2026-03-30T14:54:51-03:00,Curvas,Ingreso en la pestaña Análisis online de la curva de: Soberanos - Tasa Fija + CER - ARS,3007.0
2026-03-30T14:54:51-03:00,Graficador,Graficar la especie AL30,4991.0
2026-03-30T14:54:51-03:00,Graficador,Graficar todas las curvas,8770.0
2026-03-30T14:54:51-03:00,Graficador,Ingresar al menú Graficador,4730.0
2026-03-30T14:54:51-03:00,Mis portafolios,Agregar la cuarta especie al portafolio,3548.0
2026-03-30T14:54:51-03:00,Mis portafolios,Agregar la primera especie al portafolio,4632.0
2026-03-30T14:54:51-03:00,Mis portafolios,Agregar la segunda especie al portafolio,3965.0
2026-03-30T14:54:51-03:00,Mis portafolios,Agregar la tercera especie al portafolio,4175.0
2026-03-30T14:54:51-03:00,Mis portafolios,Crear un nuevo portafolio,7908.0
2026-03-30T14:54:51-03:00,Mis portafolios,Editar el portafolio,4399.0
2026-03-30T14:54:51-03:00,Mis portafolios,Eliminar el portafolio,2828.0
2026-03-30T14:54:51-03:00,Mis portafolios,Eliminar todas las especies del portafolio,6155.0
2026-03-30T14:54:51-03:00,Mis portafolios,Ingresar al menú Mis portafolios,922.0
2026-03-30T14:54:51-03:00,Mis portafolios,Navegabilidad entre las pestañas Proyección y Agenda de pagos en el portafolio,7023.0
2026-03-30T14:54:51-03:00,Screener,Búsqueda con filtros en Screener,7361.0
2026-03-30T14:54:51-03:00,Screener,Ingresar al menú Screener,6078.0
2026-03-30T14:54:51-03:00,Sensibilidad,Eliminar escenario,99.0
2026-03-30T14:54:51-03:00,Sensibilidad,Eliminar especie,106.0
2026-03-30T14:54:51-03:00,Sensibilidad,Ingresar al menú Sensibilidad,917.0
2026-03-30T14:54:51-03:00,Sensibilidad,Realizar Análisis de sensibilidad,6523.0
2026-03-31T14:37:48-03:00,Analizar,Analizar la especie  BDC28,2066.0
2026-03-31T14:37:48-03:00,Analizar,Analizar la especie AL30 ,4043.0
2026-03-31T14:37:48-03:00,Analizar,Analizar la especie PNRCO,1757.0
2026-03-31T14:37:48-03:00,Analizar,Analizar la especie TX28,2077.0
2026-03-31T14:37:48-03:00,Analizar,Armado de escenarios en Análisis de Sensibilidad de la especie AL30,19436.0
2026-03-31T14:37:48-03:00,Analizar,Armado de escenarios en Análisis de Sensibilidad de la especie BDC28,25336.0
2026-03-31T14:37:48-03:00,Analizar,Armado de escenarios en Análisis de Sensibilidad de la especie PNRCO,22632.0
2026-03-31T14:37:48-03:00,Analizar,Armado de escenarios en Análisis de Sensibilidad de la especie TX28,9933.0
2026-03-31T14:37:48-03:00,Analizar,Ingresar al Home,9108.0
2026-03-31T14:37:48-03:00,Analizar,Ingreso a la pestaña Condiciones de Emisión de la especie  AL30,2105.0
2026-03-31T14:37:48-03:00,Analizar,Ingreso a la pestaña Condiciones de Emisión de la especie BDC28,960.0
2026-03-31T14:37:48-03:00,Analizar,Ingreso a la pestaña Condiciones de Emisión de la especie PNRCO,667.0
2026-03-31T14:37:48-03:00,Analizar,Ingreso a la pestaña Condiciones de Emisión de la especie TX28,666.0
2026-03-31T14:37:48-03:00,Analizar,Navegabilidad por los botones TIRs y Paridades Históricas de la especie AL30,8745.0
2026-03-31T14:37:48-03:00,Analizar,Navegabilidad por los botones TIRs y Paridades Históricas de la especie BDC28,8121.0
2026-03-31T14:37:48-03:00,Analizar,Navegabilidad por los botones TIRs y Paridades Históricas de la especie PNRCO,4201.0
2026-03-31T14:37:48-03:00,Analizar,Navegabilidad por los botones TIRs y Paridades Históricas de la especie TX28,7421.0
2026-03-31T14:37:48-03:00,Analizar,Simular inversión de la especie AL30,7662.0
2026-03-31T14:37:48-03:00,Analizar,Simular inversión de la especie BDC28,19366.0
2026-03-31T14:37:48-03:00,Analizar,Simular inversión de la especie PNRCO,12655.0
2026-03-31T14:37:48-03:00,Analizar,Simular inversión de la especie TX28,3173.0
2026-03-31T14:37:48-03:00,Analizar,Validaciones en la pestaña General de la especie PNRCO,568.0
2026-03-31T14:37:48-03:00,Arbitraje,Arbitraje de las especies AL30 y TX28,10826.0
2026-03-31T14:37:48-03:00,Arbitraje,Ingresar al menú Arbitraje,825.0
2026-03-31T14:37:48-03:00,Arbitraje,"Navegabilidad entre las pestañas Paridad, Inversión y Scatter",12424.0
2026-03-31T14:37:48-03:00,Calculadora,"Editar P. Simulado, de la primera simulación",11590.0
2026-03-31T14:37:48-03:00,Calculadora,Editar la TIR de la primera simulación,3019.0
2026-03-31T14:37:48-03:00,Calculadora,Eliminar todas las simulaciones,273.0
2026-03-31T14:37:48-03:00,Calculadora,Ingresar al menú Calculadora,6059.0
2026-03-31T14:37:48-03:00,Calculadora,Simular inversiones de la especie AL30,100220.0
2026-03-31T14:37:48-03:00,Comparar,Eliminar las especies AL30 y TX28,4856.0
2026-03-31T14:37:48-03:00,Comparar,Ingresar al menú Comparar,897.0
2026-03-31T14:37:48-03:00,Comparar,Ir a Condiciones de Emisión,1217.0
2026-03-31T14:37:48-03:00,Comparar,Navegabilidad por pestañas gráficas,7319.0
2026-03-31T14:37:48-03:00,Comparar,Realizar comparativa entre las especies AL30 y TX28,10928.0
2026-03-31T14:37:48-03:00,Curvas,Ingresar a la pestaña Internacionales,418.0
2026-03-31T14:37:48-03:00,Curvas,Ingresar al menú Curvas,5891.0
2026-03-31T14:37:48-03:00,Curvas,Ingreso a la curva BCRA - BOPREALs - USD,1649.0
2026-03-31T14:37:48-03:00,Curvas,Ingreso a la curva Brasil - Soberanos - Bonos Globales - USD,9987.0
2026-03-31T14:37:48-03:00,Curvas,Ingreso a la curva Chile - Soberanos - Bonos Globales - USD,11953.0
2026-03-31T14:37:48-03:00,Curvas,Ingreso a la curva Colombia - Soberanos - Bonos Globales - USD,14833.0
2026-03-31T14:37:48-03:00,Curvas,Ingreso a la curva Corporativos - ONs Dollar Linked - ARS,24034.0
2026-03-31T14:37:48-03:00,Curvas,Ingreso a la curva Estados Unidos - Soberanos - Treasury Notes/Bonds - USD,6288.0
2026-03-31T14:37:48-03:00,Curvas,Ingreso a la curva Mexico - Soberanos - Bonos Globales - USD,29975.0
2026-03-31T14:37:48-03:00,Curvas,Ingreso a la curva Paraguay - Soberanos - Bonos Globales - USD,8855.0
2026-03-31T14:37:48-03:00,Curvas,Ingreso a la curva Soberanos - Letras del Tesoro Capitalizables (LECAP) - ARS,1930.0
2026-03-31T14:37:48-03:00,Curvas,Ingreso a la curva Soberanos - Ley Argentina - USD,1669.0
2026-03-31T14:37:48-03:00,Curvas,Ingreso a la curva Soberanos - Tasa Fija + CER - ARS,1653.0
2026-03-31T14:37:48-03:00,Curvas,"Ingreso a la pestaña ""BCRA""",146.0
2026-03-31T14:37:48-03:00,Curvas,"Ingreso a la pestaña ""Corporativos""",179.0
2026-03-31T14:37:48-03:00,Curvas,"Ingreso a la pestaña ""Soberanos""",255.0
2026-03-31T14:37:48-03:00,Curvas,"Ingreso a la pestaña ""SubSoberanos""",187.0
2026-03-31T14:37:48-03:00,Curvas,Ingreso en la pestaña Análisis online de la curva de: BCRA - BOPREALs - USD,2666.0
2026-03-31T14:37:48-03:00,Curvas,Ingreso en la pestaña Análisis online de la curva de: Corporativos - ONs Dollar Linked - ARS,6241.0
2026-03-31T14:37:48-03:00,Curvas,Ingreso en la pestaña Análisis online de la curva de: Soberanos - Letras del Tesoro Capitalizables (LECAP) - ARS,4300.0
2026-03-31T14:37:48-03:00,Curvas,Ingreso en la pestaña Análisis online de la curva de: Soberanos - Ley Argentina - USD,3451.0
2026-03-31T14:37:48-03:00,Curvas,Ingreso en la pestaña Análisis online de la curva de: Soberanos - Tasa Fija + CER - ARS,2092.0
2026-03-31T14:37:48-03:00,Graficador,Graficar la especie AL30,4839.0
2026-03-31T14:37:48-03:00,Graficador,Graficar todas las curvas,6965.0
2026-03-31T14:37:48-03:00,Graficador,Ingresar al menú Graficador,4581.0
2026-03-31T14:37:48-03:00,Mis portafolios,Agregar la cuarta especie al portafolio,3507.0
2026-03-31T14:37:48-03:00,Mis portafolios,Agregar la primera especie al portafolio,3324.0
2026-03-31T14:37:48-03:00,Mis portafolios,Agregar la segunda especie al portafolio,3194.0
2026-03-31T14:37:48-03:00,Mis portafolios,Agregar la tercera especie al portafolio,3265.0
2026-03-31T14:37:48-03:00,Mis portafolios,Crear un nuevo portafolio,7664.0
2026-03-31T14:37:48-03:00,Mis portafolios,Editar el portafolio,3525.0
2026-03-31T14:37:48-03:00,Mis portafolios,Eliminar el portafolio,2104.0
2026-03-31T14:37:48-03:00,Mis portafolios,Eliminar todas las especies del portafolio,3699.0
2026-03-31T14:37:48-03:00,Mis portafolios,Ingresar al menú Mis portafolios,819.0
2026-03-31T14:37:48-03:00,Mis portafolios,Navegabilidad entre las pestañas Proyección y Agenda de pagos en el portafolio,1969.0
2026-03-31T14:37:48-03:00,Screener,Búsqueda con filtros en Screener,6649.0
2026-03-31T14:37:48-03:00,Screener,Ingresar al menú Screener,7205.0
2026-03-31T14:37:48-03:00,Sensibilidad,Eliminar escenario,109.0
2026-03-31T14:37:48-03:00,Sensibilidad,Eliminar especie,108.0
2026-03-31T14:37:48-03:00,Sensibilidad,Ingresar al menú Sensibilidad,814.0
2026-03-31T14:37:48-03:00,Sensibilidad,Realizar Análisis de sensibilidad,6162.0
2026-03-31T15:24:05-03:00,Analizar,Analizar la especie  BDC28,2093.0
2026-03-31T15:24:05-03:00,Analizar,Analizar la especie AL30 ,2956.0
2026-03-31T15:24:05-03:00,Analizar,Analizar la especie PNRCO,6521.0
2026-03-31T15:24:05-03:00,Analizar,Analizar la especie TX28,2471.0
2026-03-31T15:24:05-03:00,Analizar,Armado de escenarios en Análisis de Sensibilidad de la especie AL30,19154.0
2026-03-31T15:24:05-03:00,Analizar,Armado de escenarios en Análisis de Sensibilidad de la especie BDC28,23115.0
2026-03-31T15:24:05-03:00,Analizar,Armado de escenarios en Análisis de Sensibilidad de la especie PNRCO,22240.0
2026-03-31T15:24:05-03:00,Analizar,Armado de escenarios en Análisis de Sensibilidad de la especie TX28,39740.0
2026-03-31T15:24:05-03:00,Analizar,Ingresar al Home,8303.0
2026-03-31T15:24:05-03:00,Analizar,Ingreso a la pestaña Condiciones de Emisión de la especie  AL30,561.0
2026-03-31T15:24:05-03:00,Analizar,Ingreso a la pestaña Condiciones de Emisión de la especie BDC28,717.0
2026-03-31T15:24:05-03:00,Analizar,Ingreso a la pestaña Condiciones de Emisión de la especie PNRCO,1636.0
2026-03-31T15:24:05-03:00,Analizar,Ingreso a la pestaña Condiciones de Emisión de la especie TX28,664.0
2026-03-31T15:24:05-03:00,Analizar,Navegabilidad por los botones TIRs y Paridades Históricas de la especie AL30,8088.0
2026-03-31T15:24:05-03:00,Analizar,Navegabilidad por los botones TIRs y Paridades Históricas de la especie BDC28,9316.0
2026-03-31T15:24:05-03:00,Analizar,Navegabilidad por los botones TIRs y Paridades Históricas de la especie PNRCO,4741.0
2026-03-31T15:24:05-03:00,Analizar,Navegabilidad por los botones TIRs y Paridades Históricas de la especie TX28,7868.0
2026-03-31T15:24:05-03:00,Analizar,Simular inversión de la especie AL30,4930.0
2026-03-31T15:24:05-03:00,Analizar,Simular inversión de la especie BDC28,27073.0
2026-03-31T15:24:05-03:00,Analizar,Simular inversión de la especie PNRCO,25927.0
2026-03-31T15:24:05-03:00,Analizar,Simular inversión de la especie TX28,3540.0
2026-03-31T15:24:05-03:00,Analizar,Validaciones en la pestaña General de la especie PNRCO,530.0
2026-03-31T15:24:05-03:00,Arbitraje,Arbitraje de las especies AL30 y TX28,22980.0
2026-03-31T15:24:05-03:00,Arbitraje,Ingresar al menú Arbitraje,835.0
2026-03-31T15:24:05-03:00,Arbitraje,"Navegabilidad entre las pestañas Paridad, Inversión y Scatter",12805.0
2026-03-31T15:24:05-03:00,Calculadora,"Editar P. Simulado, de la primera simulación",11539.0
2026-03-31T15:24:05-03:00,Calculadora,Editar la TIR de la primera simulación,3009.0
2026-03-31T15:24:05-03:00,Calculadora,Eliminar todas las simulaciones,290.0
2026-03-31T15:24:05-03:00,Calculadora,Ingresar al menú Calculadora,4243.0
2026-03-31T15:24:05-03:00,Calculadora,Simular inversiones de la especie AL30,101217.0
2026-03-31T15:24:05-03:00,Comparar,Eliminar las especies AL30 y TX28,4946.0
2026-03-31T15:24:05-03:00,Comparar,Ingresar al menú Comparar,892.0
2026-03-31T15:24:05-03:00,Comparar,Ir a Condiciones de Emisión,1035.0
2026-03-31T15:24:05-03:00,Comparar,Navegabilidad por pestañas gráficas,8514.0
2026-03-31T15:24:05-03:00,Comparar,Realizar comparativa entre las especies AL30 y TX28,11338.0
2026-03-31T15:24:05-03:00,Curvas,Ingresar a la pestaña Internacionales,456.0
2026-03-31T15:24:05-03:00,Curvas,Ingresar al menú Curvas,8246.0
2026-03-31T15:24:05-03:00,Curvas,Ingreso a la curva BCRA - BOPREALs - USD,2513.0
2026-03-31T15:24:05-03:00,Curvas,Ingreso a la curva Brasil - Soberanos - Bonos Globales - USD,2786.0
2026-03-31T15:24:05-03:00,Curvas,Ingreso a la curva Chile - Soberanos - Bonos Globales - USD,5985.0
2026-03-31T15:24:05-03:00,Curvas,Ingreso a la curva Colombia - Soberanos - Bonos Globales - USD,2660.0
2026-03-31T15:24:05-03:00,Curvas,Ingreso a la curva Corporativos - ONs Dollar Linked - ARS,3285.0
2026-03-31T15:24:05-03:00,Curvas,Ingreso a la curva Estados Unidos - Soberanos - Treasury Notes/Bonds - USD,2392.0
2026-03-31T15:24:05-03:00,Curvas,Ingreso a la curva Mexico - Soberanos - Bonos Globales - USD,3769.0
2026-03-31T15:24:05-03:00,Curvas,Ingreso a la curva Paraguay - Soberanos - Bonos Globales - USD,2128.0
2026-03-31T15:24:05-03:00,Curvas,Ingreso a la curva Soberanos - Letras del Tesoro Capitalizables (LECAP) - ARS,1625.0
2026-03-31T15:24:05-03:00,Curvas,Ingreso a la curva Soberanos - Ley Argentina - USD,1309.0
2026-03-31T15:24:05-03:00,Curvas,Ingreso a la curva Soberanos - Tasa Fija + CER - ARS,1387.0
2026-03-31T15:24:05-03:00,Curvas,"Ingreso a la pestaña ""BCRA""",161.0
2026-03-31T15:24:05-03:00,Curvas,"Ingreso a la pestaña ""Corporativos""",151.0
2026-03-31T15:24:05-03:00,Curvas,"Ingreso a la pestaña ""Soberanos""",269.0
2026-03-31T15:24:05-03:00,Curvas,"Ingreso a la pestaña ""SubSoberanos""",158.0
2026-03-31T15:24:05-03:00,Curvas,Ingreso en la pestaña Análisis online de la curva de: BCRA - BOPREALs - USD,3512.0
2026-03-31T15:24:05-03:00,Curvas,Ingreso en la pestaña Análisis online de la curva de: Corporativos - ONs Dollar Linked - ARS,15484.0
2026-03-31T15:24:05-03:00,Curvas,Ingreso en la pestaña Análisis online de la curva de: Soberanos - Letras del Tesoro Capitalizables (LECAP) - ARS,5333.0
2026-03-31T15:24:05-03:00,Curvas,Ingreso en la pestaña Análisis online de la curva de: Soberanos - Ley Argentina - USD,2860.0
2026-03-31T15:24:05-03:00,Curvas,Ingreso en la pestaña Análisis online de la curva de: Soberanos - Tasa Fija + CER - ARS,3659.0
2026-03-31T15:24:05-03:00,Graficador,Graficar la especie AL30,4443.0
2026-03-31T15:24:05-03:00,Graficador,Graficar todas las curvas,6803.0
2026-03-31T15:24:05-03:00,Graficador,Ingresar al menú Graficador,4930.0
2026-03-31T15:24:05-03:00,Mis portafolios,Agregar la cuarta especie al portafolio,3382.0
2026-03-31T15:24:05-03:00,Mis portafolios,Agregar la primera especie al portafolio,3410.0
2026-03-31T15:24:05-03:00,Mis portafolios,Agregar la segunda especie al portafolio,3374.0
2026-03-31T15:24:05-03:00,Mis portafolios,Agregar la tercera especie al portafolio,3615.0
2026-03-31T15:24:05-03:00,Mis portafolios,Crear un nuevo portafolio,6622.0
2026-03-31T15:24:05-03:00,Mis portafolios,Editar el portafolio,3079.0
2026-03-31T15:24:05-03:00,Mis portafolios,Eliminar el portafolio,2903.0
2026-03-31T15:24:05-03:00,Mis portafolios,Eliminar todas las especies del portafolio,3979.0
2026-03-31T15:24:05-03:00,Mis portafolios,Ingresar al menú Mis portafolios,882.0
2026-03-31T15:24:05-03:00,Mis portafolios,Navegabilidad entre las pestañas Proyección y Agenda de pagos en el portafolio,2013.0
2026-03-31T15:24:05-03:00,Screener,Búsqueda con filtros en Screener,24172.0
2026-03-31T15:24:05-03:00,Screener,Ingresar al menú Screener,4883.0
2026-03-31T15:24:05-03:00,Sensibilidad,Eliminar escenario,95.0
2026-03-31T15:24:05-03:00,Sensibilidad,Eliminar especie,106.0
2026-03-31T15:24:05-03:00,Sensibilidad,Ingresar al menú Sensibilidad,876.0
2026-03-31T15:24:05-03:00,Sensibilidad,Realizar Análisis de sensibilidad,8457.0
2026-04-01T14:37:02-03:00,Analizar,Analizar la especie  BDC28,1813.0
2026-04-01T14:37:02-03:00,Analizar,Analizar la especie AL30 ,2635.0
2026-04-01T14:37:02-03:00,Analizar,Analizar la especie PNRCO,1705.0
2026-04-01T14:37:02-03:00,Analizar,Analizar la especie TX28,1565.0
2026-04-01T14:37:02-03:00,Analizar,Armado de escenarios en Análisis de Sensibilidad de la especie AL30,11772.0
2026-04-01T14:37:02-03:00,Analizar,Armado de escenarios en Análisis de Sensibilidad de la especie BDC28,16760.0
2026-04-01T14:37:02-03:00,Analizar,Armado de escenarios en Análisis de Sensibilidad de la especie PNRCO,16570.0
2026-04-01T14:37:02-03:00,Analizar,Armado de escenarios en Análisis de Sensibilidad de la especie TX28,8068.0
2026-04-01T14:37:02-03:00,Analizar,Ingresar al Home,8186.0
2026-04-01T14:37:02-03:00,Analizar,Ingreso a la pestaña Condiciones de Emisión de la especie  AL30,571.0
2026-04-01T14:37:02-03:00,Analizar,Ingreso a la pestaña Condiciones de Emisión de la especie BDC28,833.0
2026-04-01T14:37:02-03:00,Analizar,Ingreso a la pestaña Condiciones de Emisión de la especie PNRCO,652.0
2026-04-01T14:37:02-03:00,Analizar,Ingreso a la pestaña Condiciones de Emisión de la especie TX28,553.0
2026-04-01T14:37:02-03:00,Analizar,Navegabilidad por los botones TIRs y Paridades Históricas de la especie AL30,8132.0
2026-04-01T14:37:02-03:00,Analizar,Navegabilidad por los botones TIRs y Paridades Históricas de la especie BDC28,8395.0
2026-04-01T14:37:02-03:00,Analizar,Navegabilidad por los botones TIRs y Paridades Históricas de la especie PNRCO,5721.0
2026-04-01T14:37:02-03:00,Analizar,Navegabilidad por los botones TIRs y Paridades Históricas de la especie TX28,8366.0
2026-04-01T14:37:02-03:00,Analizar,Simular inversión de la especie AL30,1918.0
2026-04-01T14:37:02-03:00,Analizar,Simular inversión de la especie BDC28,5107.0
2026-04-01T14:37:02-03:00,Analizar,Simular inversión de la especie PNRCO,4258.0
2026-04-01T14:37:02-03:00,Analizar,Simular inversión de la especie TX28,2001.0
2026-04-01T14:37:02-03:00,Analizar,Validaciones en la pestaña General de la especie PNRCO,2253.0
2026-04-01T14:37:02-03:00,Arbitraje,Arbitraje de las especies AL30 y TX28,10161.0
2026-04-01T14:37:02-03:00,Arbitraje,Ingresar al menú Arbitraje,910.0
2026-04-01T14:37:02-03:00,Arbitraje,"Navegabilidad entre las pestañas Paridad, Inversión y Scatter",11874.0
2026-04-01T14:37:02-03:00,Calculadora,"Editar P. Simulado, de la primera simulación",11229.0
2026-04-01T14:37:02-03:00,Calculadora,Editar la TIR de la primera simulación,3010.0
2026-04-01T14:37:02-03:00,Calculadora,Eliminar todas las simulaciones,290.0
2026-04-01T14:37:02-03:00,Calculadora,Ingresar al menú Calculadora,4831.0
2026-04-01T14:37:02-03:00,Calculadora,Simular inversiones de la especie AL30,105765.0
2026-04-01T14:37:02-03:00,Comparar,Eliminar las especies AL30 y TX28,4535.0
2026-04-01T14:37:02-03:00,Comparar,Ingresar al menú Comparar,963.0
2026-04-01T14:37:02-03:00,Comparar,Ir a Condiciones de Emisión,1064.0
2026-04-01T14:37:02-03:00,Comparar,Navegabilidad por pestañas gráficas,8037.0
2026-04-01T14:37:02-03:00,Comparar,Realizar comparativa entre las especies AL30 y TX28,17438.0
2026-04-01T14:37:02-03:00,Curvas,Ingresar a la pestaña Internacionales,456.0
2026-04-01T14:37:02-03:00,Curvas,Ingresar al menú Curvas,6810.0
2026-04-01T14:37:02-03:00,Curvas,Ingreso a la curva BCRA - BOPREALs - USD,1316.0
2026-04-01T14:37:02-03:00,Curvas,Ingreso a la curva Brasil - Soberanos - Bonos Globales - USD,29910.0
2026-04-01T14:37:02-03:00,Curvas,Ingreso a la curva Chile - Soberanos - Bonos Globales - USD,34815.0
2026-04-01T14:37:02-03:00,Curvas,Ingreso a la curva Colombia - Soberanos - Bonos Globales - USD,41696.0
2026-04-01T14:37:02-03:00,Curvas,Ingreso a la curva Corporativos - ONs Dollar Linked - ARS,3355.0
2026-04-01T14:37:02-03:00,Curvas,Ingreso a la curva Estados Unidos - Soberanos - Treasury Notes/Bonds - USD,12240.0
2026-04-01T14:37:02-03:00,Curvas,Ingreso a la curva Mexico - Soberanos - Bonos Globales - USD,72233.0
2026-04-01T14:37:02-03:00,Curvas,Ingreso a la curva Paraguay - Soberanos - Bonos Globales - USD,26825.0
2026-04-01T14:37:02-03:00,Curvas,Ingreso a la curva Soberanos - Letras del Tesoro Capitalizables (LECAP) - ARS,1277.0
2026-04-01T14:37:02-03:00,Curvas,Ingreso a la curva Soberanos - Ley Argentina - USD,1694.0
2026-04-01T14:37:02-03:00,Curvas,Ingreso a la curva Soberanos - Tasa Fija + CER - ARS,1612.0
2026-04-01T14:37:02-03:00,Curvas,"Ingreso a la pestaña ""BCRA""",145.0
2026-04-01T14:37:02-03:00,Curvas,"Ingreso a la pestaña ""Corporativos""",147.0
2026-04-01T14:37:02-03:00,Curvas,"Ingreso a la pestaña ""Soberanos""",226.0
2026-04-01T14:37:02-03:00,Curvas,"Ingreso a la pestaña ""SubSoberanos""",150.0
2026-04-01T14:37:02-03:00,Curvas,Ingreso en la pestaña Análisis online de la curva de: BCRA - BOPREALs - USD,5264.0
2026-04-01T14:37:02-03:00,Curvas,Ingreso en la pestaña Análisis online de la curva de: Corporativos - ONs Dollar Linked - ARS,3939.0
2026-04-01T14:37:02-03:00,Curvas,Ingreso en la pestaña Análisis online de la curva de: Soberanos - Letras del Tesoro Capitalizables (LECAP) - ARS,4874.0
2026-04-01T14:37:02-03:00,Curvas,Ingreso en la pestaña Análisis online de la curva de: Soberanos - Ley Argentina - USD,2659.0
2026-04-01T14:37:02-03:00,Curvas,Ingreso en la pestaña Análisis online de la curva de: Soberanos - Tasa Fija + CER - ARS,4911.0
2026-04-01T14:37:02-03:00,Graficador,Graficar la especie AL30,4329.0
2026-04-01T14:37:02-03:00,Graficador,Graficar todas las curvas,11652.0
2026-04-01T14:37:02-03:00,Graficador,Ingresar al menú Graficador,5106.0
2026-04-01T14:37:02-03:00,Mis portafolios,Agregar la cuarta especie al portafolio,3550.0
2026-04-01T14:37:02-03:00,Mis portafolios,Agregar la primera especie al portafolio,3350.0
2026-04-01T14:37:02-03:00,Mis portafolios,Agregar la segunda especie al portafolio,2862.0
2026-04-01T14:37:02-03:00,Mis portafolios,Agregar la tercera especie al portafolio,3461.0
2026-04-01T14:37:02-03:00,Mis portafolios,Crear un nuevo portafolio,6161.0
2026-04-01T14:37:02-03:00,Mis portafolios,Editar el portafolio,3279.0
2026-04-01T14:37:02-03:00,Mis portafolios,Eliminar el portafolio,2320.0
2026-04-01T14:37:02-03:00,Mis portafolios,Eliminar todas las especies del portafolio,3824.0
2026-04-01T14:37:02-03:00,Mis portafolios,Ingresar al menú Mis portafolios,962.0
2026-04-01T14:37:02-03:00,Mis portafolios,Navegabilidad entre las pestañas Proyección y Agenda de pagos en el portafolio,2041.0
2026-04-01T14:37:02-03:00,Screener,Búsqueda con filtros en Screener,7492.0
2026-04-01T14:37:02-03:00,Screener,Ingresar al menú Screener,6431.0
2026-04-01T14:37:02-03:00,Sensibilidad,Eliminar escenario,106.0
2026-04-01T14:37:02-03:00,Sensibilidad,Eliminar especie,116.0
2026-04-01T14:37:02-03:00,Sensibilidad,Ingresar al menú Sensibilidad,945.0
2026-04-01T14:37:02-03:00,Sensibilidad,Realizar Análisis de sensibilidad,6708.0
2026-04-06T14:32:47-03:00,Analizar,Analizar la especie  BDC28,2332.0
2026-04-06T14:32:47-03:00,Analizar,Analizar la especie AL30 ,2919.0
2026-04-06T14:32:47-03:00,Analizar,Analizar la especie PNRCO,1364.0
2026-04-06T14:32:47-03:00,Analizar,Analizar la especie TX28,1795.0
2026-04-06T14:32:47-03:00,Analizar,Armado de escenarios en Análisis de Sensibilidad de la especie AL30,20643.0
2026-04-06T14:32:47-03:00,Analizar,Armado de escenarios en Análisis de Sensibilidad de la especie BDC28,24255.0
2026-04-06T14:32:47-03:00,Analizar,Armado de escenarios en Análisis de Sensibilidad de la especie PNRCO,18193.0
2026-04-06T14:32:47-03:00,Analizar,Armado de escenarios en Análisis de Sensibilidad de la especie TX28,9367.0
2026-04-06T14:32:47-03:00,Analizar,Ingresar al Home,10224.0
2026-04-06T14:32:47-03:00,Analizar,Ingreso a la pestaña Condiciones de Emisión de la especie  AL30,557.0
2026-04-06T14:32:47-03:00,Analizar,Ingreso a la pestaña Condiciones de Emisión de la especie BDC28,758.0
2026-04-06T14:32:47-03:00,Analizar,Ingreso a la pestaña Condiciones de Emisión de la especie PNRCO,706.0
2026-04-06T14:32:47-03:00,Analizar,Ingreso a la pestaña Condiciones de Emisión de la especie TX28,938.0
2026-04-06T14:32:47-03:00,Analizar,Navegabilidad por los botones TIRs y Paridades Históricas de la especie AL30,7553.0
2026-04-06T14:32:47-03:00,Analizar,Navegabilidad por los botones TIRs y Paridades Históricas de la especie BDC28,7761.0
2026-04-06T14:32:47-03:00,Analizar,Navegabilidad por los botones TIRs y Paridades Históricas de la especie PNRCO,3259.0
2026-04-06T14:32:47-03:00,Analizar,Navegabilidad por los botones TIRs y Paridades Históricas de la especie TX28,7238.0
2026-04-06T14:32:47-03:00,Analizar,Simular inversión de la especie AL30,3121.0
2026-04-06T14:32:47-03:00,Analizar,Simular inversión de la especie BDC28,23227.0
2026-04-06T14:32:47-03:00,Analizar,Simular inversión de la especie PNRCO,14763.0
2026-04-06T14:32:47-03:00,Analizar,Simular inversión de la especie TX28,3338.0
2026-04-06T14:32:47-03:00,Analizar,Validaciones en la pestaña General de la especie PNRCO,1544.0
2026-04-06T14:32:47-03:00,Arbitraje,Arbitraje de las especies AL30 y TX28,11008.0
2026-04-06T14:32:47-03:00,Arbitraje,Ingresar al menú Arbitraje,849.0
2026-04-06T14:32:47-03:00,Arbitraje,"Navegabilidad entre las pestañas Paridad, Inversión y Scatter",13199.0
2026-04-06T14:32:47-03:00,Calculadora,"Editar P. Simulado, de la primera simulación",11099.0
2026-04-06T14:32:47-03:00,Calculadora,Editar la TIR de la primera simulación,2951.0
2026-04-06T14:32:47-03:00,Calculadora,Eliminar todas las simulaciones,266.0
2026-04-06T14:32:47-03:00,Calculadora,Ingresar al menú Calculadora,5656.0
2026-04-06T14:32:47-03:00,Calculadora,Simular inversiones de la especie AL30,95312.0
2026-04-06T14:32:47-03:00,Comparar,Eliminar las especies AL30 y TX28,4327.0
2026-04-06T14:32:47-03:00,Comparar,Ingresar al menú Comparar,879.0
2026-04-06T14:32:47-03:00,Comparar,Ir a Condiciones de Emisión,1118.0
2026-04-06T14:32:47-03:00,Comparar,Navegabilidad por pestañas gráficas,7882.0
2026-04-06T14:32:47-03:00,Comparar,Realizar comparativa entre las especies AL30 y TX28,14594.0
2026-04-06T14:32:47-03:00,Curvas,Ingresar a la pestaña Internacionales,405.0
2026-04-06T14:32:47-03:00,Curvas,Ingresar al menú Curvas,5075.0
2026-04-06T14:32:47-03:00,Curvas,Ingreso a la curva BCRA - BOPREALs - USD,1335.0
2026-04-06T14:32:47-03:00,Curvas,Ingreso a la curva Brasil - Soberanos - Bonos Globales - USD,11020.0
2026-04-06T14:32:47-03:00,Curvas,Ingreso a la curva Chile - Soberanos - Bonos Globales - USD,8876.0
2026-04-06T14:32:47-03:00,Curvas,Ingreso a la curva Colombia - Soberanos - Bonos Globales - USD,14537.0
2026-04-06T14:32:47-03:00,Curvas,Ingreso a la curva Corporativos - ONs Dollar Linked - ARS,3247.0
2026-04-06T14:32:47-03:00,Curvas,Ingreso a la curva Estados Unidos - Soberanos - Treasury Notes/Bonds - USD,5942.0
2026-04-06T14:32:47-03:00,Curvas,Ingreso a la curva Mexico - Soberanos - Bonos Globales - USD,22455.0
2026-04-06T14:32:47-03:00,Curvas,Ingreso a la curva Paraguay - Soberanos - Bonos Globales - USD,5914.0
2026-04-06T14:32:47-03:00,Curvas,Ingreso a la curva Soberanos - Letras del Tesoro Capitalizables (LECAP) - ARS,1222.0
2026-04-06T14:32:47-03:00,Curvas,Ingreso a la curva Soberanos - Ley Argentina - USD,1160.0
2026-04-06T14:32:47-03:00,Curvas,Ingreso a la curva Soberanos - Tasa Fija + CER - ARS,1678.0
2026-04-06T14:32:47-03:00,Curvas,"Ingreso a la pestaña ""BCRA""",131.0
2026-04-06T14:32:47-03:00,Curvas,"Ingreso a la pestaña ""Corporativos""",134.0
2026-04-06T14:32:47-03:00,Curvas,"Ingreso a la pestaña ""Soberanos""",219.0
2026-04-06T14:32:47-03:00,Curvas,"Ingreso a la pestaña ""SubSoberanos""",136.0
2026-04-06T14:32:47-03:00,Curvas,Ingreso en la pestaña Análisis online de la curva de: BCRA - BOPREALs - USD,3732.0
2026-04-06T14:32:47-03:00,Curvas,Ingreso en la pestaña Análisis online de la curva de: Corporativos - ONs Dollar Linked - ARS,4186.0
2026-04-06T14:32:47-03:00,Curvas,Ingreso en la pestaña Análisis online de la curva de: Soberanos - Letras del Tesoro Capitalizables (LECAP) - ARS,2855.0
2026-04-06T14:32:47-03:00,Curvas,Ingreso en la pestaña Análisis online de la curva de: Soberanos - Ley Argentina - USD,3104.0
2026-04-06T14:32:47-03:00,Curvas,Ingreso en la pestaña Análisis online de la curva de: Soberanos - Tasa Fija + CER - ARS,3362.0
2026-04-06T14:32:47-03:00,Graficador,Graficar la especie AL30,5152.0
2026-04-06T14:32:47-03:00,Graficador,Graficar todas las curvas,5935.0
2026-04-06T14:32:47-03:00,Graficador,Ingresar al menú Graficador,7790.0
2026-04-06T14:32:47-03:00,Mis portafolios,Agregar la cuarta especie al portafolio,3411.0
2026-04-06T14:32:47-03:00,Mis portafolios,Agregar la primera especie al portafolio,3478.0
2026-04-06T14:32:47-03:00,Mis portafolios,Agregar la segunda especie al portafolio,3481.0
2026-04-06T14:32:47-03:00,Mis portafolios,Agregar la tercera especie al portafolio,3906.0
2026-04-06T14:32:47-03:00,Mis portafolios,Crear un nuevo portafolio,6817.0
2026-04-06T14:32:47-03:00,Mis portafolios,Editar el portafolio,3138.0
2026-04-06T14:32:47-03:00,Mis portafolios,Eliminar el portafolio,648.0
2026-04-06T14:32:47-03:00,Mis portafolios,Eliminar todas las especies del portafolio,3648.0
2026-04-06T14:32:47-03:00,Mis portafolios,Ingresar al menú Mis portafolios,822.0
2026-04-06T14:32:47-03:00,Mis portafolios,Navegabilidad entre las pestañas Proyección y Agenda de pagos en el portafolio,2029.0
2026-04-06T14:32:47-03:00,Screener,Búsqueda con filtros en Screener,7254.0
2026-04-06T14:32:47-03:00,Screener,Ingresar al menú Screener,5464.0
2026-04-06T14:32:47-03:00,Sensibilidad,Eliminar escenario,102.0
2026-04-06T14:32:47-03:00,Sensibilidad,Eliminar especie,106.0
2026-04-06T14:32:47-03:00,Sensibilidad,Ingresar al menú Sensibilidad,896.0
2026-04-06T14:32:47-03:00,Sensibilidad,Realizar Análisis de sensibilidad,6584.0
2026-04-07T14:41:16-03:00,Analizar,Analizar la especie  BDC28,2019.0
2026-04-07T14:41:16-03:00,Analizar,Analizar la especie AL30 ,3368.0
2026-04-07T14:41:16-03:00,Analizar,Analizar la especie PNRCO,1671.0
2026-04-07T14:41:16-03:00,Analizar,Analizar la especie TX28,1895.0
2026-04-07T14:41:16-03:00,Analizar,Armado de escenarios en Análisis de Sensibilidad de la especie AL30,19452.0
2026-04-07T14:41:16-03:00,Analizar,Armado de escenarios en Análisis de Sensibilidad de la especie BDC28,28963.0
2026-04-07T14:41:16-03:00,Analizar,Armado de escenarios en Análisis de Sensibilidad de la especie PNRCO,26432.0
2026-04-07T14:41:16-03:00,Analizar,Armado de escenarios en Análisis de Sensibilidad de la especie TX28,10527.0
2026-04-07T14:41:16-03:00,Analizar,Ingresar al Home,7770.0
2026-04-07T14:41:16-03:00,Analizar,Ingreso a la pestaña Condiciones de Emisión de la especie  AL30,591.0
2026-04-07T14:41:16-03:00,Analizar,Ingreso a la pestaña Condiciones de Emisión de la especie BDC28,659.0
2026-04-07T14:41:16-03:00,Analizar,Ingreso a la pestaña Condiciones de Emisión de la especie PNRCO,789.0
2026-04-07T14:41:16-03:00,Analizar,Ingreso a la pestaña Condiciones de Emisión de la especie TX28,664.0
2026-04-07T14:41:16-03:00,Analizar,Navegabilidad por los botones TIRs y Paridades Históricas de la especie AL30,8353.0
2026-04-07T14:41:16-03:00,Analizar,Navegabilidad por los botones TIRs y Paridades Históricas de la especie BDC28,8280.0
2026-04-07T14:41:16-03:00,Analizar,Navegabilidad por los botones TIRs y Paridades Históricas de la especie PNRCO,4328.0
2026-04-07T14:41:16-03:00,Analizar,Navegabilidad por los botones TIRs y Paridades Históricas de la especie TX28,9352.0
2026-04-07T14:41:16-03:00,Analizar,Simular inversión de la especie AL30,3632.0
2026-04-07T14:41:16-03:00,Analizar,Simular inversión de la especie BDC28,30333.0
2026-04-07T14:41:16-03:00,Analizar,Simular inversión de la especie PNRCO,21521.0
2026-04-07T14:41:16-03:00,Analizar,Simular inversión de la especie TX28,3882.0
2026-04-07T14:41:16-03:00,Analizar,Validaciones en la pestaña General de la especie PNRCO,620.0
2026-04-07T14:41:16-03:00,Arbitraje,Arbitraje de las especies AL30 y TX28,12267.0
2026-04-07T14:41:16-03:00,Arbitraje,Ingresar al menú Arbitraje,861.0
2026-04-07T14:41:16-03:00,Arbitraje,"Navegabilidad entre las pestañas Paridad, Inversión y Scatter",32406.0
2026-04-07T14:41:16-03:00,Calculadora,"Editar P. Simulado, de la primera simulación",11137.0
2026-04-07T14:41:16-03:00,Calculadora,Editar la TIR de la primera simulación,2967.0
2026-04-07T14:41:16-03:00,Calculadora,Eliminar todas las simulaciones,284.0
2026-04-07T14:41:16-03:00,Calculadora,Ingresar al menú Calculadora,6062.0
2026-04-07T14:41:16-03:00,Calculadora,Simular inversiones de la especie AL30,97265.0
2026-04-07T14:41:16-03:00,Comparar,Eliminar las especies AL30 y TX28,4513.0
2026-04-07T14:41:16-03:00,Comparar,Ingresar al menú Comparar,893.0
2026-04-07T14:41:16-03:00,Comparar,Ir a Condiciones de Emisión,5536.0
2026-04-07T14:41:16-03:00,Comparar,Navegabilidad por pestañas gráficas,7646.0
2026-04-07T14:41:16-03:00,Comparar,Realizar comparativa entre las especies AL30 y TX28,22913.0
2026-04-07T14:41:16-03:00,Curvas,Ingresar a la pestaña Internacionales,425.0
2026-04-07T14:41:16-03:00,Curvas,Ingresar al menú Curvas,5284.0
2026-04-07T14:41:16-03:00,Curvas,Ingreso a la curva BCRA - BOPREALs - USD,1583.0
2026-04-07T14:41:16-03:00,Curvas,Ingreso a la curva Brasil - Soberanos - Bonos Globales - USD,28201.0
2026-04-07T14:41:16-03:00,Curvas,Ingreso a la curva Chile - Soberanos - Bonos Globales - USD,24911.0
2026-04-07T14:41:16-03:00,Curvas,Ingreso a la curva Colombia - Soberanos - Bonos Globales - USD,43232.0
2026-04-07T14:41:16-03:00,Curvas,Ingreso a la curva Corporativos - ONs Dollar Linked - ARS,15754.0
2026-04-07T14:41:16-03:00,Curvas,Ingreso a la curva Estados Unidos - Soberanos - Treasury Notes/Bonds - USD,17527.0
2026-04-07T14:41:16-03:00,Curvas,Ingreso a la curva Mexico - Soberanos - Bonos Globales - USD,75359.0
2026-04-07T14:41:16-03:00,Curvas,Ingreso a la curva Paraguay - Soberanos - Bonos Globales - USD,19414.0
2026-04-07T14:41:16-03:00,Curvas,Ingreso a la curva Soberanos - Letras del Tesoro Capitalizables (LECAP) - ARS,1257.0
2026-04-07T14:41:16-03:00,Curvas,Ingreso a la curva Soberanos - Ley Argentina - USD,1376.0
2026-04-07T14:41:16-03:00,Curvas,Ingreso a la curva Soberanos - Tasa Fija + CER - ARS,1268.0
2026-04-07T14:41:16-03:00,Curvas,"Ingreso a la pestaña ""BCRA""",182.0
2026-04-07T14:41:16-03:00,Curvas,"Ingreso a la pestaña ""Corporativos""",180.0
2026-04-07T14:41:16-03:00,Curvas,"Ingreso a la pestaña ""Soberanos""",239.0
2026-04-07T14:41:16-03:00,Curvas,"Ingreso a la pestaña ""SubSoberanos""",167.0
2026-04-07T14:41:16-03:00,Curvas,Ingreso en la pestaña Análisis online de la curva de: BCRA - BOPREALs - USD,2820.0
2026-04-07T14:41:16-03:00,Curvas,Ingreso en la pestaña Análisis online de la curva de: Corporativos - ONs Dollar Linked - ARS,16634.0
2026-04-07T14:41:16-03:00,Curvas,Ingreso en la pestaña Análisis online de la curva de: Soberanos - Letras del Tesoro Capitalizables (LECAP) - ARS,2630.0
2026-04-07T14:41:16-03:00,Curvas,Ingreso en la pestaña Análisis online de la curva de: Soberanos - Ley Argentina - USD,5055.0
2026-04-07T14:41:16-03:00,Curvas,Ingreso en la pestaña Análisis online de la curva de: Soberanos - Tasa Fija + CER - ARS,14428.0
2026-04-07T14:41:16-03:00,Graficador,Graficar la especie AL30,4255.0
2026-04-07T14:41:16-03:00,Graficador,Graficar todas las curvas,5737.0
2026-04-07T14:41:16-03:00,Graficador,Ingresar al menú Graficador,14835.0
2026-04-07T14:41:16-03:00,Mis portafolios,Agregar la cuarta especie al portafolio,3142.0
2026-04-07T14:41:16-03:00,Mis portafolios,Agregar la primera especie al portafolio,3449.0
2026-04-07T14:41:16-03:00,Mis portafolios,Agregar la segunda especie al portafolio,3513.0
2026-04-07T14:41:16-03:00,Mis portafolios,Agregar la tercera especie al portafolio,3321.0
2026-04-07T14:41:16-03:00,Mis portafolios,Crear un nuevo portafolio,5814.0
2026-04-07T14:41:16-03:00,Mis portafolios,Editar el portafolio,3399.0
2026-04-07T14:41:16-03:00,Mis portafolios,Eliminar el portafolio,3135.0
2026-04-07T14:41:16-03:00,Mis portafolios,Eliminar todas las especies del portafolio,4816.0
2026-04-07T14:41:16-03:00,Mis portafolios,Ingresar al menú Mis portafolios,867.0
2026-04-07T14:41:16-03:00,Mis portafolios,Navegabilidad entre las pestañas Proyección y Agenda de pagos en el portafolio,1843.0
2026-04-07T14:41:16-03:00,Screener,Búsqueda con filtros en Screener,6745.0
2026-04-07T14:41:16-03:00,Screener,Ingresar al menú Screener,4599.0
2026-04-07T14:41:16-03:00,Sensibilidad,Eliminar escenario,113.0
2026-04-07T14:41:16-03:00,Sensibilidad,Eliminar especie,112.0
2026-04-07T14:41:16-03:00,Sensibilidad,Ingresar al menú Sensibilidad,835.0
2026-04-07T14:41:16-03:00,Sensibilidad,Realizar Análisis de sensibilidad,6872.0
2026-04-08T14:41:24-03:00,Analizar,Analizar la especie  BDC28,2991.0
2026-04-08T14:41:24-03:00,Analizar,Analizar la especie AL30 ,2726.0
2026-04-08T14:41:24-03:00,Analizar,Analizar la especie PNRCO,1774.0
2026-04-08T14:41:24-03:00,Analizar,Analizar la especie TX28,2003.0
2026-04-08T14:41:24-03:00,Analizar,Armado de escenarios en Análisis de Sensibilidad de la especie AL30,22093.0
2026-04-08T14:41:24-03:00,Analizar,Armado de escenarios en Análisis de Sensibilidad de la especie BDC28,18434.0
2026-04-08T14:41:24-03:00,Analizar,Armado de escenarios en Análisis de Sensibilidad de la especie PNRCO,16049.0
2026-04-08T14:41:24-03:00,Analizar,Armado de escenarios en Análisis de Sensibilidad de la especie TX28,13501.0
2026-04-08T14:41:24-03:00,Analizar,Ingresar al Home,9663.0
2026-04-08T14:41:24-03:00,Analizar,Ingreso a la pestaña Condiciones de Emisión de la especie  AL30,770.0
2026-04-08T14:41:24-03:00,Analizar,Ingreso a la pestaña Condiciones de Emisión de la especie BDC28,839.0
2026-04-08T14:41:24-03:00,Analizar,Ingreso a la pestaña Condiciones de Emisión de la especie PNRCO,1040.0
2026-04-08T14:41:24-03:00,Analizar,Ingreso a la pestaña Condiciones de Emisión de la especie TX28,989.0
2026-04-08T14:41:24-03:00,Analizar,Navegabilidad por los botones TIRs y Paridades Históricas de la especie AL30,11707.0
2026-04-08T14:41:24-03:00,Analizar,Navegabilidad por los botones TIRs y Paridades Históricas de la especie BDC28,12227.0
2026-04-08T14:41:24-03:00,Analizar,Navegabilidad por los botones TIRs y Paridades Históricas de la especie PNRCO,5260.0
2026-04-08T14:41:24-03:00,Analizar,Navegabilidad por los botones TIRs y Paridades Históricas de la especie TX28,12067.0
2026-04-08T14:41:24-03:00,Analizar,Simular inversión de la especie AL30,2612.0
2026-04-08T14:41:24-03:00,Analizar,Simular inversión de la especie BDC28,8983.0
2026-04-08T14:41:24-03:00,Analizar,Simular inversión de la especie PNRCO,5345.0
2026-04-08T14:41:24-03:00,Analizar,Simular inversión de la especie TX28,2626.0
2026-04-08T14:41:24-03:00,Analizar,Validaciones en la pestaña General de la especie PNRCO,688.0
2026-04-08T14:41:24-03:00,Arbitraje,Arbitraje de las especies AL30 y TX28,13991.0
2026-04-08T14:41:24-03:00,Arbitraje,Ingresar al menú Arbitraje,865.0
2026-04-08T14:41:24-03:00,Arbitraje,"Navegabilidad entre las pestañas Paridad, Inversión y Scatter",13541.0
2026-04-08T14:41:24-03:00,Calculadora,"Editar P. Simulado, de la primera simulación",11108.0
2026-04-08T14:41:24-03:00,Calculadora,Editar la TIR de la primera simulación,3416.0
2026-04-08T14:41:24-03:00,Calculadora,Eliminar todas las simulaciones,542.0
2026-04-08T14:41:24-03:00,Calculadora,Ingresar al menú Calculadora,4843.0
2026-04-08T14:41:24-03:00,Calculadora,Simular inversiones de la especie AL30,103659.0
2026-04-08T14:41:24-03:00,Comparar,Eliminar las especies AL30 y TX28,5400.0
2026-04-08T14:41:24-03:00,Comparar,Ingresar al menú Comparar,830.0
2026-04-08T14:41:24-03:00,Comparar,Ir a Condiciones de Emisión,1250.0
2026-04-08T14:41:24-03:00,Comparar,Navegabilidad por pestañas gráficas,13486.0
2026-04-08T14:41:24-03:00,Comparar,Realizar comparativa entre las especies AL30 y TX28,15231.0
2026-04-08T14:41:24-03:00,Curvas,Ingresar a la pestaña Internacionales,446.0
2026-04-08T14:41:24-03:00,Curvas,Ingresar al menú Curvas,5510.0
2026-04-08T14:41:24-03:00,Curvas,Ingreso a la curva BCRA - BOPREALs - USD,1467.0
2026-04-08T14:41:24-03:00,Curvas,Ingreso a la curva Brasil - Soberanos - Bonos Globales - USD,3722.0
2026-04-08T14:41:24-03:00,Curvas,Ingreso a la curva Chile - Soberanos - Bonos Globales - USD,2900.0
2026-04-08T14:41:24-03:00,Curvas,Ingreso a la curva Colombia - Soberanos - Bonos Globales - USD,36038.0
2026-04-08T14:41:24-03:00,Curvas,Ingreso a la curva Corporativos - ONs Dollar Linked - ARS,14890.0
2026-04-08T14:41:24-03:00,Curvas,Ingreso a la curva Estados Unidos - Soberanos - Treasury Notes/Bonds - USD,2766.0
2026-04-08T14:41:24-03:00,Curvas,Ingreso a la curva Mexico - Soberanos - Bonos Globales - USD,4502.0
2026-04-08T14:41:24-03:00,Curvas,Ingreso a la curva Paraguay - Soberanos - Bonos Globales - USD,13166.0
2026-04-08T14:41:24-03:00,Curvas,Ingreso a la curva Soberanos - Letras del Tesoro Capitalizables (LECAP) - ARS,1322.0
2026-04-08T14:41:24-03:00,Curvas,Ingreso a la curva Soberanos - Ley Argentina - USD,1306.0
2026-04-08T14:41:24-03:00,Curvas,Ingreso a la curva Soberanos - Tasa Fija + CER - ARS,1632.0
2026-04-08T14:41:24-03:00,Curvas,"Ingreso a la pestaña ""BCRA""",155.0
2026-04-08T14:41:24-03:00,Curvas,"Ingreso a la pestaña ""Corporativos""",143.0
2026-04-08T14:41:24-03:00,Curvas,"Ingreso a la pestaña ""Soberanos""",230.0
2026-04-08T14:41:24-03:00,Curvas,"Ingreso a la pestaña ""SubSoberanos""",145.0
2026-04-08T14:41:24-03:00,Curvas,Ingreso en la pestaña Análisis online de la curva de: BCRA - BOPREALs - USD,2748.0
2026-04-08T14:41:24-03:00,Curvas,Ingreso en la pestaña Análisis online de la curva de: Corporativos - ONs Dollar Linked - ARS,6785.0
2026-04-08T14:41:24-03:00,Curvas,Ingreso en la pestaña Análisis online de la curva de: Soberanos - Letras del Tesoro Capitalizables (LECAP) - ARS,4805.0
2026-04-08T14:41:24-03:00,Curvas,Ingreso en la pestaña Análisis online de la curva de: Soberanos - Ley Argentina - USD,2784.0
2026-04-08T14:41:24-03:00,Curvas,Ingreso en la pestaña Análisis online de la curva de: Soberanos - Tasa Fija + CER - ARS,3578.0
2026-04-08T14:41:24-03:00,Graficador,Graficar la especie AL30,5930.0
2026-04-08T14:41:24-03:00,Graficador,Graficar todas las curvas,8349.0
2026-04-08T14:41:24-03:00,Graficador,Ingresar al menú Graficador,4311.0
2026-04-08T14:41:24-03:00,Mis portafolios,Agregar la cuarta especie al portafolio,3989.0
2026-04-08T14:41:24-03:00,Mis portafolios,Agregar la primera especie al portafolio,3995.0
2026-04-08T14:41:24-03:00,Mis portafolios,Agregar la segunda especie al portafolio,3420.0
2026-04-08T14:41:24-03:00,Mis portafolios,Agregar la tercera especie al portafolio,3714.0
2026-04-08T14:41:24-03:00,Mis portafolios,Crear un nuevo portafolio,6912.0
2026-04-08T14:41:24-03:00,Mis portafolios,Editar el portafolio,4288.0
2026-04-08T14:41:24-03:00,Mis portafolios,Eliminar el portafolio,2968.0
2026-04-08T14:41:24-03:00,Mis portafolios,Eliminar todas las especies del portafolio,4416.0
2026-04-08T14:41:24-03:00,Mis portafolios,Ingresar al menú Mis portafolios,899.0
2026-04-08T14:41:24-03:00,Mis portafolios,Navegabilidad entre las pestañas Proyección y Agenda de pagos en el portafolio,2287.0
2026-04-08T14:41:24-03:00,Screener,Búsqueda con filtros en Screener,7289.0
2026-04-08T14:41:24-03:00,Screener,Ingresar al menú Screener,5778.0
2026-04-08T14:41:24-03:00,Sensibilidad,Eliminar escenario,116.0
2026-04-08T14:41:24-03:00,Sensibilidad,Eliminar especie,127.0
2026-04-08T14:41:24-03:00,Sensibilidad,Ingresar al menú Sensibilidad,929.0
2026-04-08T14:41:24-03:00,Sensibilidad,Realizar Análisis de sensibilidad,5757.0
2026-04-09T14:44:28-03:00,Analizar,Analizar la especie  BDC28,2001.0
2026-04-09T14:44:28-03:00,Analizar,Analizar la especie AL30 ,3063.0
2026-04-09T14:44:28-03:00,Analizar,Analizar la especie PNRCO,1742.0
2026-04-09T14:44:28-03:00,Analizar,Analizar la especie TX28,1804.0
2026-04-09T14:44:28-03:00,Analizar,Armado de escenarios en Análisis de Sensibilidad de la especie AL30,18163.0
2026-04-09T14:44:28-03:00,Analizar,Armado de escenarios en Análisis de Sensibilidad de la especie BDC28,49257.0
2026-04-09T14:44:28-03:00,Analizar,Armado de escenarios en Análisis de Sensibilidad de la especie PNRCO,19224.0
2026-04-09T14:44:28-03:00,Analizar,Armado de escenarios en Análisis de Sensibilidad de la especie TX28,12802.0
2026-04-09T14:44:28-03:00,Analizar,Ingresar al Home,9303.0
2026-04-09T14:44:28-03:00,Analizar,Ingreso a la pestaña Condiciones de Emisión de la especie  AL30,783.0
2026-04-09T14:44:28-03:00,Analizar,Ingreso a la pestaña Condiciones de Emisión de la especie BDC28,925.0
2026-04-09T14:44:28-03:00,Analizar,Ingreso a la pestaña Condiciones de Emisión de la especie PNRCO,10190.0
2026-04-09T14:44:28-03:00,Analizar,Ingreso a la pestaña Condiciones de Emisión de la especie TX28,7302.0
2026-04-09T14:44:28-03:00,Analizar,Navegabilidad por los botones TIRs y Paridades Históricas de la especie AL30,11436.0
2026-04-09T14:44:28-03:00,Analizar,Navegabilidad por los botones TIRs y Paridades Históricas de la especie BDC28,11321.0
2026-04-09T14:44:28-03:00,Analizar,Navegabilidad por los botones TIRs y Paridades Históricas de la especie PNRCO,4506.0
2026-04-09T14:44:28-03:00,Analizar,Navegabilidad por los botones TIRs y Paridades Históricas de la especie TX28,11541.0
2026-04-09T14:44:28-03:00,Analizar,Simular inversión de la especie AL30,3030.0
2026-04-09T14:44:28-03:00,Analizar,Simular inversión de la especie BDC28,16967.0
2026-04-09T14:44:28-03:00,Analizar,Simular inversión de la especie PNRCO,19791.0
2026-04-09T14:44:28-03:00,Analizar,Simular inversión de la especie TX28,4705.0
2026-04-09T14:44:28-03:00,Analizar,Validaciones en la pestaña General de la especie PNRCO,489.0
2026-04-09T14:44:28-03:00,Arbitraje,Arbitraje de las especies AL30 y TX28,12165.0
2026-04-09T14:44:28-03:00,Arbitraje,Ingresar al menú Arbitraje,922.0
2026-04-09T14:44:28-03:00,Arbitraje,"Navegabilidad entre las pestañas Paridad, Inversión y Scatter",14742.0
2026-04-09T14:44:28-03:00,Calculadora,"Editar P. Simulado, de la primera simulación",11531.0
2026-04-09T14:44:28-03:00,Calculadora,Editar la TIR de la primera simulación,3011.0
2026-04-09T14:44:28-03:00,Calculadora,Eliminar todas las simulaciones,290.0
2026-04-09T14:44:28-03:00,Calculadora,Ingresar al menú Calculadora,6257.0
2026-04-09T14:44:28-03:00,Calculadora,Simular inversiones de la especie AL30,102902.0
2026-04-09T14:44:28-03:00,Comparar,Eliminar las especies AL30 y TX28,4913.0
2026-04-09T14:44:28-03:00,Comparar,Ingresar al menú Comparar,883.0
2026-04-09T14:44:28-03:00,Comparar,Ir a Condiciones de Emisión,1238.0
2026-04-09T14:44:28-03:00,Comparar,Navegabilidad por pestañas gráficas,9607.0
2026-04-09T14:44:28-03:00,Comparar,Realizar comparativa entre las especies AL30 y TX28,22771.0
2026-04-09T14:44:28-03:00,Curvas,Ingresar a la pestaña Internacionales,453.0
2026-04-09T14:44:28-03:00,Curvas,Ingresar al menú Curvas,6249.0
2026-04-09T14:44:28-03:00,Curvas,Ingreso a la curva BCRA - BOPREALs - USD,2158.0
2026-04-09T14:44:28-03:00,Curvas,Ingreso a la curva Brasil - Soberanos - Bonos Globales - USD,11741.0
2026-04-09T14:44:28-03:00,Curvas,Ingreso a la curva Chile - Soberanos - Bonos Globales - USD,26306.0
2026-04-09T14:44:28-03:00,Curvas,Ingreso a la curva Colombia - Soberanos - Bonos Globales - USD,39718.0
2026-04-09T14:44:28-03:00,Curvas,Ingreso a la curva Corporativos - ONs Dollar Linked - ARS,17091.0
2026-04-09T14:44:28-03:00,Curvas,Ingreso a la curva Estados Unidos - Soberanos - Treasury Notes/Bonds - USD,14948.0
2026-04-09T14:44:28-03:00,Curvas,Ingreso a la curva Mexico - Soberanos - Bonos Globales - USD,74280.0
2026-04-09T14:44:28-03:00,Curvas,Ingreso a la curva Paraguay - Soberanos - Bonos Globales - USD,18648.0
2026-04-09T14:44:28-03:00,Curvas,Ingreso a la curva Soberanos - Letras del Tesoro Capitalizables (LECAP) - ARS,1361.0
2026-04-09T14:44:28-03:00,Curvas,Ingreso a la curva Soberanos - Ley Argentina - USD,1350.0
2026-04-09T14:44:28-03:00,Curvas,Ingreso a la curva Soberanos - Tasa Fija + CER - ARS,3537.0
2026-04-09T14:44:28-03:00,Curvas,"Ingreso a la pestaña ""BCRA""",153.0
2026-04-09T14:44:28-03:00,Curvas,"Ingreso a la pestaña ""Corporativos""",161.0
2026-04-09T14:44:28-03:00,Curvas,"Ingreso a la pestaña ""Soberanos""",304.0
2026-04-09T14:44:28-03:00,Curvas,"Ingreso a la pestaña ""SubSoberanos""",183.0
2026-04-09T14:44:28-03:00,Curvas,Ingreso en la pestaña Análisis online de la curva de: BCRA - BOPREALs - USD,5049.0
2026-04-09T14:44:28-03:00,Curvas,Ingreso en la pestaña Análisis online de la curva de: Corporativos - ONs Dollar Linked - ARS,7537.0
2026-04-09T14:44:28-03:00,Curvas,Ingreso en la pestaña Análisis online de la curva de: Soberanos - Letras del Tesoro Capitalizables (LECAP) - ARS,33970.0
2026-04-09T14:44:28-03:00,Curvas,Ingreso en la pestaña Análisis online de la curva de: Soberanos - Ley Argentina - USD,2781.0
2026-04-09T14:44:28-03:00,Curvas,Ingreso en la pestaña Análisis online de la curva de: Soberanos - Tasa Fija + CER - ARS,6350.0
2026-04-09T14:44:28-03:00,Graficador,Graficar la especie AL30,4956.0
2026-04-09T14:44:28-03:00,Graficador,Graficar todas las curvas,6734.0
2026-04-09T14:44:28-03:00,Graficador,Ingresar al menú Graficador,6073.0
2026-04-09T14:44:28-03:00,Mis portafolios,Agregar la cuarta especie al portafolio,3393.0
2026-04-09T14:44:28-03:00,Mis portafolios,Agregar la primera especie al portafolio,3456.0
2026-04-09T14:44:28-03:00,Mis portafolios,Agregar la segunda especie al portafolio,3027.0
2026-04-09T14:44:28-03:00,Mis portafolios,Agregar la tercera especie al portafolio,3478.0
2026-04-09T14:44:28-03:00,Mis portafolios,Crear un nuevo portafolio,8625.0
2026-04-09T14:44:28-03:00,Mis portafolios,Editar el portafolio,2921.0
2026-04-09T14:44:28-03:00,Mis portafolios,Eliminar el portafolio,3814.0
2026-04-09T14:44:28-03:00,Mis portafolios,Eliminar todas las especies del portafolio,3923.0
2026-04-09T14:44:28-03:00,Mis portafolios,Ingresar al menú Mis portafolios,864.0
2026-04-09T14:44:28-03:00,Mis portafolios,Navegabilidad entre las pestañas Proyección y Agenda de pagos en el portafolio,1904.0
2026-04-09T14:44:28-03:00,Screener,Búsqueda con filtros en Screener,7144.0
2026-04-09T14:44:28-03:00,Screener,Ingresar al menú Screener,6693.0
2026-04-09T14:44:28-03:00,Sensibilidad,Eliminar escenario,95.0
2026-04-09T14:44:28-03:00,Sensibilidad,Eliminar especie,104.0
2026-04-09T14:44:28-03:00,Sensibilidad,Ingresar al menú Sensibilidad,928.0
2026-04-09T14:44:28-03:00,Sensibilidad,Realizar Análisis de sensibilidad,7534.0
2026-04-10T14:36:28-03:00,Analizar,Analizar la especie  BDC28,1910.0
2026-04-10T14:36:28-03:00,Analizar,Analizar la especie AL30 ,2870.0
2026-04-10T14:36:28-03:00,Analizar,Analizar la especie PNRCO,1754.0
2026-04-10T14:36:28-03:00,Analizar,Analizar la especie TX28,1790.0
2026-04-10T14:36:28-03:00,Analizar,Armado de escenarios en Análisis de Sensibilidad de la especie AL30,13338.0
2026-04-10T14:36:28-03:00,Analizar,Armado de escenarios en Análisis de Sensibilidad de la especie BDC28,18642.0
2026-04-10T14:36:28-03:00,Analizar,Armado de escenarios en Análisis de Sensibilidad de la especie PNRCO,16377.0
2026-04-10T14:36:28-03:00,Analizar,Armado de escenarios en Análisis de Sensibilidad de la especie TX28,8093.0
2026-04-10T14:36:28-03:00,Analizar,Ingresar al Home,8830.0
2026-04-10T14:36:28-03:00,Analizar,Ingreso a la pestaña Condiciones de Emisión de la especie  AL30,635.0
2026-04-10T14:36:28-03:00,Analizar,Ingreso a la pestaña Condiciones de Emisión de la especie BDC28,901.0
2026-04-10T14:36:28-03:00,Analizar,Ingreso a la pestaña Condiciones de Emisión de la especie PNRCO,704.0
2026-04-10T14:36:28-03:00,Analizar,Ingreso a la pestaña Condiciones de Emisión de la especie TX28,836.0
2026-04-10T14:36:28-03:00,Analizar,Navegabilidad por los botones TIRs y Paridades Históricas de la especie AL30,10931.0
2026-04-10T14:36:28-03:00,Analizar,Navegabilidad por los botones TIRs y Paridades Históricas de la especie BDC28,21434.0
2026-04-10T14:36:28-03:00,Analizar,Navegabilidad por los botones TIRs y Paridades Históricas de la especie PNRCO,6645.0
2026-04-10T14:36:28-03:00,Analizar,Navegabilidad por los botones TIRs y Paridades Históricas de la especie TX28,11777.0
2026-04-10T14:36:28-03:00,Analizar,Simular inversión de la especie AL30,2314.0
2026-04-10T14:36:28-03:00,Analizar,Simular inversión de la especie BDC28,7699.0
2026-04-10T14:36:28-03:00,Analizar,Simular inversión de la especie PNRCO,5611.0
2026-04-10T14:36:28-03:00,Analizar,Simular inversión de la especie TX28,2039.0
2026-04-10T14:36:28-03:00,Analizar,Validaciones en la pestaña General de la especie PNRCO,605.0
2026-04-10T14:36:28-03:00,Arbitraje,Arbitraje de las especies AL30 y TX28,14423.0
2026-04-10T14:36:28-03:00,Arbitraje,Ingresar al menú Arbitraje,841.0
2026-04-10T14:36:28-03:00,Arbitraje,"Navegabilidad entre las pestañas Paridad, Inversión y Scatter",16618.0
2026-04-10T14:36:28-03:00,Calculadora,"Editar P. Simulado, de la primera simulación",11135.0
2026-04-10T14:36:28-03:00,Calculadora,Editar la TIR de la primera simulación,3188.0
2026-04-10T14:36:28-03:00,Calculadora,Eliminar todas las simulaciones,272.0
2026-04-10T14:36:28-03:00,Calculadora,Ingresar al menú Calculadora,4297.0
2026-04-10T14:36:28-03:00,Calculadora,Simular inversiones de la especie AL30,100559.0
2026-04-10T14:36:28-03:00,Comparar,Eliminar las especies AL30 y TX28,4331.0
2026-04-10T14:36:28-03:00,Comparar,Ingresar al menú Comparar,824.0
2026-04-10T14:36:28-03:00,Comparar,Ir a Condiciones de Emisión,1082.0
2026-04-10T14:36:28-03:00,Comparar,Navegabilidad por pestañas gráficas,12642.0
2026-04-10T14:36:28-03:00,Comparar,Realizar comparativa entre las especies AL30 y TX28,13458.0
2026-04-10T14:36:28-03:00,Curvas,Ingresar a la pestaña Internacionales,443.0
2026-04-10T14:36:28-03:00,Curvas,Ingresar al menú Curvas,4850.0
2026-04-10T14:36:28-03:00,Curvas,Ingreso a la curva BCRA - BOPREALs - USD,1821.0
2026-04-10T14:36:28-03:00,Curvas,Ingreso a la curva Brasil - Soberanos - Bonos Globales - USD,33927.0
2026-04-10T14:36:28-03:00,Curvas,Ingreso a la curva Chile - Soberanos - Bonos Globales - USD,26622.0
2026-04-10T14:36:28-03:00,Curvas,Ingreso a la curva Colombia - Soberanos - Bonos Globales - USD,51293.0
2026-04-10T14:36:28-03:00,Curvas,Ingreso a la curva Corporativos - ONs Dollar Linked - ARS,16945.0
2026-04-10T14:36:28-03:00,Curvas,Ingreso a la curva Estados Unidos - Soberanos - Treasury Notes/Bonds - USD,15553.0
2026-04-10T14:36:28-03:00,Curvas,Ingreso a la curva Mexico - Soberanos - Bonos Globales - USD,49369.0
2026-04-10T14:36:28-03:00,Curvas,Ingreso a la curva Paraguay - Soberanos - Bonos Globales - USD,96365.0
2026-04-10T14:36:28-03:00,Curvas,Ingreso a la curva Soberanos - Letras del Tesoro Capitalizables (LECAP) - ARS,1321.0
2026-04-10T14:36:28-03:00,Curvas,Ingreso a la curva Soberanos - Ley Argentina - USD,1198.0
2026-04-10T14:36:28-03:00,Curvas,Ingreso a la curva Soberanos - Tasa Fija + CER - ARS,1627.0
2026-04-10T14:36:28-03:00,Curvas,"Ingreso a la pestaña ""BCRA""",151.0
2026-04-10T14:36:28-03:00,Curvas,"Ingreso a la pestaña ""Corporativos""",161.0
2026-04-10T14:36:28-03:00,Curvas,"Ingreso a la pestaña ""Soberanos""",305.0
2026-04-10T14:36:28-03:00,Curvas,"Ingreso a la pestaña ""SubSoberanos""",153.0
2026-04-10T14:36:28-03:00,Curvas,Ingreso en la pestaña Análisis online de la curva de: BCRA - BOPREALs - USD,3290.0
2026-04-10T14:36:28-03:00,Curvas,Ingreso en la pestaña Análisis online de la curva de: Corporativos - ONs Dollar Linked - ARS,5428.0
2026-04-10T14:36:28-03:00,Curvas,Ingreso en la pestaña Análisis online de la curva de: Soberanos - Letras del Tesoro Capitalizables (LECAP) - ARS,3118.0
2026-04-10T14:36:28-03:00,Curvas,Ingreso en la pestaña Análisis online de la curva de: Soberanos - Ley Argentina - USD,5273.0
2026-04-10T14:36:28-03:00,Curvas,Ingreso en la pestaña Análisis online de la curva de: Soberanos - Tasa Fija + CER - ARS,1607.0
2026-04-10T14:36:28-03:00,Graficador,Graficar la especie AL30,5535.0
2026-04-10T14:36:28-03:00,Graficador,Graficar todas las curvas,8176.0
2026-04-10T14:36:28-03:00,Graficador,Ingresar al menú Graficador,5290.0
2026-04-10T14:36:28-03:00,Mis portafolios,Agregar la cuarta especie al portafolio,3333.0
2026-04-10T14:36:28-03:00,Mis portafolios,Agregar la primera especie al portafolio,3675.0
2026-04-10T14:36:28-03:00,Mis portafolios,Agregar la segunda especie al portafolio,3332.0
2026-04-10T14:36:28-03:00,Mis portafolios,Agregar la tercera especie al portafolio,3436.0
2026-04-10T14:36:28-03:00,Mis portafolios,Crear un nuevo portafolio,7778.0
2026-04-10T14:36:28-03:00,Mis portafolios,Editar el portafolio,2901.0
2026-04-10T14:36:28-03:00,Mis portafolios,Eliminar el portafolio,3383.0
2026-04-10T14:36:28-03:00,Mis portafolios,Eliminar todas las especies del portafolio,4059.0
2026-04-10T14:36:28-03:00,Mis portafolios,Ingresar al menú Mis portafolios,1114.0
2026-04-10T14:36:28-03:00,Mis portafolios,Navegabilidad entre las pestañas Proyección y Agenda de pagos en el portafolio,1880.0
2026-04-10T14:36:28-03:00,Screener,Búsqueda con filtros en Screener,7273.0
2026-04-10T14:36:28-03:00,Screener,Ingresar al menú Screener,5844.0
2026-04-10T14:36:28-03:00,Sensibilidad,Eliminar escenario,100.0
2026-04-10T14:36:28-03:00,Sensibilidad,Eliminar especie,105.0
2026-04-10T14:36:28-03:00,Sensibilidad,Ingresar al menú Sensibilidad,836.0
2026-04-10T14:36:28-03:00,Sensibilidad,Realizar Análisis de sensibilidad,6450.0
2026-04-25T14:33:15-03:00,Analizar,Analizar la especie  BDC28,5200.0
2026-04-25T14:33:15-03:00,Analizar,Analizar la especie AL30 ,2794.0
2026-04-25T14:33:15-03:00,Analizar,Analizar la especie PNRCO,1565.0
2026-04-25T14:33:15-03:00,Analizar,Analizar la especie TX28,1845.0
2026-04-25T14:33:15-03:00,Analizar,Armado de escenarios en Análisis de Sensibilidad de la especie AL30,19330.0
2026-04-25T14:33:15-03:00,Analizar,Armado de escenarios en Análisis de Sensibilidad de la especie BDC28,26463.0
2026-04-25T14:33:15-03:00,Analizar,Armado de escenarios en Análisis de Sensibilidad de la especie PNRCO,22371.0
2026-04-25T14:33:15-03:00,Analizar,Armado de escenarios en Análisis de Sensibilidad de la especie TX28,14753.0
2026-04-25T14:33:15-03:00,Analizar,Ingresar al Home,8058.0
2026-04-25T14:33:15-03:00,Analizar,Ingreso a la pestaña Condiciones de Emisión de la especie  AL30,590.0
2026-04-25T14:33:15-03:00,Analizar,Ingreso a la pestaña Condiciones de Emisión de la especie BDC28,997.0
2026-04-25T14:33:15-03:00,Analizar,Ingreso a la pestaña Condiciones de Emisión de la especie PNRCO,584.0
2026-04-25T14:33:15-03:00,Analizar,Ingreso a la pestaña Condiciones de Emisión de la especie TX28,732.0
2026-04-25T14:33:15-03:00,Analizar,Navegabilidad por los botones TIRs y Paridades Históricas de la especie AL30,8103.0
2026-04-25T14:33:15-03:00,Analizar,Navegabilidad por los botones TIRs y Paridades Históricas de la especie BDC28,7233.0
2026-04-25T14:33:15-03:00,Analizar,Navegabilidad por los botones TIRs y Paridades Históricas de la especie PNRCO,4042.0
2026-04-25T14:33:15-03:00,Analizar,Navegabilidad por los botones TIRs y Paridades Históricas de la especie TX28,7153.0
2026-04-25T14:33:15-03:00,Analizar,Simular inversión de la especie AL30,3956.0
2026-04-25T14:33:15-03:00,Analizar,Simular inversión de la especie BDC28,27127.0
2026-04-25T14:33:15-03:00,Analizar,Simular inversión de la especie PNRCO,15180.0
2026-04-25T14:33:15-03:00,Analizar,Simular inversión de la especie TX28,5483.0
2026-04-25T14:33:15-03:00,Analizar,Validaciones en la pestaña General de la especie PNRCO,476.0
2026-04-25T14:33:15-03:00,Arbitraje,Arbitraje de las especies AL30 y TX28,10549.0
2026-04-25T14:33:15-03:00,Arbitraje,Ingresar al menú Arbitraje,853.0
2026-04-25T14:33:15-03:00,Arbitraje,"Navegabilidad entre las pestañas Paridad, Inversión y Scatter",13971.0
2026-04-25T14:33:15-03:00,Calculadora,"Editar P. Simulado, de la primera simulación",11515.0
2026-04-25T14:33:15-03:00,Calculadora,Editar la TIR de la primera simulación,3203.0
2026-04-25T14:33:15-03:00,Calculadora,Eliminar todas las simulaciones,276.0
2026-04-25T14:33:15-03:00,Calculadora,Ingresar al menú Calculadora,5555.0
2026-04-25T14:33:15-03:00,Calculadora,Simular inversiones de la especie AL30,95807.0
2026-04-25T14:33:15-03:00,Comparar,Eliminar las especies AL30 y TX28,4493.0
2026-04-25T14:33:15-03:00,Comparar,Ingresar al menú Comparar,885.0
2026-04-25T14:33:15-03:00,Comparar,Ir a Condiciones de Emisión,1086.0
2026-04-25T14:33:15-03:00,Comparar,Navegabilidad por pestañas gráficas,6574.0
2026-04-25T14:33:15-03:00,Comparar,Realizar comparativa entre las especies AL30 y TX28,11767.0
2026-04-25T14:33:15-03:00,Curvas,Ingresar a la pestaña Internacionales,421.0
2026-04-25T14:33:15-03:00,Curvas,Ingresar al menú Curvas,5132.0
2026-04-25T14:33:15-03:00,Curvas,Ingreso a la curva BCRA - BOPREALs - USD,1423.0
2026-04-25T14:33:15-03:00,Curvas,Ingreso a la curva Brasil - Soberanos - Bonos Globales - USD,22119.0
2026-04-25T14:33:15-03:00,Curvas,Ingreso a la curva Chile - Soberanos - Bonos Globales - USD,50102.0
2026-04-25T14:33:15-03:00,Curvas,Ingreso a la curva Colombia - Soberanos - Bonos Globales - USD,72367.0
2026-04-25T14:33:15-03:00,Curvas,Ingreso a la curva Corporativos - ONs Dollar Linked - ARS,11001.0
2026-04-25T14:33:15-03:00,Curvas,Ingreso a la curva Estados Unidos - Soberanos - Treasury Notes/Bonds - USD,18885.0
2026-04-25T14:33:15-03:00,Curvas,Ingreso a la curva Mexico - Soberanos - Bonos Globales - USD,80387.0
2026-04-25T14:33:15-03:00,Curvas,Ingreso a la curva Paraguay - Soberanos - Bonos Globales - USD,26421.0
2026-04-25T14:33:15-03:00,Curvas,Ingreso a la curva Soberanos - Letras del Tesoro Capitalizables (LECAP) - ARS,1577.0
2026-04-25T14:33:15-03:00,Curvas,Ingreso a la curva Soberanos - Ley Argentina - USD,1257.0
2026-04-25T14:33:15-03:00,Curvas,Ingreso a la curva Soberanos - Tasa Fija + CER - ARS,1797.0
2026-04-25T14:33:15-03:00,Curvas,"Ingreso a la pestaña ""BCRA""",132.0
2026-04-25T14:33:15-03:00,Curvas,"Ingreso a la pestaña ""Corporativos""",150.0
2026-04-25T14:33:15-03:00,Curvas,"Ingreso a la pestaña ""Soberanos""",255.0
2026-04-25T14:33:15-03:00,Curvas,"Ingreso a la pestaña ""SubSoberanos""",138.0
2026-04-25T14:33:15-03:00,Curvas,Ingreso en la pestaña Análisis online de la curva de: BCRA - BOPREALs - USD,4047.0
2026-04-25T14:33:15-03:00,Curvas,Ingreso en la pestaña Análisis online de la curva de: Corporativos - ONs Dollar Linked - ARS,5068.0
2026-04-25T14:33:15-03:00,Curvas,Ingreso en la pestaña Análisis online de la curva de: Soberanos - Letras del Tesoro Capitalizables (LECAP) - ARS,2500.0
2026-04-25T14:33:15-03:00,Curvas,Ingreso en la pestaña Análisis online de la curva de: Soberanos - Ley Argentina - USD,3442.0
2026-04-25T14:33:15-03:00,Curvas,Ingreso en la pestaña Análisis online de la curva de: Soberanos - Tasa Fija + CER - ARS,3221.0
2026-04-25T14:33:15-03:00,Graficador,Graficar la especie AL30,3964.0
2026-04-25T14:33:15-03:00,Graficador,Graficar todas las curvas,5931.0
2026-04-25T14:33:15-03:00,Graficador,Ingresar al menú Graficador,6036.0
2026-04-25T14:33:15-03:00,Mis portafolios,Agregar la cuarta especie al portafolio,3283.0
2026-04-25T14:33:15-03:00,Mis portafolios,Agregar la primera especie al portafolio,3441.0
2026-04-25T14:33:15-03:00,Mis portafolios,Agregar la segunda especie al portafolio,3053.0
2026-04-25T14:33:15-03:00,Mis portafolios,Agregar la tercera especie al portafolio,3384.0
2026-04-25T14:33:15-03:00,Mis portafolios,Crear un nuevo portafolio,7294.0
2026-04-25T14:33:15-03:00,Mis portafolios,Editar el portafolio,3098.0
2026-04-25T14:33:15-03:00,Mis portafolios,Eliminar el portafolio,3649.0
2026-04-25T14:33:15-03:00,Mis portafolios,Eliminar todas las especies del portafolio,4030.0
2026-04-25T14:33:15-03:00,Mis portafolios,Ingresar al menú Mis portafolios,851.0
2026-04-25T14:33:15-03:00,Mis portafolios,Navegabilidad entre las pestañas Proyección y Agenda de pagos en el portafolio,1870.0
2026-04-25T14:33:15-03:00,Screener,Búsqueda con filtros en Screener,7468.0
2026-04-25T14:33:15-03:00,Screener,Ingresar al menú Screener,7683.0
2026-04-25T14:33:15-03:00,Sensibilidad,Eliminar escenario,94.0
2026-04-25T14:33:15-03:00,Sensibilidad,Eliminar especie,100.0
2026-04-25T14:33:15-03:00,Sensibilidad,Ingresar al menú Sensibilidad,856.0
2026-04-25T14:33:15-03:00,Sensibilidad,Realizar Análisis de sensibilidad,8460.0
2026-04-26T14:32:22-03:00,Analizar,Analizar la especie  BDC28,1741.0
2026-04-26T14:32:22-03:00,Analizar,Analizar la especie AL30 ,2537.0
2026-04-26T14:32:22-03:00,Analizar,Analizar la especie PNRCO,1907.0
2026-04-26T14:32:22-03:00,Analizar,Analizar la especie TX28,1837.0
2026-04-26T14:32:22-03:00,Analizar,Armado de escenarios en Análisis de Sensibilidad de la especie AL30,19938.0
2026-04-26T14:32:22-03:00,Analizar,Armado de escenarios en Análisis de Sensibilidad de la especie BDC28,24729.0
2026-04-26T14:32:22-03:00,Analizar,Armado de escenarios en Análisis de Sensibilidad de la especie PNRCO,18215.0
2026-04-26T14:32:22-03:00,Analizar,Armado de escenarios en Análisis de Sensibilidad de la especie TX28,14281.0
2026-04-26T14:32:22-03:00,Analizar,Ingresar al Home,7838.0
2026-04-26T14:32:22-03:00,Analizar,Ingreso a la pestaña Condiciones de Emisión de la especie  AL30,580.0
2026-04-26T14:32:22-03:00,Analizar,Ingreso a la pestaña Condiciones de Emisión de la especie BDC28,690.0
2026-04-26T14:32:22-03:00,Analizar,Ingreso a la pestaña Condiciones de Emisión de la especie PNRCO,617.0
2026-04-26T14:32:22-03:00,Analizar,Ingreso a la pestaña Condiciones de Emisión de la especie TX28,808.0
2026-04-26T14:32:22-03:00,Analizar,Navegabilidad por los botones TIRs y Paridades Históricas de la especie AL30,8771.0
2026-04-26T14:32:22-03:00,Analizar,Navegabilidad por los botones TIRs y Paridades Históricas de la especie BDC28,8249.0
2026-04-26T14:32:22-03:00,Analizar,Navegabilidad por los botones TIRs y Paridades Históricas de la especie PNRCO,3622.0
2026-04-26T14:32:22-03:00,Analizar,Navegabilidad por los botones TIRs y Paridades Históricas de la especie TX28,7019.0
2026-04-26T14:32:22-03:00,Analizar,Simular inversión de la especie AL30,3651.0
2026-04-26T14:32:22-03:00,Analizar,Simular inversión de la especie BDC28,22859.0
2026-04-26T14:32:22-03:00,Analizar,Simular inversión de la especie PNRCO,12582.0
2026-04-26T14:32:22-03:00,Analizar,Simular inversión de la especie TX28,4869.0
2026-04-26T14:32:22-03:00,Analizar,Validaciones en la pestaña General de la especie PNRCO,478.0
2026-04-26T14:32:22-03:00,Arbitraje,Arbitraje de las especies AL30 y TX28,11409.0
2026-04-26T14:32:22-03:00,Arbitraje,Ingresar al menú Arbitraje,828.0
2026-04-26T14:32:22-03:00,Arbitraje,"Navegabilidad entre las pestañas Paridad, Inversión y Scatter",15290.0
2026-04-26T14:32:22-03:00,Calculadora,"Editar P. Simulado, de la primera simulación",11471.0
2026-04-26T14:32:22-03:00,Calculadora,Editar la TIR de la primera simulación,2986.0
2026-04-26T14:32:22-03:00,Calculadora,Eliminar todas las simulaciones,258.0
2026-04-26T14:32:22-03:00,Calculadora,Ingresar al menú Calculadora,5229.0
2026-04-26T14:32:22-03:00,Calculadora,Simular inversiones de la especie AL30,96979.0
2026-04-26T14:32:22-03:00,Comparar,Eliminar las especies AL30 y TX28,4213.0
2026-04-26T14:32:22-03:00,Comparar,Ingresar al menú Comparar,890.0
2026-04-26T14:32:22-03:00,Comparar,Ir a Condiciones de Emisión,1196.0
2026-04-26T14:32:22-03:00,Comparar,Navegabilidad por pestañas gráficas,7426.0
2026-04-26T14:32:22-03:00,Comparar,Realizar comparativa entre las especies AL30 y TX28,12963.0
2026-04-26T14:32:22-03:00,Curvas,Ingresar a la pestaña Internacionales,404.0
2026-04-26T14:32:22-03:00,Curvas,Ingresar al menú Curvas,5931.0
2026-04-26T14:32:22-03:00,Curvas,Ingreso a la curva BCRA - BOPREALs - USD,1312.0
2026-04-26T14:32:22-03:00,Curvas,Ingreso a la curva Brasil - Soberanos - Bonos Globales - USD,59314.0
2026-04-26T14:32:22-03:00,Curvas,Ingreso a la curva Chile - Soberanos - Bonos Globales - USD,19332.0
2026-04-26T14:32:22-03:00,Curvas,Ingreso a la curva Colombia - Soberanos - Bonos Globales - USD,68190.0
2026-04-26T14:32:22-03:00,Curvas,Ingreso a la curva Corporativos - ONs Dollar Linked - ARS,3626.0
2026-04-26T14:32:22-03:00,Curvas,Ingreso a la curva Estados Unidos - Soberanos - Treasury Notes/Bonds - USD,11123.0
2026-04-26T14:32:22-03:00,Curvas,Ingreso a la curva Mexico - Soberanos - Bonos Globales - USD,39362.0
2026-04-26T14:32:22-03:00,Curvas,Ingreso a la curva Paraguay - Soberanos - Bonos Globales - USD,28294.0
2026-04-26T14:32:22-03:00,Curvas,Ingreso a la curva Soberanos - Letras del Tesoro Capitalizables (LECAP) - ARS,1447.0
2026-04-26T14:32:22-03:00,Curvas,Ingreso a la curva Soberanos - Ley Argentina - USD,1460.0
2026-04-26T14:32:22-03:00,Curvas,Ingreso a la curva Soberanos - Tasa Fija + CER - ARS,1604.0
2026-04-26T14:32:22-03:00,Curvas,"Ingreso a la pestaña ""BCRA""",146.0
2026-04-26T14:32:22-03:00,Curvas,"Ingreso a la pestaña ""Corporativos""",147.0
2026-04-26T14:32:22-03:00,Curvas,"Ingreso a la pestaña ""Soberanos""",262.0
2026-04-26T14:32:22-03:00,Curvas,"Ingreso a la pestaña ""SubSoberanos""",172.0
2026-04-26T14:32:22-03:00,Curvas,Ingreso en la pestaña Análisis online de la curva de: BCRA - BOPREALs - USD,2750.0
2026-04-26T14:32:22-03:00,Curvas,Ingreso en la pestaña Análisis online de la curva de: Corporativos - ONs Dollar Linked - ARS,2953.0
2026-04-26T14:32:22-03:00,Curvas,Ingreso en la pestaña Análisis online de la curva de: Soberanos - Letras del Tesoro Capitalizables (LECAP) - ARS,1737.0
2026-04-26T14:32:22-03:00,Curvas,Ingreso en la pestaña Análisis online de la curva de: Soberanos - Ley Argentina - USD,4088.0
2026-04-26T14:32:22-03:00,Curvas,Ingreso en la pestaña Análisis online de la curva de: Soberanos - Tasa Fija + CER - ARS,1902.0
2026-04-26T14:32:22-03:00,Graficador,Graficar la especie AL30,4568.0
2026-04-26T14:32:22-03:00,Graficador,Graficar todas las curvas,8284.0
2026-04-26T14:32:22-03:00,Graficador,Ingresar al menú Graficador,5849.0
2026-04-26T14:32:22-03:00,Mis portafolios,Agregar la cuarta especie al portafolio,3572.0
2026-04-26T14:32:22-03:00,Mis portafolios,Agregar la primera especie al portafolio,3327.0
2026-04-26T14:32:22-03:00,Mis portafolios,Agregar la segunda especie al portafolio,3203.0
2026-04-26T14:32:22-03:00,Mis portafolios,Agregar la tercera especie al portafolio,3606.0
2026-04-26T14:32:22-03:00,Mis portafolios,Crear un nuevo portafolio,7266.0
2026-04-26T14:32:22-03:00,Mis portafolios,Editar el portafolio,3260.0
2026-04-26T14:32:22-03:00,Mis portafolios,Eliminar el portafolio,2220.0
2026-04-26T14:32:22-03:00,Mis portafolios,Eliminar todas las especies del portafolio,3447.0
2026-04-26T14:32:22-03:00,Mis portafolios,Ingresar al menú Mis portafolios,821.0
2026-04-26T14:32:22-03:00,Mis portafolios,Navegabilidad entre las pestañas Proyección y Agenda de pagos en el portafolio,1837.0
2026-04-26T14:32:22-03:00,Screener,Búsqueda con filtros en Screener,8153.0
2026-04-26T14:32:22-03:00,Screener,Ingresar al menú Screener,6139.0
2026-04-26T14:32:22-03:00,Sensibilidad,Eliminar escenario,102.0
2026-04-26T14:32:22-03:00,Sensibilidad,Eliminar especie,122.0
2026-04-26T14:32:22-03:00,Sensibilidad,Ingresar al menú Sensibilidad,951.0
2026-04-26T14:32:22-03:00,Sensibilidad,Realizar Análisis de sensibilidad,7269.0
2026-04-27T14:46:36-03:00,Analizar,Analizar la especie  BDC28,2095.0
2026-04-27T14:46:36-03:00,Analizar,Analizar la especie AL30 ,2695.0
2026-04-27T14:46:36-03:00,Analizar,Analizar la especie PNRCO,1411.0
2026-04-27T14:46:36-03:00,Analizar,Analizar la especie TX28,1866.0
2026-04-27T14:46:36-03:00,Analizar,Armado de escenarios en Análisis de Sensibilidad de la especie AL30,17876.0
2026-04-27T14:46:36-03:00,Analizar,Armado de escenarios en Análisis de Sensibilidad de la especie BDC28,24689.0
2026-04-27T14:46:36-03:00,Analizar,Armado de escenarios en Análisis de Sensibilidad de la especie PNRCO,19690.0
2026-04-27T14:46:36-03:00,Analizar,Armado de escenarios en Análisis de Sensibilidad de la especie TX28,13410.0
2026-04-27T14:46:36-03:00,Analizar,Ingresar al Home,6794.0
2026-04-27T14:46:36-03:00,Analizar,Ingreso a la pestaña Condiciones de Emisión de la especie  AL30,654.0
2026-04-27T14:46:36-03:00,Analizar,Ingreso a la pestaña Condiciones de Emisión de la especie BDC28,1057.0
2026-04-27T14:46:36-03:00,Analizar,Ingreso a la pestaña Condiciones de Emisión de la especie PNRCO,654.0
2026-04-27T14:46:36-03:00,Analizar,Ingreso a la pestaña Condiciones de Emisión de la especie TX28,985.0
2026-04-27T14:46:36-03:00,Analizar,Navegabilidad por los botones TIRs y Paridades Históricas de la especie AL30,10078.0
2026-04-27T14:46:36-03:00,Analizar,Navegabilidad por los botones TIRs y Paridades Históricas de la especie BDC28,12543.0
2026-04-27T14:46:36-03:00,Analizar,Navegabilidad por los botones TIRs y Paridades Históricas de la especie PNRCO,3541.0
2026-04-27T14:46:36-03:00,Analizar,Navegabilidad por los botones TIRs y Paridades Históricas de la especie TX28,7282.0
2026-04-27T14:46:36-03:00,Analizar,Simular inversión de la especie AL30,2797.0
2026-04-27T14:46:36-03:00,Analizar,Simular inversión de la especie BDC28,18544.0
2026-04-27T14:46:36-03:00,Analizar,Simular inversión de la especie PNRCO,9267.0
2026-04-27T14:46:36-03:00,Analizar,Simular inversión de la especie TX28,3943.0
2026-04-27T14:46:36-03:00,Analizar,Validaciones en la pestaña General de la especie PNRCO,480.0
2026-04-27T14:46:36-03:00,Arbitraje,Arbitraje de las especies AL30 y TX28,11462.0
2026-04-27T14:46:36-03:00,Arbitraje,Ingresar al menú Arbitraje,825.0
2026-04-27T14:46:36-03:00,Arbitraje,"Navegabilidad entre las pestañas Paridad, Inversión y Scatter",11750.0
2026-04-27T14:46:36-03:00,Calculadora,"Editar P. Simulado, de la primera simulación",11072.0
2026-04-27T14:46:36-03:00,Calculadora,Editar la TIR de la primera simulación,2928.0
2026-04-27T14:46:36-03:00,Calculadora,Eliminar todas las simulaciones,259.0
2026-04-27T14:46:36-03:00,Calculadora,Ingresar al menú Calculadora,4558.0
2026-04-27T14:46:36-03:00,Calculadora,Simular inversiones de la especie AL30,96895.0
2026-04-27T14:46:36-03:00,Comparar,Eliminar las especies AL30 y TX28,4478.0
2026-04-27T14:46:36-03:00,Comparar,Ingresar al menú Comparar,881.0
2026-04-27T14:46:36-03:00,Comparar,Ir a Condiciones de Emisión,1386.0
2026-04-27T14:46:36-03:00,Comparar,Navegabilidad por pestañas gráficas,8374.0
2026-04-27T14:46:36-03:00,Comparar,Realizar comparativa entre las especies AL30 y TX28,11389.0
2026-04-27T14:46:36-03:00,Curvas,Ingresar a la pestaña Internacionales,408.0
2026-04-27T14:46:36-03:00,Curvas,Ingresar al menú Curvas,4452.0
2026-04-27T14:46:36-03:00,Curvas,Ingreso a la curva BCRA - BOPREALs - USD,1905.0
2026-04-27T14:46:36-03:00,Curvas,Ingreso a la curva Brasil - Soberanos - Bonos Globales - USD,10086.0
2026-04-27T14:46:36-03:00,Curvas,Ingreso a la curva Chile - Soberanos - Bonos Globales - USD,8542.0
2026-04-27T14:46:36-03:00,Curvas,Ingreso a la curva Colombia - Soberanos - Bonos Globales - USD,11797.0
2026-04-27T14:46:36-03:00,Curvas,Ingreso a la curva Corporativos - ONs Dollar Linked - ARS,18500.0
2026-04-27T14:46:36-03:00,Curvas,Ingreso a la curva Estados Unidos - Soberanos - Treasury Notes/Bonds - USD,6001.0
2026-04-27T14:46:36-03:00,Curvas,Ingreso a la curva Mexico - Soberanos - Bonos Globales - USD,17016.0
2026-04-27T14:46:36-03:00,Curvas,Ingreso a la curva Paraguay - Soberanos - Bonos Globales - USD,6153.0
2026-04-27T14:46:36-03:00,Curvas,Ingreso a la curva Soberanos - Letras del Tesoro Capitalizables (LECAP) - ARS,1378.0
2026-04-27T14:46:36-03:00,Curvas,Ingreso a la curva Soberanos - Ley Argentina - USD,1233.0
2026-04-27T14:46:36-03:00,Curvas,Ingreso a la curva Soberanos - Tasa Fija + CER - ARS,2025.0
2026-04-27T14:46:36-03:00,Curvas,"Ingreso a la pestaña ""BCRA""",138.0
2026-04-27T14:46:36-03:00,Curvas,"Ingreso a la pestaña ""Corporativos""",155.0
2026-04-27T14:46:36-03:00,Curvas,"Ingreso a la pestaña ""Soberanos""",219.0
2026-04-27T14:46:36-03:00,Curvas,"Ingreso a la pestaña ""SubSoberanos""",144.0
2026-04-27T14:46:36-03:00,Curvas,Ingreso en la pestaña Análisis online de la curva de: BCRA - BOPREALs - USD,2347.0
2026-04-27T14:46:36-03:00,Curvas,Ingreso en la pestaña Análisis online de la curva de: Corporativos - ONs Dollar Linked - ARS,3618.0
2026-04-27T14:46:36-03:00,Curvas,Ingreso en la pestaña Análisis online de la curva de: Soberanos - Letras del Tesoro Capitalizables (LECAP) - ARS,2659.0
2026-04-27T14:46:36-03:00,Curvas,Ingreso en la pestaña Análisis online de la curva de: Soberanos - Ley Argentina - USD,3118.0
2026-04-27T14:46:36-03:00,Curvas,Ingreso en la pestaña Análisis online de la curva de: Soberanos - Tasa Fija + CER - ARS,2986.0
2026-04-27T14:46:36-03:00,Graficador,Graficar la especie AL30,6205.0
2026-04-27T14:46:36-03:00,Graficador,Graficar todas las curvas,6660.0
2026-04-27T14:46:36-03:00,Graficador,Ingresar al menú Graficador,6205.0
2026-04-27T14:46:36-03:00,Mis portafolios,Agregar la cuarta especie al portafolio,4410.0
2026-04-27T14:46:36-03:00,Mis portafolios,Agregar la primera especie al portafolio,3451.0
2026-04-27T14:46:36-03:00,Mis portafolios,Agregar la segunda especie al portafolio,3129.0
2026-04-27T14:46:36-03:00,Mis portafolios,Agregar la tercera especie al portafolio,3516.0
2026-04-27T14:46:36-03:00,Mis portafolios,Crear un nuevo portafolio,7255.0
2026-04-27T14:46:36-03:00,Mis portafolios,Editar el portafolio,3662.0
2026-04-27T14:46:36-03:00,Mis portafolios,Eliminar el portafolio,3470.0
2026-04-27T14:46:36-03:00,Mis portafolios,Eliminar todas las especies del portafolio,4370.0
2026-04-27T14:46:36-03:00,Mis portafolios,Ingresar al menú Mis portafolios,821.0
2026-04-27T14:46:36-03:00,Mis portafolios,Navegabilidad entre las pestañas Proyección y Agenda de pagos en el portafolio,2007.0
2026-04-27T14:46:36-03:00,Screener,Búsqueda con filtros en Screener,35587.0
2026-04-27T14:46:36-03:00,Screener,Ingresar al menú Screener,6318.0
2026-04-27T14:46:36-03:00,Sensibilidad,Eliminar escenario,142.0
2026-04-27T14:46:36-03:00,Sensibilidad,Eliminar especie,105.0
2026-04-27T14:46:36-03:00,Sensibilidad,Ingresar al menú Sensibilidad,839.0
2026-04-27T14:46:36-03:00,Sensibilidad,Realizar Análisis de sensibilidad,6948.0
2026-04-28T14:49:37-03:00,Analizar,Analizar la especie  BDC28,2032.0
2026-04-28T14:49:37-03:00,Analizar,Analizar la especie AL30 ,2975.0
2026-04-28T14:49:37-03:00,Analizar,Analizar la especie PNRCO,1847.0
2026-04-28T14:49:37-03:00,Analizar,Analizar la especie TX28,1941.0
2026-04-28T14:49:37-03:00,Analizar,Armado de escenarios en Análisis de Sensibilidad de la especie AL30,11497.0
2026-04-28T14:49:37-03:00,Analizar,Armado de escenarios en Análisis de Sensibilidad de la especie BDC28,25932.0
2026-04-28T14:49:37-03:00,Analizar,Armado de escenarios en Análisis de Sensibilidad de la especie PNRCO,12292.0
2026-04-28T14:49:37-03:00,Analizar,Armado de escenarios en Análisis de Sensibilidad de la especie TX28,7650.0
2026-04-28T14:49:37-03:00,Analizar,Ingresar al Home,8832.0
2026-04-28T14:49:37-03:00,Analizar,Ingreso a la pestaña Condiciones de Emisión de la especie  AL30,694.0
2026-04-28T14:49:37-03:00,Analizar,Ingreso a la pestaña Condiciones de Emisión de la especie BDC28,874.0
2026-04-28T14:49:37-03:00,Analizar,Ingreso a la pestaña Condiciones de Emisión de la especie PNRCO,766.0
2026-04-28T14:49:37-03:00,Analizar,Ingreso a la pestaña Condiciones de Emisión de la especie TX28,871.0
2026-04-28T14:49:37-03:00,Analizar,Navegabilidad por los botones TIRs y Paridades Históricas de la especie AL30,6658.0
2026-04-28T14:49:37-03:00,Analizar,Navegabilidad por los botones TIRs y Paridades Históricas de la especie BDC28,9391.0
2026-04-28T14:49:37-03:00,Analizar,Navegabilidad por los botones TIRs y Paridades Históricas de la especie PNRCO,4239.0
2026-04-28T14:49:37-03:00,Analizar,Navegabilidad por los botones TIRs y Paridades Históricas de la especie TX28,6910.0
2026-04-28T14:49:37-03:00,Analizar,Simular inversión de la especie AL30,2038.0
2026-04-28T14:49:37-03:00,Analizar,Simular inversión de la especie BDC28,3642.0
2026-04-28T14:49:37-03:00,Analizar,Simular inversión de la especie PNRCO,3508.0
2026-04-28T14:49:37-03:00,Analizar,Simular inversión de la especie TX28,1906.0
2026-04-28T14:49:37-03:00,Analizar,Validaciones en la pestaña General de la especie PNRCO,580.0
2026-04-28T14:49:37-03:00,Arbitraje,Arbitraje de las especies AL30 y TX28,10942.0
2026-04-28T14:49:37-03:00,Arbitraje,Ingresar al menú Arbitraje,892.0
2026-04-28T14:49:37-03:00,Arbitraje,"Navegabilidad entre las pestañas Paridad, Inversión y Scatter",12038.0
2026-04-28T14:49:37-03:00,Calculadora,"Editar P. Simulado, de la primera simulación",11243.0
2026-04-28T14:49:37-03:00,Calculadora,Editar la TIR de la primera simulación,3288.0
2026-04-28T14:49:37-03:00,Calculadora,Eliminar todas las simulaciones,261.0
2026-04-28T14:49:37-03:00,Calculadora,Ingresar al menú Calculadora,4145.0
2026-04-28T14:49:37-03:00,Calculadora,Simular inversiones de la especie AL30,102312.0
2026-04-28T14:49:37-03:00,Comparar,Eliminar las especies AL30 y TX28,4530.0
2026-04-28T14:49:37-03:00,Comparar,Ingresar al menú Comparar,906.0
2026-04-28T14:49:37-03:00,Comparar,Ir a Condiciones de Emisión,1137.0
2026-04-28T14:49:37-03:00,Comparar,Navegabilidad por pestañas gráficas,7566.0
2026-04-28T14:49:37-03:00,Comparar,Realizar comparativa entre las especies AL30 y TX28,11238.0
2026-04-28T14:49:37-03:00,Curvas,Ingresar a la pestaña Internacionales,401.0
2026-04-28T14:49:37-03:00,Curvas,Ingresar al menú Curvas,4697.0
2026-04-28T14:49:37-03:00,Curvas,Ingreso a la curva BCRA - BOPREALs - USD,1931.0
2026-04-28T14:49:37-03:00,Curvas,Ingreso a la curva Brasil - Soberanos - Bonos Globales - USD,10404.0
2026-04-28T14:49:37-03:00,Curvas,Ingreso a la curva Chile - Soberanos - Bonos Globales - USD,8214.0
2026-04-28T14:49:37-03:00,Curvas,Ingreso a la curva Colombia - Soberanos - Bonos Globales - USD,10948.0
2026-04-28T14:49:37-03:00,Curvas,Ingreso a la curva Corporativos - ONs Dollar Linked - ARS,15465.0
2026-04-28T14:49:37-03:00,Curvas,Ingreso a la curva Estados Unidos - Soberanos - Treasury Notes/Bonds - USD,5694.0
2026-04-28T14:49:37-03:00,Curvas,Ingreso a la curva Mexico - Soberanos - Bonos Globales - USD,21116.0
2026-04-28T14:49:37-03:00,Curvas,Ingreso a la curva Paraguay - Soberanos - Bonos Globales - USD,4784.0
2026-04-28T14:49:37-03:00,Curvas,Ingreso a la curva Soberanos - Letras del Tesoro Capitalizables (LECAP) - ARS,2364.0
2026-04-28T14:49:37-03:00,Curvas,Ingreso a la curva Soberanos - Ley Argentina - USD,1469.0
2026-04-28T14:49:37-03:00,Curvas,Ingreso a la curva Soberanos - Tasa Fija + CER - ARS,1872.0
2026-04-28T14:49:37-03:00,Curvas,"Ingreso a la pestaña ""BCRA""",134.0
2026-04-28T14:49:37-03:00,Curvas,"Ingreso a la pestaña ""Corporativos""",140.0
2026-04-28T14:49:37-03:00,Curvas,"Ingreso a la pestaña ""Soberanos""",254.0
2026-04-28T14:49:37-03:00,Curvas,"Ingreso a la pestaña ""SubSoberanos""",159.0
2026-04-28T14:49:37-03:00,Curvas,Ingreso en la pestaña Análisis online de la curva de: BCRA - BOPREALs - USD,2347.0
2026-04-28T14:49:37-03:00,Curvas,Ingreso en la pestaña Análisis online de la curva de: Corporativos - ONs Dollar Linked - ARS,5023.0
2026-04-28T14:49:37-03:00,Curvas,Ingreso en la pestaña Análisis online de la curva de: Soberanos - Letras del Tesoro Capitalizables (LECAP) - ARS,4527.0
2026-04-28T14:49:37-03:00,Curvas,Ingreso en la pestaña Análisis online de la curva de: Soberanos - Ley Argentina - USD,2584.0
2026-04-28T14:49:37-03:00,Curvas,Ingreso en la pestaña Análisis online de la curva de: Soberanos - Tasa Fija + CER - ARS,6866.0
2026-04-28T14:49:37-03:00,Graficador,Graficar la especie AL30,4008.0
2026-04-28T14:49:37-03:00,Graficador,Graficar todas las curvas,6900.0
2026-04-28T14:49:37-03:00,Graficador,Ingresar al menú Graficador,3830.0
2026-04-28T14:49:37-03:00,Mis portafolios,Agregar la cuarta especie al portafolio,3416.0
2026-04-28T14:49:37-03:00,Mis portafolios,Agregar la primera especie al portafolio,3733.0
2026-04-28T14:49:37-03:00,Mis portafolios,Agregar la segunda especie al portafolio,3332.0
2026-04-28T14:49:37-03:00,Mis portafolios,Agregar la tercera especie al portafolio,3606.0
2026-04-28T14:49:37-03:00,Mis portafolios,Crear un nuevo portafolio,7165.0
2026-04-28T14:49:37-03:00,Mis portafolios,Editar el portafolio,3066.0
2026-04-28T14:49:37-03:00,Mis portafolios,Eliminar el portafolio,669.0
2026-04-28T14:49:37-03:00,Mis portafolios,Eliminar todas las especies del portafolio,3999.0
2026-04-28T14:49:37-03:00,Mis portafolios,Ingresar al menú Mis portafolios,844.0
2026-04-28T14:49:37-03:00,Mis portafolios,Navegabilidad entre las pestañas Proyección y Agenda de pagos en el portafolio,2892.0
2026-04-28T14:49:37-03:00,Screener,Búsqueda con filtros en Screener,6804.0
2026-04-28T14:49:37-03:00,Screener,Ingresar al menú Screener,6058.0
2026-04-28T14:49:37-03:00,Sensibilidad,Eliminar escenario,113.0
2026-04-28T14:49:37-03:00,Sensibilidad,Eliminar especie,116.0
2026-04-28T14:49:37-03:00,Sensibilidad,Ingresar al menú Sensibilidad,973.0
2026-04-28T14:49:37-03:00,Sensibilidad,Realizar Análisis de sensibilidad,5586.0
2026-04-29T15:04:05-03:00,Analizar,Analizar la especie  BDC28,2482.0
2026-04-29T15:04:05-03:00,Analizar,Analizar la especie AL30 ,2657.0
2026-04-29T15:04:05-03:00,Analizar,Analizar la especie PNRCO,1819.0
2026-04-29T15:04:05-03:00,Analizar,Analizar la especie TX28,2257.0
2026-04-29T15:04:05-03:00,Analizar,Armado de escenarios en Análisis de Sensibilidad de la especie AL30,18152.0
2026-04-29T15:04:05-03:00,Analizar,Armado de escenarios en Análisis de Sensibilidad de la especie BDC28,16071.0
2026-04-29T15:04:05-03:00,Analizar,Armado de escenarios en Análisis de Sensibilidad de la especie PNRCO,15428.0
2026-04-29T15:04:05-03:00,Analizar,Armado de escenarios en Análisis de Sensibilidad de la especie TX28,13045.0
2026-04-29T15:04:05-03:00,Analizar,Ingresar al Home,7048.0
2026-04-29T15:04:05-03:00,Analizar,Ingreso a la pestaña Condiciones de Emisión de la especie  AL30,665.0
2026-04-29T15:04:05-03:00,Analizar,Ingreso a la pestaña Condiciones de Emisión de la especie BDC28,709.0
2026-04-29T15:04:05-03:00,Analizar,Ingreso a la pestaña Condiciones de Emisión de la especie PNRCO,828.0
2026-04-29T15:04:05-03:00,Analizar,Ingreso a la pestaña Condiciones de Emisión de la especie TX28,728.0
2026-04-29T15:04:05-03:00,Analizar,Navegabilidad por los botones TIRs y Paridades Históricas de la especie AL30,9326.0
2026-04-29T15:04:05-03:00,Analizar,Navegabilidad por los botones TIRs y Paridades Históricas de la especie BDC28,9029.0
2026-04-29T15:04:05-03:00,Analizar,Navegabilidad por los botones TIRs y Paridades Históricas de la especie PNRCO,6140.0
2026-04-29T15:04:05-03:00,Analizar,Navegabilidad por los botones TIRs y Paridades Históricas de la especie TX28,9961.0
2026-04-29T15:04:05-03:00,Analizar,Simular inversión de la especie AL30,2510.0
2026-04-29T15:04:05-03:00,Analizar,Simular inversión de la especie BDC28,4380.0
2026-04-29T15:04:05-03:00,Analizar,Simular inversión de la especie PNRCO,4017.0
2026-04-29T15:04:05-03:00,Analizar,Simular inversión de la especie TX28,2127.0
2026-04-29T15:04:05-03:00,Analizar,Validaciones en la pestaña General de la especie PNRCO,498.0
2026-04-29T15:04:05-03:00,Arbitraje,Arbitraje de las especies AL30 y TX28,11022.0
2026-04-29T15:04:05-03:00,Arbitraje,Ingresar al menú Arbitraje,919.0
2026-04-29T15:04:05-03:00,Arbitraje,"Navegabilidad entre las pestañas Paridad, Inversión y Scatter",11230.0
2026-04-29T15:04:05-03:00,Calculadora,"Editar P. Simulado, de la primera simulación",11181.0
2026-04-29T15:04:05-03:00,Calculadora,Editar la TIR de la primera simulación,3224.0
2026-04-29T15:04:05-03:00,Calculadora,Eliminar todas las simulaciones,262.0
2026-04-29T15:04:05-03:00,Calculadora,Ingresar al menú Calculadora,5699.0
2026-04-29T15:04:05-03:00,Calculadora,Simular inversiones de la especie AL30,103529.0
2026-04-29T15:04:05-03:00,Comparar,Eliminar las especies AL30 y TX28,4459.0
2026-04-29T15:04:05-03:00,Comparar,Ingresar al menú Comparar,976.0
2026-04-29T15:04:05-03:00,Comparar,Ir a Condiciones de Emisión,1374.0
2026-04-29T15:04:05-03:00,Comparar,Navegabilidad por pestañas gráficas,8462.0
2026-04-29T15:04:05-03:00,Comparar,Realizar comparativa entre las especies AL30 y TX28,13529.0
2026-04-29T15:04:05-03:00,Curvas,Ingresar a la pestaña Internacionales,516.0
2026-04-29T15:04:05-03:00,Curvas,Ingresar al menú Curvas,6088.0
2026-04-29T15:04:05-03:00,Curvas,Ingreso a la curva BCRA - BOPREALs - USD,1548.0
2026-04-29T15:04:05-03:00,Curvas,Ingreso a la curva Brasil - Soberanos - Bonos Globales - USD,9577.0
2026-04-29T15:04:05-03:00,Curvas,Ingreso a la curva Chile - Soberanos - Bonos Globales - USD,18213.0
2026-04-29T15:04:05-03:00,Curvas,Ingreso a la curva Colombia - Soberanos - Bonos Globales - USD,17754.0
2026-04-29T15:04:05-03:00,Curvas,Ingreso a la curva Corporativos - ONs Dollar Linked - ARS,4074.0
2026-04-29T15:04:05-03:00,Curvas,Ingreso a la curva Estados Unidos - Soberanos - Treasury Notes/Bonds - USD,5816.0
2026-04-29T15:04:05-03:00,Curvas,Ingreso a la curva Mexico - Soberanos - Bonos Globales - USD,35490.0
2026-04-29T15:04:05-03:00,Curvas,Ingreso a la curva Paraguay - Soberanos - Bonos Globales - USD,10297.0
2026-04-29T15:04:05-03:00,Curvas,Ingreso a la curva Soberanos - Letras del Tesoro Capitalizables (LECAP) - ARS,1644.0
2026-04-29T15:04:05-03:00,Curvas,Ingreso a la curva Soberanos - Ley Argentina - USD,1917.0
2026-04-29T15:04:05-03:00,Curvas,Ingreso a la curva Soberanos - Tasa Fija + CER - ARS,1760.0
2026-04-29T15:04:05-03:00,Curvas,"Ingreso a la pestaña ""BCRA""",151.0
2026-04-29T15:04:05-03:00,Curvas,"Ingreso a la pestaña ""Corporativos""",175.0
2026-04-29T15:04:05-03:00,Curvas,"Ingreso a la pestaña ""Soberanos""",321.0
2026-04-29T15:04:05-03:00,Curvas,"Ingreso a la pestaña ""SubSoberanos""",176.0
2026-04-29T15:04:05-03:00,Curvas,Ingreso en la pestaña Análisis online de la curva de: BCRA - BOPREALs - USD,3152.0
2026-04-29T15:04:05-03:00,Curvas,Ingreso en la pestaña Análisis online de la curva de: Corporativos - ONs Dollar Linked - ARS,5430.0
2026-04-29T15:04:05-03:00,Curvas,Ingreso en la pestaña Análisis online de la curva de: Soberanos - Letras del Tesoro Capitalizables (LECAP) - ARS,2583.0
2026-04-29T15:04:05-03:00,Curvas,Ingreso en la pestaña Análisis online de la curva de: Soberanos - Ley Argentina - USD,4181.0
2026-04-29T15:04:05-03:00,Curvas,Ingreso en la pestaña Análisis online de la curva de: Soberanos - Tasa Fija + CER - ARS,4696.0
2026-04-29T15:04:05-03:00,Graficador,Graficar la especie AL30,5321.0
2026-04-29T15:04:05-03:00,Graficador,Graficar todas las curvas,6295.0
2026-04-29T15:04:05-03:00,Graficador,Ingresar al menú Graficador,4474.0
2026-04-29T15:04:05-03:00,Mis portafolios,Agregar la cuarta especie al portafolio,4234.0
2026-04-29T15:04:05-03:00,Mis portafolios,Agregar la primera especie al portafolio,4056.0
2026-04-29T15:04:05-03:00,Mis portafolios,Agregar la segunda especie al portafolio,3919.0
2026-04-29T15:04:05-03:00,Mis portafolios,Agregar la tercera especie al portafolio,4763.0
2026-04-29T15:04:05-03:00,Mis portafolios,Crear un nuevo portafolio,6421.0
2026-04-29T15:04:05-03:00,Mis portafolios,Editar el portafolio,4151.0
2026-04-29T15:04:05-03:00,Mis portafolios,Eliminar el portafolio,2192.0
2026-04-29T15:04:05-03:00,Mis portafolios,Eliminar todas las especies del portafolio,4702.0
2026-04-29T15:04:05-03:00,Mis portafolios,Ingresar al menú Mis portafolios,1227.0
2026-04-29T15:04:05-03:00,Mis portafolios,Navegabilidad entre las pestañas Proyección y Agenda de pagos en el portafolio,2175.0
2026-04-29T15:04:05-03:00,Screener,Búsqueda con filtros en Screener,8090.0
2026-04-29T15:04:05-03:00,Screener,Ingresar al menú Screener,9980.0
2026-04-29T15:04:05-03:00,Sensibilidad,Eliminar escenario,99.0
2026-04-29T15:04:05-03:00,Sensibilidad,Eliminar especie,112.0
2026-04-29T15:04:05-03:00,Sensibilidad,Ingresar al menú Sensibilidad,1031.0
2026-04-29T15:04:05-03:00,Sensibilidad,Realizar Análisis de sensibilidad,5787.0
2026-04-30T14:47:15-03:00,Analizar,Analizar la especie  BDC28,2012.0
2026-04-30T14:47:15-03:00,Analizar,Analizar la especie AL30 ,2790.0
2026-04-30T14:47:15-03:00,Analizar,Analizar la especie PNRCO,2930.0
2026-04-30T14:47:15-03:00,Analizar,Analizar la especie TX28,2101.0
2026-04-30T14:47:15-03:00,Analizar,Armado de escenarios en Análisis de Sensibilidad de la especie AL30,18638.0
2026-04-30T14:47:15-03:00,Analizar,Armado de escenarios en Análisis de Sensibilidad de la especie BDC28,27561.0
2026-04-30T14:47:15-03:00,Analizar,Armado de escenarios en Análisis de Sensibilidad de la especie PNRCO,20803.0
2026-04-30T14:47:15-03:00,Analizar,Armado de escenarios en Análisis de Sensibilidad de la especie TX28,13397.0
2026-04-30T14:47:15-03:00,Analizar,Ingresar al Home,8478.0
2026-04-30T14:47:15-03:00,Analizar,Ingreso a la pestaña Condiciones de Emisión de la especie  AL30,636.0
2026-04-30T14:47:15-03:00,Analizar,Ingreso a la pestaña Condiciones de Emisión de la especie BDC28,756.0
2026-04-30T14:47:15-03:00,Analizar,Ingreso a la pestaña Condiciones de Emisión de la especie PNRCO,733.0
2026-04-30T14:47:15-03:00,Analizar,Ingreso a la pestaña Condiciones de Emisión de la especie TX28,811.0
2026-04-30T14:47:15-03:00,Analizar,Navegabilidad por los botones TIRs y Paridades Históricas de la especie AL30,8263.0
2026-04-30T14:47:15-03:00,Analizar,Navegabilidad por los botones TIRs y Paridades Históricas de la especie BDC28,8783.0
2026-04-30T14:47:15-03:00,Analizar,Navegabilidad por los botones TIRs y Paridades Históricas de la especie PNRCO,5297.0
2026-04-30T14:47:15-03:00,Analizar,Navegabilidad por los botones TIRs y Paridades Históricas de la especie TX28,9925.0
2026-04-30T14:47:15-03:00,Analizar,Simular inversión de la especie AL30,5073.0
2026-04-30T14:47:15-03:00,Analizar,Simular inversión de la especie BDC28,28234.0
2026-04-30T14:47:15-03:00,Analizar,Simular inversión de la especie PNRCO,16914.0
2026-04-30T14:47:15-03:00,Analizar,Simular inversión de la especie TX28,3698.0
2026-04-30T14:47:15-03:00,Analizar,Validaciones en la pestaña General de la especie PNRCO,162.0
2026-04-30T14:47:15-03:00,Arbitraje,Arbitraje de las especies AL30 y TX28,11002.0
2026-04-30T14:47:15-03:00,Arbitraje,Ingresar al menú Arbitraje,915.0
2026-04-30T14:47:15-03:00,Arbitraje,"Navegabilidad entre las pestañas Paridad, Inversión y Scatter",13087.0
2026-04-30T14:47:15-03:00,Calculadora,"Editar P. Simulado, de la primera simulación",11295.0
2026-04-30T14:47:15-03:00,Calculadora,Editar la TIR de la primera simulación,3061.0
2026-04-30T14:47:15-03:00,Calculadora,Eliminar todas las simulaciones,272.0
2026-04-30T14:47:15-03:00,Calculadora,Ingresar al menú Calculadora,5471.0
2026-04-30T14:47:15-03:00,Calculadora,Simular inversiones de la especie AL30,100134.0
2026-04-30T14:47:15-03:00,Comparar,Eliminar las especies AL30 y TX28,4535.0
2026-04-30T14:47:15-03:00,Comparar,Ingresar al menú Comparar,918.0
2026-04-30T14:47:15-03:00,Comparar,Ir a Condiciones de Emisión,1276.0
2026-04-30T14:47:15-03:00,Comparar,Navegabilidad por pestañas gráficas,9000.0
2026-04-30T14:47:15-03:00,Comparar,Realizar comparativa entre las especies AL30 y TX28,12239.0
2026-04-30T14:47:15-03:00,Curvas,Ingresar a la pestaña Internacionales,456.0
2026-04-30T14:47:15-03:00,Curvas,Ingresar al menú Curvas,5110.0
2026-04-30T14:47:15-03:00,Curvas,Ingreso a la curva BCRA - BOPREALs - USD,1540.0
2026-04-30T14:47:15-03:00,Curvas,Ingreso a la curva Brasil - Soberanos - Bonos Globales - USD,9211.0
2026-04-30T14:47:15-03:00,Curvas,Ingreso a la curva Chile - Soberanos - Bonos Globales - USD,8545.0
2026-04-30T14:47:15-03:00,Curvas,Ingreso a la curva Colombia - Soberanos - Bonos Globales - USD,10726.0
2026-04-30T14:47:15-03:00,Curvas,Ingreso a la curva Corporativos - ONs Dollar Linked - ARS,15878.0
2026-04-30T14:47:15-03:00,Curvas,Ingreso a la curva Estados Unidos - Soberanos - Treasury Notes/Bonds - USD,8592.0
2026-04-30T14:47:15-03:00,Curvas,Ingreso a la curva Mexico - Soberanos - Bonos Globales - USD,35102.0
2026-04-30T14:47:15-03:00,Curvas,Ingreso a la curva Paraguay - Soberanos - Bonos Globales - USD,5585.0
2026-04-30T14:47:15-03:00,Curvas,Ingreso a la curva Soberanos - Letras del Tesoro Capitalizables (LECAP) - ARS,1511.0
2026-04-30T14:47:15-03:00,Curvas,Ingreso a la curva Soberanos - Ley Argentina - USD,1508.0
2026-04-30T14:47:15-03:00,Curvas,Ingreso a la curva Soberanos - Tasa Fija + CER - ARS,1624.0
2026-04-30T14:47:15-03:00,Curvas,"Ingreso a la pestaña ""BCRA""",144.0
2026-04-30T14:47:15-03:00,Curvas,"Ingreso a la pestaña ""Corporativos""",137.0
2026-04-30T14:47:15-03:00,Curvas,"Ingreso a la pestaña ""Soberanos""",208.0
2026-04-30T14:47:15-03:00,Curvas,"Ingreso a la pestaña ""SubSoberanos""",164.0
2026-04-30T14:47:15-03:00,Curvas,Ingreso en la pestaña Análisis online de la curva de: BCRA - BOPREALs - USD,3647.0
2026-04-30T14:47:15-03:00,Curvas,Ingreso en la pestaña Análisis online de la curva de: Corporativos - ONs Dollar Linked - ARS,5486.0
2026-04-30T14:47:15-03:00,Curvas,Ingreso en la pestaña Análisis online de la curva de: Soberanos - Letras del Tesoro Capitalizables (LECAP) - ARS,4192.0
2026-04-30T14:47:15-03:00,Curvas,Ingreso en la pestaña Análisis online de la curva de: Soberanos - Ley Argentina - USD,4674.0
2026-04-30T14:47:15-03:00,Curvas,Ingreso en la pestaña Análisis online de la curva de: Soberanos - Tasa Fija + CER - ARS,1774.0
2026-04-30T14:47:15-03:00,Graficador,Graficar la especie AL30,5534.0
2026-04-30T14:47:15-03:00,Graficador,Graficar todas las curvas,6509.0
2026-04-30T14:47:15-03:00,Graficador,Ingresar al menú Graficador,5609.0
2026-04-30T14:47:15-03:00,Mis portafolios,Agregar la cuarta especie al portafolio,3246.0
2026-04-30T14:47:15-03:00,Mis portafolios,Agregar la primera especie al portafolio,4014.0
2026-04-30T14:47:15-03:00,Mis portafolios,Agregar la segunda especie al portafolio,3430.0
2026-04-30T14:47:15-03:00,Mis portafolios,Agregar la tercera especie al portafolio,3593.0
2026-04-30T14:47:15-03:00,Mis portafolios,Crear un nuevo portafolio,8014.0
2026-04-30T14:47:15-03:00,Mis portafolios,Editar el portafolio,2976.0
2026-04-30T14:47:15-03:00,Mis portafolios,Eliminar el portafolio,2571.0
2026-04-30T14:47:15-03:00,Mis portafolios,Eliminar todas las especies del portafolio,4347.0
2026-04-30T14:47:15-03:00,Mis portafolios,Ingresar al menú Mis portafolios,881.0
2026-04-30T14:47:15-03:00,Mis portafolios,Navegabilidad entre las pestañas Proyección y Agenda de pagos en el portafolio,2065.0
2026-04-30T14:47:15-03:00,Screener,Búsqueda con filtros en Screener,7862.0
2026-04-30T14:47:15-03:00,Screener,Ingresar al menú Screener,5656.0
2026-04-30T14:47:15-03:00,Sensibilidad,Eliminar escenario,103.0
2026-04-30T14:47:15-03:00,Sensibilidad,Eliminar especie,122.0
2026-04-30T14:47:15-03:00,Sensibilidad,Ingresar al menú Sensibilidad,901.0
2026-04-30T14:47:15-03:00,Sensibilidad,Realizar Análisis de sensibilidad,7498.0
2026-05-05T15:07:03-03:00,Analizar,Analizar la especie  BDC28,2443.0
2026-05-05T15:07:03-03:00,Analizar,Analizar la especie AL30 ,3352.0
2026-05-05T15:07:03-03:00,Analizar,Analizar la especie PNRCO,1215.0
2026-05-05T15:07:03-03:00,Analizar,Analizar la especie TX28,1899.0
2026-05-05T15:07:03-03:00,Analizar,Armado de escenarios en Análisis de Sensibilidad de la especie AL30,17896.0
2026-05-05T15:07:03-03:00,Analizar,Armado de escenarios en Análisis de Sensibilidad de la especie BDC28,15950.0
2026-05-05T15:07:03-03:00,Analizar,Armado de escenarios en Análisis de Sensibilidad de la especie PNRCO,12330.0
2026-05-05T15:07:03-03:00,Analizar,Armado de escenarios en Análisis de Sensibilidad de la especie TX28,7906.0
2026-05-05T15:07:03-03:00,Analizar,Ingresar al Home,10044.0
2026-05-05T15:07:03-03:00,Analizar,Ingreso a la pestaña Condiciones de Emisión de la especie  AL30,571.0
2026-05-05T15:07:03-03:00,Analizar,Ingreso a la pestaña Condiciones de Emisión de la especie BDC28,619.0
2026-05-05T15:07:03-03:00,Analizar,Ingreso a la pestaña Condiciones de Emisión de la especie PNRCO,728.0
2026-05-05T15:07:03-03:00,Analizar,Ingreso a la pestaña Condiciones de Emisión de la especie TX28,801.0
2026-05-05T15:07:03-03:00,Analizar,Navegabilidad por los botones TIRs y Paridades Históricas de la especie AL30,7862.0
2026-05-05T15:07:03-03:00,Analizar,Navegabilidad por los botones TIRs y Paridades Históricas de la especie BDC28,7717.0
2026-05-05T15:07:03-03:00,Analizar,Navegabilidad por los botones TIRs y Paridades Históricas de la especie PNRCO,3676.0
2026-05-05T15:07:03-03:00,Analizar,Navegabilidad por los botones TIRs y Paridades Históricas de la especie TX28,6916.0
2026-05-05T15:07:03-03:00,Analizar,Simular inversión de la especie AL30,2150.0
2026-05-05T15:07:03-03:00,Analizar,Simular inversión de la especie BDC28,6566.0
2026-05-05T15:07:03-03:00,Analizar,Simular inversión de la especie PNRCO,4566.0
2026-05-05T15:07:03-03:00,Analizar,Simular inversión de la especie TX28,1646.0
2026-05-05T15:07:03-03:00,Analizar,Validaciones en la pestaña General de la especie PNRCO,301.0
2026-05-05T15:07:03-03:00,Arbitraje,Arbitraje de las especies AL30 y TX28,11195.0
2026-05-05T15:07:03-03:00,Arbitraje,Ingresar al menú Arbitraje,895.0
2026-05-05T15:07:03-03:00,Arbitraje,"Navegabilidad entre las pestañas Paridad, Inversión y Scatter",10830.0
2026-05-05T15:07:03-03:00,Calculadora,"Editar P. Simulado, de la primera simulación",11121.0
2026-05-05T15:07:03-03:00,Calculadora,Editar la TIR de la primera simulación,3370.0
2026-05-05T15:07:03-03:00,Calculadora,Eliminar todas las simulaciones,271.0
2026-05-05T15:07:03-03:00,Calculadora,Ingresar al menú Calculadora,6127.0
2026-05-05T15:07:03-03:00,Calculadora,Simular inversiones de la especie AL30,102815.0
2026-05-05T15:07:03-03:00,Comparar,Eliminar las especies AL30 y TX28,5499.0
2026-05-05T15:07:03-03:00,Comparar,Ingresar al menú Comparar,885.0
2026-05-05T15:07:03-03:00,Comparar,Ir a Condiciones de Emisión,1091.0
2026-05-05T15:07:03-03:00,Comparar,Navegabilidad por pestañas gráficas,6694.0
2026-05-05T15:07:03-03:00,Comparar,Realizar comparativa entre las especies AL30 y TX28,11320.0
2026-05-05T15:07:03-03:00,Curvas,Ingresar a la pestaña Internacionales,514.0
2026-05-05T15:07:03-03:00,Curvas,Ingresar al menú Curvas,5275.0
2026-05-05T15:07:03-03:00,Curvas,Ingreso a la curva BCRA - BOPREALs - USD,1667.0
2026-05-05T15:07:03-03:00,Curvas,Ingreso a la curva Brasil - Soberanos - Bonos Globales - USD,11506.0
2026-05-05T15:07:03-03:00,Curvas,Ingreso a la curva Chile - Soberanos - Bonos Globales - USD,25328.0
2026-05-05T15:07:03-03:00,Curvas,Ingreso a la curva Colombia - Soberanos - Bonos Globales - USD,34631.0
2026-05-05T15:07:03-03:00,Curvas,Ingreso a la curva Corporativos - ONs Dollar Linked - ARS,3744.0
2026-05-05T15:07:03-03:00,Curvas,Ingreso a la curva Estados Unidos - Soberanos - Treasury Notes/Bonds - USD,11772.0
2026-05-05T15:07:03-03:00,Curvas,Ingreso a la curva Mexico - Soberanos - Bonos Globales - USD,17959.0
2026-05-05T15:07:03-03:00,Curvas,Ingreso a la curva Paraguay - Soberanos - Bonos Globales - USD,16367.0
2026-05-05T15:07:03-03:00,Curvas,Ingreso a la curva Soberanos - Letras del Tesoro Capitalizables (LECAP) - ARS,1451.0
2026-05-05T15:07:03-03:00,Curvas,Ingreso a la curva Soberanos - Ley Argentina - USD,1545.0
2026-05-05T15:07:03-03:00,Curvas,Ingreso a la curva Soberanos - Tasa Fija + CER - ARS,1906.0
2026-05-05T15:07:03-03:00,Curvas,"Ingreso a la pestaña ""BCRA""",140.0
2026-05-05T15:07:03-03:00,Curvas,"Ingreso a la pestaña ""Corporativos""",136.0
2026-05-05T15:07:03-03:00,Curvas,"Ingreso a la pestaña ""Soberanos""",268.0
2026-05-05T15:07:03-03:00,Curvas,"Ingreso a la pestaña ""SubSoberanos""",171.0
2026-05-05T15:07:03-03:00,Curvas,Ingreso en la pestaña Análisis online de la curva de: BCRA - BOPREALs - USD,2914.0
2026-05-05T15:07:03-03:00,Curvas,Ingreso en la pestaña Análisis online de la curva de: Corporativos - ONs Dollar Linked - ARS,7908.0
2026-05-05T15:07:03-03:00,Curvas,Ingreso en la pestaña Análisis online de la curva de: Soberanos - Letras del Tesoro Capitalizables (LECAP) - ARS,2484.0
2026-05-05T15:07:03-03:00,Curvas,Ingreso en la pestaña Análisis online de la curva de: Soberanos - Ley Argentina - USD,5173.0
2026-05-05T15:07:03-03:00,Curvas,Ingreso en la pestaña Análisis online de la curva de: Soberanos - Tasa Fija + CER - ARS,3249.0
2026-05-05T15:07:03-03:00,Graficador,Graficar la especie AL30,4819.0
2026-05-05T15:07:03-03:00,Graficador,Graficar todas las curvas,8019.0
2026-05-05T15:07:03-03:00,Graficador,Ingresar al menú Graficador,6240.0
2026-05-05T15:07:03-03:00,Mis portafolios,Agregar la cuarta especie al portafolio,3380.0
2026-05-05T15:07:03-03:00,Mis portafolios,Agregar la primera especie al portafolio,3377.0
2026-05-05T15:07:03-03:00,Mis portafolios,Agregar la segunda especie al portafolio,3207.0
2026-05-05T15:07:03-03:00,Mis portafolios,Agregar la tercera especie al portafolio,3348.0
2026-05-05T15:07:03-03:00,Mis portafolios,Crear un nuevo portafolio,6884.0
2026-05-05T15:07:03-03:00,Mis portafolios,Editar el portafolio,3096.0
2026-05-05T15:07:03-03:00,Mis portafolios,Eliminar el portafolio,611.0
2026-05-05T15:07:03-03:00,Mis portafolios,Eliminar todas las especies del portafolio,3466.0
2026-05-05T15:07:03-03:00,Mis portafolios,Ingresar al menú Mis portafolios,923.0
2026-05-05T15:07:03-03:00,Mis portafolios,Navegabilidad entre las pestañas Proyección y Agenda de pagos en el portafolio,1982.0
2026-05-05T15:07:03-03:00,Screener,Búsqueda con filtros en Screener,7075.0
2026-05-05T15:07:03-03:00,Screener,Ingresar al menú Screener,5054.0
2026-05-05T15:07:03-03:00,Sensibilidad,Eliminar escenario,110.0
2026-05-05T15:07:03-03:00,Sensibilidad,Eliminar especie,115.0
2026-05-05T15:07:03-03:00,Sensibilidad,Ingresar al menú Sensibilidad,863.0
2026-05-05T15:07:03-03:00,Sensibilidad,Realizar Análisis de sensibilidad,5985.0
2026-05-06T15:05:01-03:00,Analizar,Analizar la especie  BDC28,3120.0
2026-05-06T15:05:01-03:00,Analizar,Analizar la especie AL30 ,3531.0
2026-05-06T15:05:01-03:00,Analizar,Analizar la especie PNRCO,1488.0
2026-05-06T15:05:01-03:00,Analizar,Analizar la especie TX28,2316.0
2026-05-06T15:05:01-03:00,Analizar,Armado de escenarios en Análisis de Sensibilidad de la especie AL30,20064.0
2026-05-06T15:05:01-03:00,Analizar,Armado de escenarios en Análisis de Sensibilidad de la especie BDC28,22224.0
2026-05-06T15:05:01-03:00,Analizar,Armado de escenarios en Análisis de Sensibilidad de la especie PNRCO,16537.0
2026-05-06T15:05:01-03:00,Analizar,Armado de escenarios en Análisis de Sensibilidad de la especie TX28,17031.0
2026-05-06T15:05:01-03:00,Analizar,Ingresar al Home,10157.0
2026-05-06T15:05:01-03:00,Analizar,Ingreso a la pestaña Condiciones de Emisión de la especie  AL30,683.0
2026-05-06T15:05:01-03:00,Analizar,Ingreso a la pestaña Condiciones de Emisión de la especie BDC28,970.0
2026-05-06T15:05:01-03:00,Analizar,Ingreso a la pestaña Condiciones de Emisión de la especie PNRCO,1151.0
2026-05-06T15:05:01-03:00,Analizar,Ingreso a la pestaña Condiciones de Emisión de la especie TX28,844.0
2026-05-06T15:05:01-03:00,Analizar,Navegabilidad por los botones TIRs y Paridades Históricas de la especie AL30,10546.0
2026-05-06T15:05:01-03:00,Analizar,Navegabilidad por los botones TIRs y Paridades Históricas de la especie BDC28,11890.0
2026-05-06T15:05:01-03:00,Analizar,Navegabilidad por los botones TIRs y Paridades Históricas de la especie PNRCO,4697.0
2026-05-06T15:05:01-03:00,Analizar,Navegabilidad por los botones TIRs y Paridades Históricas de la especie TX28,10053.0
2026-05-06T15:05:01-03:00,Analizar,Simular inversión de la especie AL30,3027.0
2026-05-06T15:05:01-03:00,Analizar,Simular inversión de la especie BDC28,15728.0
2026-05-06T15:05:01-03:00,Analizar,Simular inversión de la especie PNRCO,10088.0
2026-05-06T15:05:01-03:00,Analizar,Simular inversión de la especie TX28,2877.0
2026-05-06T15:05:01-03:00,Analizar,Validaciones en la pestaña General de la especie PNRCO,550.0
2026-05-06T15:05:01-03:00,Arbitraje,Arbitraje de las especies AL30 y TX28,12153.0
2026-05-06T15:05:01-03:00,Arbitraje,Ingresar al menú Arbitraje,921.0
2026-05-06T15:05:01-03:00,Arbitraje,"Navegabilidad entre las pestañas Paridad, Inversión y Scatter",15187.0
2026-05-06T15:05:01-03:00,Calculadora,"Editar P. Simulado, de la primera simulación",11398.0
2026-05-06T15:05:01-03:00,Calculadora,Editar la TIR de la primera simulación,3039.0
2026-05-06T15:05:01-03:00,Calculadora,Eliminar todas las simulaciones,270.0
2026-05-06T15:05:01-03:00,Calculadora,Ingresar al menú Calculadora,7735.0
2026-05-06T15:05:01-03:00,Calculadora,Simular inversiones de la especie AL30,93098.0
2026-05-06T15:05:01-03:00,Comparar,Eliminar las especies AL30 y TX28,7066.0
2026-05-06T15:05:01-03:00,Comparar,Ingresar al menú Comparar,929.0
2026-05-06T15:05:01-03:00,Comparar,Ir a Condiciones de Emisión,1454.0
2026-05-06T15:05:01-03:00,Comparar,Navegabilidad por pestañas gráficas,11412.0
2026-05-06T15:05:01-03:00,Comparar,Realizar comparativa entre las especies AL30 y TX28,13602.0
2026-05-06T15:05:01-03:00,Curvas,Ingresar a la pestaña Internacionales,469.0
2026-05-06T15:05:01-03:00,Curvas,Ingresar al menú Curvas,6828.0
2026-05-06T15:05:01-03:00,Curvas,Ingreso a la curva BCRA - BOPREALs - USD,1704.0
2026-05-06T15:05:01-03:00,Curvas,Ingreso a la curva Brasil - Soberanos - Bonos Globales - USD,11019.0
2026-05-06T15:05:01-03:00,Curvas,Ingreso a la curva Chile - Soberanos - Bonos Globales - USD,8943.0
2026-05-06T15:05:01-03:00,Curvas,Ingreso a la curva Colombia - Soberanos - Bonos Globales - USD,18699.0
2026-05-06T15:05:01-03:00,Curvas,Ingreso a la curva Corporativos - ONs Dollar Linked - ARS,7398.0
2026-05-06T15:05:01-03:00,Curvas,Ingreso a la curva Estados Unidos - Soberanos - Treasury Notes/Bonds - USD,7688.0
2026-05-06T15:05:01-03:00,Curvas,Ingreso a la curva Mexico - Soberanos - Bonos Globales - USD,20260.0
2026-05-06T15:05:01-03:00,Curvas,Ingreso a la curva Paraguay - Soberanos - Bonos Globales - USD,8131.0
2026-05-06T15:05:01-03:00,Curvas,Ingreso a la curva Soberanos - Letras del Tesoro Capitalizables (LECAP) - ARS,1378.0
2026-05-06T15:05:01-03:00,Curvas,Ingreso a la curva Soberanos - Ley Argentina - USD,1554.0
2026-05-06T15:05:01-03:00,Curvas,Ingreso a la curva Soberanos - Tasa Fija + CER - ARS,1794.0
2026-05-06T15:05:01-03:00,Curvas,"Ingreso a la pestaña ""BCRA""",135.0
2026-05-06T15:05:01-03:00,Curvas,"Ingreso a la pestaña ""Corporativos""",147.0
2026-05-06T15:05:01-03:00,Curvas,"Ingreso a la pestaña ""Soberanos""",210.0
2026-05-06T15:05:01-03:00,Curvas,"Ingreso a la pestaña ""SubSoberanos""",150.0
2026-05-06T15:05:01-03:00,Curvas,Ingreso en la pestaña Análisis online de la curva de: BCRA - BOPREALs - USD,3351.0
2026-05-06T15:05:01-03:00,Curvas,Ingreso en la pestaña Análisis online de la curva de: Corporativos - ONs Dollar Linked - ARS,6566.0
2026-05-06T15:05:01-03:00,Curvas,Ingreso en la pestaña Análisis online de la curva de: Soberanos - Letras del Tesoro Capitalizables (LECAP) - ARS,3250.0
2026-05-06T15:05:01-03:00,Curvas,Ingreso en la pestaña Análisis online de la curva de: Soberanos - Ley Argentina - USD,3930.0
2026-05-06T15:05:01-03:00,Curvas,Ingreso en la pestaña Análisis online de la curva de: Soberanos - Tasa Fija + CER - ARS,4424.0
2026-05-06T15:05:01-03:00,Graficador,Graficar la especie AL30,4913.0
2026-05-06T15:05:01-03:00,Graficador,Graficar todas las curvas,7630.0
2026-05-06T15:05:01-03:00,Graficador,Ingresar al menú Graficador,4228.0
2026-05-06T15:05:01-03:00,Mis portafolios,Agregar la cuarta especie al portafolio,3672.0
2026-05-06T15:05:01-03:00,Mis portafolios,Agregar la primera especie al portafolio,3870.0
2026-05-06T15:05:01-03:00,Mis portafolios,Agregar la segunda especie al portafolio,3885.0
2026-05-06T15:05:01-03:00,Mis portafolios,Agregar la tercera especie al portafolio,4647.0
2026-05-06T15:05:01-03:00,Mis portafolios,Crear un nuevo portafolio,8951.0
2026-05-06T15:05:01-03:00,Mis portafolios,Editar el portafolio,3343.0
2026-05-06T15:05:01-03:00,Mis portafolios,Eliminar el portafolio,2763.0
2026-05-06T15:05:01-03:00,Mis portafolios,Eliminar todas las especies del portafolio,5430.0
2026-05-06T15:05:01-03:00,Mis portafolios,Ingresar al menú Mis portafolios,951.0
2026-05-06T15:05:01-03:00,Mis portafolios,Navegabilidad entre las pestañas Proyección y Agenda de pagos en el portafolio,2207.0
2026-05-06T15:05:01-03:00,Screener,Búsqueda con filtros en Screener,8070.0
2026-05-06T15:05:01-03:00,Screener,Ingresar al menú Screener,8679.0
2026-05-06T15:05:01-03:00,Sensibilidad,Eliminar escenario,100.0
2026-05-06T15:05:01-03:00,Sensibilidad,Eliminar especie,104.0
2026-05-06T15:05:01-03:00,Sensibilidad,Ingresar al menú Sensibilidad,888.0
2026-05-06T15:05:01-03:00,Sensibilidad,Realizar Análisis de sensibilidad,13232.0
2026-05-07T15:21:51-03:00,Analizar,Analizar la especie  BDC28,2459.0
2026-05-07T15:21:51-03:00,Analizar,Analizar la especie AL30 ,3050.0
2026-05-07T15:21:51-03:00,Analizar,Analizar la especie PNRCO,1444.0
2026-05-07T15:21:51-03:00,Analizar,Analizar la especie TX28,1912.0
2026-05-07T15:21:51-03:00,Analizar,Armado de escenarios en Análisis de Sensibilidad de la especie AL30,17691.0
2026-05-07T15:21:51-03:00,Analizar,Armado de escenarios en Análisis de Sensibilidad de la especie BDC28,15733.0
2026-05-07T15:21:51-03:00,Analizar,Armado de escenarios en Análisis de Sensibilidad de la especie PNRCO,15704.0
2026-05-07T15:21:51-03:00,Analizar,Armado de escenarios en Análisis de Sensibilidad de la especie TX28,12964.0
2026-05-07T15:21:51-03:00,Analizar,Ingresar al Home,8311.0
2026-05-07T15:21:51-03:00,Analizar,Ingreso a la pestaña Condiciones de Emisión de la especie  AL30,548.0
2026-05-07T15:21:51-03:00,Analizar,Ingreso a la pestaña Condiciones de Emisión de la especie BDC28,759.0
2026-05-07T15:21:51-03:00,Analizar,Ingreso a la pestaña Condiciones de Emisión de la especie PNRCO,705.0
2026-05-07T15:21:51-03:00,Analizar,Ingreso a la pestaña Condiciones de Emisión de la especie TX28,712.0
2026-05-07T15:21:51-03:00,Analizar,Navegabilidad por los botones TIRs y Paridades Históricas de la especie AL30,9233.0
2026-05-07T15:21:51-03:00,Analizar,Navegabilidad por los botones TIRs y Paridades Históricas de la especie BDC28,9362.0
2026-05-07T15:21:51-03:00,Analizar,Navegabilidad por los botones TIRs y Paridades Históricas de la especie PNRCO,4951.0
2026-05-07T15:21:51-03:00,Analizar,Navegabilidad por los botones TIRs y Paridades Históricas de la especie TX28,8703.0
2026-05-07T15:21:51-03:00,Analizar,Simular inversión de la especie AL30,2207.0
2026-05-07T15:21:51-03:00,Analizar,Simular inversión de la especie BDC28,5834.0
2026-05-07T15:21:51-03:00,Analizar,Simular inversión de la especie PNRCO,4302.0
2026-05-07T15:21:51-03:00,Analizar,Simular inversión de la especie TX28,2135.0
2026-05-07T15:21:51-03:00,Analizar,Validaciones en la pestaña General de la especie PNRCO,462.0
2026-05-07T15:21:51-03:00,Arbitraje,Arbitraje de las especies AL30 y TX28,12842.0
2026-05-07T15:21:51-03:00,Arbitraje,Ingresar al menú Arbitraje,1624.0
2026-05-07T15:21:51-03:00,Arbitraje,"Navegabilidad entre las pestañas Paridad, Inversión y Scatter",11124.0
2026-05-07T15:21:51-03:00,Calculadora,"Editar P. Simulado, de la primera simulación",11173.0
2026-05-07T15:21:51-03:00,Calculadora,Editar la TIR de la primera simulación,3164.0
2026-05-07T15:21:51-03:00,Calculadora,Eliminar todas las simulaciones,281.0
2026-05-07T15:21:51-03:00,Calculadora,Ingresar al menú Calculadora,5143.0
2026-05-07T15:21:51-03:00,Calculadora,Simular inversiones de la especie AL30,93070.0
2026-05-07T15:21:51-03:00,Comparar,Eliminar las especies AL30 y TX28,4400.0
2026-05-07T15:21:51-03:00,Comparar,Ingresar al menú Comparar,863.0
2026-05-07T15:21:51-03:00,Comparar,Ir a Condiciones de Emisión,1134.0
2026-05-07T15:21:51-03:00,Comparar,Navegabilidad por pestañas gráficas,8113.0
2026-05-07T15:21:51-03:00,Comparar,Realizar comparativa entre las especies AL30 y TX28,12773.0
2026-05-07T15:21:51-03:00,Curvas,Ingresar a la pestaña Internacionales,394.0
2026-05-07T15:21:51-03:00,Curvas,Ingresar al menú Curvas,6667.0
2026-05-07T15:21:51-03:00,Curvas,Ingreso a la curva BCRA - BOPREALs - USD,1495.0
2026-05-07T15:21:51-03:00,Curvas,Ingreso a la curva Brasil - Soberanos - Bonos Globales - USD,2709.0
2026-05-07T15:21:51-03:00,Curvas,Ingreso a la curva Chile - Soberanos - Bonos Globales - USD,2476.0
2026-05-07T15:21:51-03:00,Curvas,Ingreso a la curva Colombia - Soberanos - Bonos Globales - USD,2622.0
2026-05-07T15:21:51-03:00,Curvas,Ingreso a la curva Corporativos - ONs Dollar Linked - ARS,3700.0
2026-05-07T15:21:51-03:00,Curvas,Ingreso a la curva Estados Unidos - Soberanos - Treasury Notes/Bonds - USD,2079.0
2026-05-07T15:21:51-03:00,Curvas,Ingreso a la curva Mexico - Soberanos - Bonos Globales - USD,3704.0
2026-05-07T15:21:51-03:00,Curvas,Ingreso a la curva Paraguay - Soberanos - Bonos Globales - USD,1991.0
2026-05-07T15:21:51-03:00,Curvas,Ingreso a la curva Soberanos - Letras del Tesoro Capitalizables (LECAP) - ARS,1335.0
2026-05-07T15:21:51-03:00,Curvas,Ingreso a la curva Soberanos - Ley Argentina - USD,1318.0
2026-05-07T15:21:51-03:00,Curvas,Ingreso a la curva Soberanos - Tasa Fija + CER - ARS,1757.0
2026-05-07T15:21:51-03:00,Curvas,"Ingreso a la pestaña ""BCRA""",136.0
2026-05-07T15:21:51-03:00,Curvas,"Ingreso a la pestaña ""Corporativos""",144.0
2026-05-07T15:21:51-03:00,Curvas,"Ingreso a la pestaña ""Soberanos""",210.0
2026-05-07T15:21:51-03:00,Curvas,"Ingreso a la pestaña ""SubSoberanos""",143.0
2026-05-07T15:21:51-03:00,Curvas,Ingreso en la pestaña Análisis online de la curva de: BCRA - BOPREALs - USD,2507.0
2026-05-07T15:21:51-03:00,Curvas,Ingreso en la pestaña Análisis online de la curva de: Corporativos - ONs Dollar Linked - ARS,3459.0
2026-05-07T15:21:51-03:00,Curvas,Ingreso en la pestaña Análisis online de la curva de: Soberanos - Letras del Tesoro Capitalizables (LECAP) - ARS,2971.0
2026-05-07T15:21:51-03:00,Curvas,Ingreso en la pestaña Análisis online de la curva de: Soberanos - Ley Argentina - USD,2153.0
2026-05-07T15:21:51-03:00,Curvas,Ingreso en la pestaña Análisis online de la curva de: Soberanos - Tasa Fija + CER - ARS,2842.0
2026-05-07T15:21:51-03:00,Graficador,Graficar la especie AL30,4871.0
2026-05-07T15:21:51-03:00,Graficador,Graficar todas las curvas,4946.0
2026-05-07T15:21:51-03:00,Graficador,Ingresar al menú Graficador,5036.0
2026-05-07T15:21:51-03:00,Mis portafolios,Agregar la cuarta especie al portafolio,3351.0
2026-05-07T15:21:51-03:00,Mis portafolios,Agregar la primera especie al portafolio,3898.0
2026-05-07T15:21:51-03:00,Mis portafolios,Agregar la segunda especie al portafolio,3901.0
2026-05-07T15:21:51-03:00,Mis portafolios,Agregar la tercera especie al portafolio,3766.0
2026-05-07T15:21:51-03:00,Mis portafolios,Crear un nuevo portafolio,6082.0
2026-05-07T15:21:51-03:00,Mis portafolios,Editar el portafolio,3102.0
2026-05-07T15:21:51-03:00,Mis portafolios,Eliminar el portafolio,595.0
2026-05-07T15:21:51-03:00,Mis portafolios,Eliminar todas las especies del portafolio,4131.0
2026-05-07T15:21:51-03:00,Mis portafolios,Ingresar al menú Mis portafolios,918.0
2026-05-07T15:21:51-03:00,Mis portafolios,Navegabilidad entre las pestañas Proyección y Agenda de pagos en el portafolio,1957.0
2026-05-07T15:21:51-03:00,Screener,Búsqueda con filtros en Screener,7866.0
2026-05-07T15:21:51-03:00,Screener,Ingresar al menú Screener,6236.0
2026-05-07T15:21:51-03:00,Sensibilidad,Eliminar escenario,93.0
2026-05-07T15:21:51-03:00,Sensibilidad,Eliminar especie,102.0
2026-05-07T15:21:51-03:00,Sensibilidad,Ingresar al menú Sensibilidad,903.0
2026-05-07T15:21:51-03:00,Sensibilidad,Realizar Análisis de sensibilidad,8226.0
2026-05-08T14:55:40-03:00,Analizar,Analizar la especie  BDC28,2687.0
2026-05-08T14:55:40-03:00,Analizar,Analizar la especie AL30 ,2850.0
2026-05-08T14:55:40-03:00,Analizar,Analizar la especie PNRCO,1683.0
2026-05-08T14:55:40-03:00,Analizar,Analizar la especie TX28,1849.0
2026-05-08T14:55:40-03:00,Analizar,Armado de escenarios en Análisis de Sensibilidad de la especie AL30,17247.0
2026-05-08T14:55:40-03:00,Analizar,Armado de escenarios en Análisis de Sensibilidad de la especie BDC28,19135.0
2026-05-08T14:55:40-03:00,Analizar,Armado de escenarios en Análisis de Sensibilidad de la especie PNRCO,17800.0
2026-05-08T14:55:40-03:00,Analizar,Armado de escenarios en Análisis de Sensibilidad de la especie TX28,14065.0
2026-05-08T14:55:40-03:00,Analizar,Ingresar al Home,7316.0
2026-05-08T14:55:40-03:00,Analizar,Ingreso a la pestaña Condiciones de Emisión de la especie  AL30,527.0
2026-05-08T14:55:40-03:00,Analizar,Ingreso a la pestaña Condiciones de Emisión de la especie BDC28,1682.0
2026-05-08T14:55:40-03:00,Analizar,Ingreso a la pestaña Condiciones de Emisión de la especie PNRCO,745.0
2026-05-08T14:55:40-03:00,Analizar,Ingreso a la pestaña Condiciones de Emisión de la especie TX28,633.0
2026-05-08T14:55:40-03:00,Analizar,Navegabilidad por los botones TIRs y Paridades Históricas de la especie AL30,11061.0
2026-05-08T14:55:40-03:00,Analizar,Navegabilidad por los botones TIRs y Paridades Históricas de la especie BDC28,7858.0
2026-05-08T14:55:40-03:00,Analizar,Navegabilidad por los botones TIRs y Paridades Históricas de la especie PNRCO,5061.0
2026-05-08T14:55:40-03:00,Analizar,Navegabilidad por los botones TIRs y Paridades Históricas de la especie TX28,8152.0
2026-05-08T14:55:40-03:00,Analizar,Simular inversión de la especie AL30,2718.0
2026-05-08T14:55:40-03:00,Analizar,Simular inversión de la especie BDC28,11876.0
2026-05-08T14:55:40-03:00,Analizar,Simular inversión de la especie PNRCO,7210.0
2026-05-08T14:55:40-03:00,Analizar,Simular inversión de la especie TX28,2938.0
2026-05-08T14:55:40-03:00,Analizar,Validaciones en la pestaña General de la especie PNRCO,480.0
2026-05-08T14:55:40-03:00,Arbitraje,Arbitraje de las especies AL30 y TX28,11115.0
2026-05-08T14:55:40-03:00,Arbitraje,Ingresar al menú Arbitraje,879.0
2026-05-08T14:55:40-03:00,Arbitraje,"Navegabilidad entre las pestañas Paridad, Inversión y Scatter",14791.0
2026-05-08T14:55:40-03:00,Calculadora,"Editar P. Simulado, de la primera simulación",11280.0
2026-05-08T14:55:40-03:00,Calculadora,Editar la TIR de la primera simulación,2896.0
2026-05-08T14:55:40-03:00,Calculadora,Eliminar todas las simulaciones,253.0
2026-05-08T14:55:40-03:00,Calculadora,Ingresar al menú Calculadora,4068.0
2026-05-08T14:55:40-03:00,Calculadora,Simular inversiones de la especie AL30,92953.0
2026-05-08T14:55:40-03:00,Comparar,Eliminar las especies AL30 y TX28,4689.0
2026-05-08T14:55:40-03:00,Comparar,Ingresar al menú Comparar,871.0
2026-05-08T14:55:40-03:00,Comparar,Ir a Condiciones de Emisión,1062.0
2026-05-08T14:55:40-03:00,Comparar,Navegabilidad por pestañas gráficas,7412.0
2026-05-08T14:55:40-03:00,Comparar,Realizar comparativa entre las especies AL30 y TX28,11036.0
2026-05-08T14:55:40-03:00,Curvas,Ingresar a la pestaña Internacionales,481.0
2026-05-08T14:55:40-03:00,Curvas,Ingresar al menú Curvas,4593.0
2026-05-08T14:55:40-03:00,Curvas,Ingreso a la curva BCRA - BOPREALs - USD,1882.0
2026-05-08T14:55:40-03:00,Curvas,Ingreso a la curva Brasil - Soberanos - Bonos Globales - USD,18173.0
2026-05-08T14:55:40-03:00,Curvas,Ingreso a la curva Chile - Soberanos - Bonos Globales - USD,16054.0
2026-05-08T14:55:40-03:00,Curvas,Ingreso a la curva Colombia - Soberanos - Bonos Globales - USD,27715.0
2026-05-08T14:55:40-03:00,Curvas,Ingreso a la curva Corporativos - ONs Dollar Linked - ARS,15602.0
2026-05-08T14:55:40-03:00,Curvas,Ingreso a la curva Estados Unidos - Soberanos - Treasury Notes/Bonds - USD,14992.0
2026-05-08T14:55:40-03:00,Curvas,Ingreso a la curva Mexico - Soberanos - Bonos Globales - USD,71343.0
2026-05-08T14:55:40-03:00,Curvas,Ingreso a la curva Paraguay - Soberanos - Bonos Globales - USD,12525.0
2026-05-08T14:55:40-03:00,Curvas,Ingreso a la curva Soberanos - Letras del Tesoro Capitalizables (LECAP) - ARS,1851.0
2026-05-08T14:55:40-03:00,Curvas,Ingreso a la curva Soberanos - Ley Argentina - USD,1768.0
2026-05-08T14:55:40-03:00,Curvas,Ingreso a la curva Soberanos - Tasa Fija + CER - ARS,2010.0
2026-05-08T14:55:40-03:00,Curvas,"Ingreso a la pestaña ""BCRA""",133.0
2026-05-08T14:55:40-03:00,Curvas,"Ingreso a la pestaña ""Corporativos""",141.0
2026-05-08T14:55:40-03:00,Curvas,"Ingreso a la pestaña ""Soberanos""",248.0
2026-05-08T14:55:40-03:00,Curvas,"Ingreso a la pestaña ""SubSoberanos""",146.0
2026-05-08T14:55:40-03:00,Curvas,Ingreso en la pestaña Análisis online de la curva de: BCRA - BOPREALs - USD,2446.0
2026-05-08T14:55:40-03:00,Curvas,Ingreso en la pestaña Análisis online de la curva de: Corporativos - ONs Dollar Linked - ARS,19273.0
2026-05-08T14:55:40-03:00,Curvas,Ingreso en la pestaña Análisis online de la curva de: Soberanos - Letras del Tesoro Capitalizables (LECAP) - ARS,7403.0
2026-05-08T14:55:40-03:00,Curvas,Ingreso en la pestaña Análisis online de la curva de: Soberanos - Ley Argentina - USD,25693.0
2026-05-08T14:55:40-03:00,Curvas,Ingreso en la pestaña Análisis online de la curva de: Soberanos - Tasa Fija + CER - ARS,3977.0
2026-05-08T14:55:40-03:00,Graficador,Graficar la especie AL30,4293.0
2026-05-08T14:55:40-03:00,Graficador,Graficar todas las curvas,7423.0
2026-05-08T14:55:40-03:00,Graficador,Ingresar al menú Graficador,6909.0
2026-05-08T14:55:40-03:00,Mis portafolios,Agregar la cuarta especie al portafolio,3311.0
2026-05-08T14:55:40-03:00,Mis portafolios,Agregar la primera especie al portafolio,2780.0
2026-05-08T14:55:40-03:00,Mis portafolios,Agregar la segunda especie al portafolio,2968.0
2026-05-08T14:55:40-03:00,Mis portafolios,Agregar la tercera especie al portafolio,2939.0
2026-05-08T14:55:40-03:00,Mis portafolios,Crear un nuevo portafolio,7973.0
2026-05-08T14:55:40-03:00,Mis portafolios,Editar el portafolio,2813.0
2026-05-08T14:55:40-03:00,Mis portafolios,Eliminar el portafolio,4400.0
2026-05-08T14:55:40-03:00,Mis portafolios,Eliminar todas las especies del portafolio,3923.0
2026-05-08T14:55:40-03:00,Mis portafolios,Ingresar al menú Mis portafolios,995.0
2026-05-08T14:55:40-03:00,Mis portafolios,Navegabilidad entre las pestañas Proyección y Agenda de pagos en el portafolio,2191.0
2026-05-08T14:55:40-03:00,Screener,Búsqueda con filtros en Screener,6009.0
2026-05-08T14:55:40-03:00,Screener,Ingresar al menú Screener,6653.0
2026-05-08T14:55:40-03:00,Sensibilidad,Eliminar escenario,100.0
2026-05-08T14:55:40-03:00,Sensibilidad,Eliminar especie,105.0
2026-05-08T14:55:40-03:00,Sensibilidad,Ingresar al menú Sensibilidad,899.0
2026-05-08T14:55:40-03:00,Sensibilidad,Realizar Análisis de sensibilidad,7682.0
2026-05-09T14:33:48-03:00,Analizar,Analizar la especie  BDC28,1911.0
2026-05-09T14:33:48-03:00,Analizar,Analizar la especie AL30 ,2777.0
2026-05-09T14:33:48-03:00,Analizar,Analizar la especie PNRCO,1327.0
2026-05-09T14:33:48-03:00,Analizar,Analizar la especie TX28,1890.0
2026-05-09T14:33:48-03:00,Analizar,Armado de escenarios en Análisis de Sensibilidad de la especie AL30,17026.0
2026-05-09T14:33:48-03:00,Analizar,Armado de escenarios en Análisis de Sensibilidad de la especie BDC28,17312.0
2026-05-09T14:33:48-03:00,Analizar,Armado de escenarios en Análisis de Sensibilidad de la especie PNRCO,13231.0
2026-05-09T14:33:48-03:00,Analizar,Armado de escenarios en Análisis de Sensibilidad de la especie TX28,12700.0
2026-05-09T14:33:48-03:00,Analizar,Ingresar al Home,6874.0
2026-05-09T14:33:48-03:00,Analizar,Ingreso a la pestaña Condiciones de Emisión de la especie  AL30,587.0
2026-05-09T14:33:48-03:00,Analizar,Ingreso a la pestaña Condiciones de Emisión de la especie BDC28,668.0
2026-05-09T14:33:48-03:00,Analizar,Ingreso a la pestaña Condiciones de Emisión de la especie PNRCO,566.0
2026-05-09T14:33:48-03:00,Analizar,Ingreso a la pestaña Condiciones de Emisión de la especie TX28,664.0
2026-05-09T14:33:48-03:00,Analizar,Navegabilidad por los botones TIRs y Paridades Históricas de la especie AL30,7559.0
2026-05-09T14:33:48-03:00,Analizar,Navegabilidad por los botones TIRs y Paridades Históricas de la especie BDC28,7946.0
2026-05-09T14:33:48-03:00,Analizar,Navegabilidad por los botones TIRs y Paridades Históricas de la especie PNRCO,3266.0
2026-05-09T14:33:48-03:00,Analizar,Navegabilidad por los botones TIRs y Paridades Históricas de la especie TX28,6974.0
2026-05-09T14:33:48-03:00,Analizar,Simular inversión de la especie AL30,2511.0
2026-05-09T14:33:48-03:00,Analizar,Simular inversión de la especie BDC28,10189.0
2026-05-09T14:33:48-03:00,Analizar,Simular inversión de la especie PNRCO,6578.0
2026-05-09T14:33:48-03:00,Analizar,Simular inversión de la especie TX28,2684.0
2026-05-09T14:33:48-03:00,Analizar,Validaciones en la pestaña General de la especie PNRCO,367.0
2026-05-09T14:33:48-03:00,Arbitraje,Arbitraje de las especies AL30 y TX28,10454.0
2026-05-09T14:33:48-03:00,Arbitraje,Ingresar al menú Arbitraje,777.0
2026-05-09T14:33:48-03:00,Arbitraje,"Navegabilidad entre las pestañas Paridad, Inversión y Scatter",11053.0
2026-05-09T14:33:48-03:00,Calculadora,"Editar P. Simulado, de la primera simulación",11074.0
2026-05-09T14:33:48-03:00,Calculadora,Editar la TIR de la primera simulación,3149.0
2026-05-09T14:33:48-03:00,Calculadora,Eliminar todas las simulaciones,252.0
2026-05-09T14:33:48-03:00,Calculadora,Ingresar al menú Calculadora,5761.0
2026-05-09T14:33:48-03:00,Calculadora,Simular inversiones de la especie AL30,89467.0
2026-05-09T14:33:48-03:00,Comparar,Eliminar las especies AL30 y TX28,3995.0
2026-05-09T14:33:48-03:00,Comparar,Ingresar al menú Comparar,794.0
2026-05-09T14:33:48-03:00,Comparar,Ir a Condiciones de Emisión,1011.0
2026-05-09T14:33:48-03:00,Comparar,Navegabilidad por pestañas gráficas,6504.0
2026-05-09T14:33:48-03:00,Comparar,Realizar comparativa entre las especies AL30 y TX28,11422.0
2026-05-09T14:33:48-03:00,Curvas,Ingresar a la pestaña Internacionales,372.0
2026-05-09T14:33:48-03:00,Curvas,Ingresar al menú Curvas,4477.0
2026-05-09T14:33:48-03:00,Curvas,Ingreso a la curva BCRA - BOPREALs - USD,1475.0
2026-05-09T14:33:48-03:00,Curvas,Ingreso a la curva Brasil - Soberanos - Bonos Globales - USD,10239.0
2026-05-09T14:33:48-03:00,Curvas,Ingreso a la curva Chile - Soberanos - Bonos Globales - USD,17913.0
2026-05-09T14:33:48-03:00,Curvas,Ingreso a la curva Colombia - Soberanos - Bonos Globales - USD,9667.0
2026-05-09T14:33:48-03:00,Curvas,Ingreso a la curva Corporativos - ONs Dollar Linked - ARS,9540.0
2026-05-09T14:33:48-03:00,Curvas,Ingreso a la curva Estados Unidos - Soberanos - Treasury Notes/Bonds - USD,5204.0
2026-05-09T14:33:48-03:00,Curvas,Ingreso a la curva Mexico - Soberanos - Bonos Globales - USD,15630.0
2026-05-09T14:33:48-03:00,Curvas,Ingreso a la curva Paraguay - Soberanos - Bonos Globales - USD,5051.0
2026-05-09T14:33:48-03:00,Curvas,Ingreso a la curva Soberanos - Letras del Tesoro Capitalizables (LECAP) - ARS,1656.0
2026-05-09T14:33:48-03:00,Curvas,Ingreso a la curva Soberanos - Ley Argentina - USD,1324.0
2026-05-09T14:33:48-03:00,Curvas,Ingreso a la curva Soberanos - Tasa Fija + CER - ARS,1538.0
2026-05-09T14:33:48-03:00,Curvas,"Ingreso a la pestaña ""BCRA""",153.0
2026-05-09T14:33:48-03:00,Curvas,"Ingreso a la pestaña ""Corporativos""",185.0
2026-05-09T14:33:48-03:00,Curvas,"Ingreso a la pestaña ""Soberanos""",242.0
2026-05-09T14:33:48-03:00,Curvas,"Ingreso a la pestaña ""SubSoberanos""",165.0
2026-05-09T14:33:48-03:00,Curvas,Ingreso en la pestaña Análisis online de la curva de: BCRA - BOPREALs - USD,2798.0
2026-05-09T14:33:48-03:00,Curvas,Ingreso en la pestaña Análisis online de la curva de: Corporativos - ONs Dollar Linked - ARS,2728.0
2026-05-09T14:33:48-03:00,Curvas,Ingreso en la pestaña Análisis online de la curva de: Soberanos - Letras del Tesoro Capitalizables (LECAP) - ARS,2719.0
2026-05-09T14:33:48-03:00,Curvas,Ingreso en la pestaña Análisis online de la curva de: Soberanos - Ley Argentina - USD,2604.0
2026-05-09T14:33:48-03:00,Curvas,Ingreso en la pestaña Análisis online de la curva de: Soberanos - Tasa Fija + CER - ARS,3586.0
2026-05-09T14:33:48-03:00,Graficador,Graficar la especie AL30,4567.0
2026-05-09T14:33:48-03:00,Graficador,Graficar todas las curvas,5126.0
2026-05-09T14:33:48-03:00,Graficador,Ingresar al menú Graficador,5795.0
2026-05-09T14:33:48-03:00,Mis portafolios,Agregar la cuarta especie al portafolio,3417.0
2026-05-09T14:33:48-03:00,Mis portafolios,Agregar la primera especie al portafolio,3242.0
2026-05-09T14:33:48-03:00,Mis portafolios,Agregar la segunda especie al portafolio,2908.0
2026-05-09T14:33:48-03:00,Mis portafolios,Agregar la tercera especie al portafolio,3487.0
2026-05-09T14:33:48-03:00,Mis portafolios,Crear un nuevo portafolio,7488.0
2026-05-09T14:33:48-03:00,Mis portafolios,Editar el portafolio,2774.0
2026-05-09T14:33:48-03:00,Mis portafolios,Eliminar el portafolio,4207.0
2026-05-09T14:33:48-03:00,Mis portafolios,Eliminar todas las especies del portafolio,3550.0
2026-05-09T14:33:48-03:00,Mis portafolios,Ingresar al menú Mis portafolios,839.0
2026-05-09T14:33:48-03:00,Mis portafolios,Navegabilidad entre las pestañas Proyección y Agenda de pagos en el portafolio,1697.0
2026-05-09T14:33:48-03:00,Screener,Búsqueda con filtros en Screener,6027.0
2026-05-09T14:33:48-03:00,Screener,Ingresar al menú Screener,5464.0
2026-05-09T14:33:48-03:00,Sensibilidad,Eliminar escenario,100.0
2026-05-09T14:33:48-03:00,Sensibilidad,Eliminar especie,104.0
2026-05-09T14:33:48-03:00,Sensibilidad,Ingresar al menú Sensibilidad,835.0
2026-05-09T14:33:48-03:00,Sensibilidad,Realizar Análisis de sensibilidad,7621.0
2026-05-10T14:36:26-03:00,Analizar,Analizar la especie  BDC28,1766.0
2026-05-10T14:36:26-03:00,Analizar,Analizar la especie AL30 ,2910.0
2026-05-10T14:36:26-03:00,Analizar,Analizar la especie PNRCO,2674.0
2026-05-10T14:36:26-03:00,Analizar,Analizar la especie TX28,1982.0
2026-05-10T14:36:26-03:00,Analizar,Armado de escenarios en Análisis de Sensibilidad de la especie AL30,14684.0
2026-05-10T14:36:26-03:00,Analizar,Armado de escenarios en Análisis de Sensibilidad de la especie BDC28,17387.0
2026-05-10T14:36:26-03:00,Analizar,Armado de escenarios en Análisis de Sensibilidad de la especie PNRCO,18059.0
2026-05-10T14:36:26-03:00,Analizar,Armado de escenarios en Análisis de Sensibilidad de la especie TX28,13098.0
2026-05-10T14:36:26-03:00,Analizar,Ingresar al Home,8559.0
2026-05-10T14:36:26-03:00,Analizar,Ingreso a la pestaña Condiciones de Emisión de la especie  AL30,690.0
2026-05-10T14:36:26-03:00,Analizar,Ingreso a la pestaña Condiciones de Emisión de la especie BDC28,947.0
2026-05-10T14:36:26-03:00,Analizar,Ingreso a la pestaña Condiciones de Emisión de la especie PNRCO,799.0
2026-05-10T14:36:26-03:00,Analizar,Ingreso a la pestaña Condiciones de Emisión de la especie TX28,698.0
2026-05-10T14:36:26-03:00,Analizar,Navegabilidad por los botones TIRs y Paridades Históricas de la especie AL30,8645.0
2026-05-10T14:36:26-03:00,Analizar,Navegabilidad por los botones TIRs y Paridades Históricas de la especie BDC28,9357.0
2026-05-10T14:36:26-03:00,Analizar,Navegabilidad por los botones TIRs y Paridades Históricas de la especie PNRCO,4041.0
2026-05-10T14:36:26-03:00,Analizar,Navegabilidad por los botones TIRs y Paridades Históricas de la especie TX28,8261.0
2026-05-10T14:36:26-03:00,Analizar,Simular inversión de la especie AL30,2739.0
2026-05-10T14:36:26-03:00,Analizar,Simular inversión de la especie BDC28,14058.0
2026-05-10T14:36:26-03:00,Analizar,Simular inversión de la especie PNRCO,8973.0
2026-05-10T14:36:26-03:00,Analizar,Simular inversión de la especie TX28,3398.0
2026-05-10T14:36:26-03:00,Analizar,Validaciones en la pestaña General de la especie PNRCO,364.0
2026-05-10T14:36:26-03:00,Arbitraje,Arbitraje de las especies AL30 y TX28,11750.0
2026-05-10T14:36:26-03:00,Arbitraje,Ingresar al menú Arbitraje,842.0
2026-05-10T14:36:26-03:00,Arbitraje,"Navegabilidad entre las pestañas Paridad, Inversión y Scatter",12662.0
2026-05-10T14:36:26-03:00,Calculadora,"Editar P. Simulado, de la primera simulación",11249.0
2026-05-10T14:36:26-03:00,Calculadora,Editar la TIR de la primera simulación,2902.0
2026-05-10T14:36:26-03:00,Calculadora,Eliminar todas las simulaciones,261.0
2026-05-10T14:36:26-03:00,Calculadora,Ingresar al menú Calculadora,5898.0
2026-05-10T14:36:26-03:00,Calculadora,Simular inversiones de la especie AL30,91965.0
2026-05-10T14:36:26-03:00,Comparar,Eliminar las especies AL30 y TX28,4583.0
2026-05-10T14:36:26-03:00,Comparar,Ingresar al menú Comparar,890.0
2026-05-10T14:36:26-03:00,Comparar,Ir a Condiciones de Emisión,1246.0
2026-05-10T14:36:26-03:00,Comparar,Navegabilidad por pestañas gráficas,7782.0
2026-05-10T14:36:26-03:00,Comparar,Realizar comparativa entre las especies AL30 y TX28,13243.0
2026-05-10T14:36:26-03:00,Curvas,Ingresar a la pestaña Internacionales,538.0
2026-05-10T14:36:26-03:00,Curvas,Ingresar al menú Curvas,6374.0
2026-05-10T14:36:26-03:00,Curvas,Ingreso a la curva BCRA - BOPREALs - USD,1550.0
2026-05-10T14:36:26-03:00,Curvas,Ingreso a la curva Brasil - Soberanos - Bonos Globales - USD,28160.0
2026-05-10T14:36:26-03:00,Curvas,Ingreso a la curva Chile - Soberanos - Bonos Globales - USD,29432.0
2026-05-10T14:36:26-03:00,Curvas,Ingreso a la curva Colombia - Soberanos - Bonos Globales - USD,26229.0
2026-05-10T14:36:26-03:00,Curvas,Ingreso a la curva Corporativos - ONs Dollar Linked - ARS,30425.0
2026-05-10T14:36:26-03:00,Curvas,Ingreso a la curva Estados Unidos - Soberanos - Treasury Notes/Bonds - USD,14731.0
2026-05-10T14:36:26-03:00,Curvas,Ingreso a la curva Mexico - Soberanos - Bonos Globales - USD,21923.0
2026-05-10T14:36:26-03:00,Curvas,Ingreso a la curva Paraguay - Soberanos - Bonos Globales - USD,17338.0
2026-05-10T14:36:26-03:00,Curvas,Ingreso a la curva Soberanos - Letras del Tesoro Capitalizables (LECAP) - ARS,1440.0
2026-05-10T14:36:26-03:00,Curvas,Ingreso a la curva Soberanos - Ley Argentina - USD,1192.0
2026-05-10T14:36:26-03:00,Curvas,Ingreso a la curva Soberanos - Tasa Fija + CER - ARS,1981.0
2026-05-10T14:36:26-03:00,Curvas,"Ingreso a la pestaña ""BCRA""",134.0
2026-05-10T14:36:26-03:00,Curvas,"Ingreso a la pestaña ""Corporativos""",146.0
2026-05-10T14:36:26-03:00,Curvas,"Ingreso a la pestaña ""Soberanos""",247.0
2026-05-10T14:36:26-03:00,Curvas,"Ingreso a la pestaña ""SubSoberanos""",147.0
2026-05-10T14:36:26-03:00,Curvas,Ingreso en la pestaña Análisis online de la curva de: BCRA - BOPREALs - USD,2804.0
2026-05-10T14:36:26-03:00,Curvas,Ingreso en la pestaña Análisis online de la curva de: Corporativos - ONs Dollar Linked - ARS,3534.0
2026-05-10T14:36:26-03:00,Curvas,Ingreso en la pestaña Análisis online de la curva de: Soberanos - Letras del Tesoro Capitalizables (LECAP) - ARS,2848.0
2026-05-10T14:36:26-03:00,Curvas,Ingreso en la pestaña Análisis online de la curva de: Soberanos - Ley Argentina - USD,3026.0
2026-05-10T14:36:26-03:00,Curvas,Ingreso en la pestaña Análisis online de la curva de: Soberanos - Tasa Fija + CER - ARS,2949.0
2026-05-10T14:36:26-03:00,Graficador,Graficar la especie AL30,4437.0
2026-05-10T14:36:26-03:00,Graficador,Graficar todas las curvas,7098.0
2026-05-10T14:36:26-03:00,Graficador,Ingresar al menú Graficador,6026.0
2026-05-10T14:36:26-03:00,Mis portafolios,Agregar la cuarta especie al portafolio,3425.0
2026-05-10T14:36:26-03:00,Mis portafolios,Agregar la primera especie al portafolio,3524.0
2026-05-10T14:36:26-03:00,Mis portafolios,Agregar la segunda especie al portafolio,3293.0
2026-05-10T14:36:26-03:00,Mis portafolios,Agregar la tercera especie al portafolio,3594.0
2026-05-10T14:36:26-03:00,Mis portafolios,Crear un nuevo portafolio,7687.0
2026-05-10T14:36:26-03:00,Mis portafolios,Editar el portafolio,3156.0
2026-05-10T14:36:26-03:00,Mis portafolios,Eliminar el portafolio,2417.0
2026-05-10T14:36:26-03:00,Mis portafolios,Eliminar todas las especies del portafolio,4267.0
2026-05-10T14:36:26-03:00,Mis portafolios,Ingresar al menú Mis portafolios,863.0
2026-05-10T14:36:26-03:00,Mis portafolios,Navegabilidad entre las pestañas Proyección y Agenda de pagos en el portafolio,2005.0
2026-05-10T14:36:26-03:00,Screener,Búsqueda con filtros en Screener,9069.0
2026-05-10T14:36:26-03:00,Screener,Ingresar al menú Screener,5736.0
2026-05-10T14:36:26-03:00,Sensibilidad,Eliminar escenario,90.0
2026-05-10T14:36:26-03:00,Sensibilidad,Eliminar especie,98.0
2026-05-10T14:36:26-03:00,Sensibilidad,Ingresar al menú Sensibilidad,909.0
2026-05-10T14:36:26-03:00,Sensibilidad,Realizar Análisis de sensibilidad,7023.0
2026-05-11T14:54:38-03:00,Analizar,Analizar la especie  BDC28,2377.0
2026-05-11T14:54:38-03:00,Analizar,Analizar la especie AL30 ,3103.0
2026-05-11T14:54:38-03:00,Analizar,Analizar la especie PNRCO,1663.0
2026-05-11T14:54:38-03:00,Analizar,Analizar la especie TX28,2213.0
2026-05-11T14:54:38-03:00,Analizar,Armado de escenarios en Análisis de Sensibilidad de la especie AL30,19462.0
2026-05-11T14:54:38-03:00,Analizar,Armado de escenarios en Análisis de Sensibilidad de la especie BDC28,11877.0
2026-05-11T14:54:38-03:00,Analizar,Armado de escenarios en Análisis de Sensibilidad de la especie PNRCO,16360.0
2026-05-11T14:54:38-03:00,Analizar,Armado de escenarios en Análisis de Sensibilidad de la especie TX28,8272.0
2026-05-11T14:54:38-03:00,Analizar,Ingresar al Home,8844.0
2026-05-11T14:54:38-03:00,Analizar,Ingreso a la pestaña Condiciones de Emisión de la especie  AL30,715.0
2026-05-11T14:54:38-03:00,Analizar,Ingreso a la pestaña Condiciones de Emisión de la especie BDC28,1070.0
2026-05-11T14:54:38-03:00,Analizar,Ingreso a la pestaña Condiciones de Emisión de la especie PNRCO,819.0
2026-05-11T14:54:38-03:00,Analizar,Ingreso a la pestaña Condiciones de Emisión de la especie TX28,721.0
2026-05-11T14:54:38-03:00,Analizar,Navegabilidad por los botones TIRs y Paridades Históricas de la especie AL30,10287.0
2026-05-11T14:54:38-03:00,Analizar,Navegabilidad por los botones TIRs y Paridades Históricas de la especie BDC28,9300.0
2026-05-11T14:54:38-03:00,Analizar,Navegabilidad por los botones TIRs y Paridades Históricas de la especie PNRCO,4401.0
2026-05-11T14:54:38-03:00,Analizar,Navegabilidad por los botones TIRs y Paridades Históricas de la especie TX28,10654.0
2026-05-11T14:54:38-03:00,Analizar,Simular inversión de la especie AL30,2440.0
2026-05-11T14:54:38-03:00,Analizar,Simular inversión de la especie BDC28,4197.0
2026-05-11T14:54:38-03:00,Analizar,Simular inversión de la especie PNRCO,3647.0
2026-05-11T14:54:38-03:00,Analizar,Simular inversión de la especie TX28,1952.0
2026-05-11T14:54:38-03:00,Analizar,Validaciones en la pestaña General de la especie PNRCO,505.0
2026-05-11T14:54:38-03:00,Arbitraje,Arbitraje de las especies AL30 y TX28,12205.0
2026-05-11T14:54:38-03:00,Arbitraje,Ingresar al menú Arbitraje,1004.0
2026-05-11T14:54:38-03:00,Arbitraje,"Navegabilidad entre las pestañas Paridad, Inversión y Scatter",11659.0
2026-05-11T14:54:38-03:00,Calculadora,"Editar P. Simulado, de la primera simulación",11335.0
2026-05-11T14:54:38-03:00,Calculadora,Editar la TIR de la primera simulación,3403.0
2026-05-11T14:54:38-03:00,Calculadora,Eliminar todas las simulaciones,283.0
2026-05-11T14:54:38-03:00,Calculadora,Ingresar al menú Calculadora,6373.0
2026-05-11T14:54:38-03:00,Calculadora,Simular inversiones de la especie AL30,102757.0
2026-05-11T14:54:38-03:00,Comparar,Eliminar las especies AL30 y TX28,5108.0
2026-05-11T14:54:38-03:00,Comparar,Ingresar al menú Comparar,940.0
2026-05-11T14:54:38-03:00,Comparar,Ir a Condiciones de Emisión,1378.0
2026-05-11T14:54:38-03:00,Comparar,Navegabilidad por pestañas gráficas,8291.0
2026-05-11T14:54:38-03:00,Comparar,Realizar comparativa entre las especies AL30 y TX28,14897.0
2026-05-11T14:54:38-03:00,Curvas,Ingresar a la pestaña Internacionales,714.0
2026-05-11T14:54:38-03:00,Curvas,Ingresar al menú Curvas,6894.0
2026-05-11T14:54:38-03:00,Curvas,Ingreso a la curva BCRA - BOPREALs - USD,1443.0
2026-05-11T14:54:38-03:00,Curvas,Ingreso a la curva Brasil - Soberanos - Bonos Globales - USD,9323.0
2026-05-11T14:54:38-03:00,Curvas,Ingreso a la curva Chile - Soberanos - Bonos Globales - USD,8236.0
2026-05-11T14:54:38-03:00,Curvas,Ingreso a la curva Colombia - Soberanos - Bonos Globales - USD,28424.0
2026-05-11T14:54:38-03:00,Curvas,Ingreso a la curva Corporativos - ONs Dollar Linked - ARS,3917.0
2026-05-11T14:54:38-03:00,Curvas,Ingreso a la curva Estados Unidos - Soberanos - Treasury Notes/Bonds - USD,5358.0
2026-05-11T14:54:38-03:00,Curvas,Ingreso a la curva Mexico - Soberanos - Bonos Globales - USD,15781.0
2026-05-11T14:54:38-03:00,Curvas,Ingreso a la curva Paraguay - Soberanos - Bonos Globales - USD,8767.0
2026-05-11T14:54:38-03:00,Curvas,Ingreso a la curva Soberanos - Letras del Tesoro Capitalizables (LECAP) - ARS,1786.0
2026-05-11T14:54:38-03:00,Curvas,Ingreso a la curva Soberanos - Ley Argentina - USD,1899.0
2026-05-11T14:54:38-03:00,Curvas,Ingreso a la curva Soberanos - Tasa Fija + CER - ARS,1936.0
2026-05-11T14:54:38-03:00,Curvas,"Ingreso a la pestaña ""BCRA""",167.0
2026-05-11T14:54:38-03:00,Curvas,"Ingreso a la pestaña ""Corporativos""",154.0
2026-05-11T14:54:38-03:00,Curvas,"Ingreso a la pestaña ""Soberanos""",248.0
2026-05-11T14:54:38-03:00,Curvas,"Ingreso a la pestaña ""SubSoberanos""",152.0
2026-05-11T14:54:38-03:00,Curvas,Ingreso en la pestaña Análisis online de la curva de: BCRA - BOPREALs - USD,3583.0
2026-05-11T14:54:38-03:00,Curvas,Ingreso en la pestaña Análisis online de la curva de: Corporativos - ONs Dollar Linked - ARS,4834.0
2026-05-11T14:54:38-03:00,Curvas,Ingreso en la pestaña Análisis online de la curva de: Soberanos - Letras del Tesoro Capitalizables (LECAP) - ARS,2449.0
2026-05-11T14:54:38-03:00,Curvas,Ingreso en la pestaña Análisis online de la curva de: Soberanos - Ley Argentina - USD,3835.0
2026-05-11T14:54:38-03:00,Curvas,Ingreso en la pestaña Análisis online de la curva de: Soberanos - Tasa Fija + CER - ARS,3975.0
2026-05-11T14:54:38-03:00,Graficador,Graficar la especie AL30,4971.0
2026-05-11T14:54:38-03:00,Graficador,Graficar todas las curvas,7440.0
2026-05-11T14:54:38-03:00,Graficador,Ingresar al menú Graficador,5821.0
2026-05-11T14:54:38-03:00,Mis portafolios,Agregar la cuarta especie al portafolio,3684.0
2026-05-11T14:54:38-03:00,Mis portafolios,Agregar la primera especie al portafolio,3820.0
2026-05-11T14:54:38-03:00,Mis portafolios,Agregar la segunda especie al portafolio,3732.0
2026-05-11T14:54:38-03:00,Mis portafolios,Agregar la tercera especie al portafolio,3940.0
2026-05-11T14:54:38-03:00,Mis portafolios,Crear un nuevo portafolio,6990.0
2026-05-11T14:54:38-03:00,Mis portafolios,Editar el portafolio,3254.0
2026-05-11T14:54:38-03:00,Mis portafolios,Eliminar el portafolio,677.0
2026-05-11T14:54:38-03:00,Mis portafolios,Eliminar todas las especies del portafolio,4392.0
2026-05-11T14:54:38-03:00,Mis portafolios,Ingresar al menú Mis portafolios,919.0
2026-05-11T14:54:38-03:00,Mis portafolios,Navegabilidad entre las pestañas Proyección y Agenda de pagos en el portafolio,2127.0
2026-05-11T14:54:38-03:00,Screener,Búsqueda con filtros en Screener,7749.0
2026-05-11T14:54:38-03:00,Screener,Ingresar al menú Screener,7213.0
2026-05-11T14:54:38-03:00,Sensibilidad,Eliminar escenario,94.0
2026-05-11T14:54:38-03:00,Sensibilidad,Eliminar especie,98.0
2026-05-11T14:54:38-03:00,Sensibilidad,Ingresar al menú Sensibilidad,881.0
2026-05-11T14:54:38-03:00,Sensibilidad,Realizar Análisis de sensibilidad,7482.0
2026-05-12T14:57:10-03:00,Analizar,Analizar la especie  BDC28,1751.0
2026-05-12T14:57:10-03:00,Analizar,Analizar la especie AL30 ,2571.0
2026-05-12T14:57:10-03:00,Analizar,Analizar la especie PNRCO,2181.0
2026-05-12T14:57:10-03:00,Analizar,Analizar la especie TX28,1691.0
2026-05-12T14:57:10-03:00,Analizar,Armado de escenarios en Análisis de Sensibilidad de la especie AL30,16737.0
2026-05-12T14:57:10-03:00,Analizar,Armado de escenarios en Análisis de Sensibilidad de la especie BDC28,15735.0
2026-05-12T14:57:10-03:00,Analizar,Armado de escenarios en Análisis de Sensibilidad de la especie PNRCO,14908.0
2026-05-12T14:57:10-03:00,Analizar,Armado de escenarios en Análisis de Sensibilidad de la especie TX28,12330.0
2026-05-12T14:57:10-03:00,Analizar,Ingresar al Home,8086.0
2026-05-12T14:57:10-03:00,Analizar,Ingreso a la pestaña Condiciones de Emisión de la especie  AL30,616.0
2026-05-12T14:57:10-03:00,Analizar,Ingreso a la pestaña Condiciones de Emisión de la especie BDC28,791.0
2026-05-12T14:57:10-03:00,Analizar,Ingreso a la pestaña Condiciones de Emisión de la especie PNRCO,673.0
2026-05-12T14:57:10-03:00,Analizar,Ingreso a la pestaña Condiciones de Emisión de la especie TX28,6751.0
2026-05-12T14:57:10-03:00,Analizar,Navegabilidad por los botones TIRs y Paridades Históricas de la especie AL30,7241.0
2026-05-12T14:57:10-03:00,Analizar,Navegabilidad por los botones TIRs y Paridades Históricas de la especie BDC28,8136.0
2026-05-12T14:57:10-03:00,Analizar,Navegabilidad por los botones TIRs y Paridades Históricas de la especie PNRCO,5150.0
2026-05-12T14:57:10-03:00,Analizar,Navegabilidad por los botones TIRs y Paridades Históricas de la especie TX28,6647.0
2026-05-12T14:57:10-03:00,Analizar,Simular inversión de la especie AL30,2074.0
2026-05-12T14:57:10-03:00,Analizar,Simular inversión de la especie BDC28,5472.0
2026-05-12T14:57:10-03:00,Analizar,Simular inversión de la especie PNRCO,4118.0
2026-05-12T14:57:10-03:00,Analizar,Simular inversión de la especie TX28,1812.0
2026-05-12T14:57:10-03:00,Analizar,Validaciones en la pestaña General de la especie PNRCO,357.0
2026-05-12T14:57:10-03:00,Arbitraje,Arbitraje de las especies AL30 y TX28,12048.0
2026-05-12T14:57:10-03:00,Arbitraje,Ingresar al menú Arbitraje,799.0
2026-05-12T14:57:10-03:00,Arbitraje,"Navegabilidad entre las pestañas Paridad, Inversión y Scatter",10174.0
2026-05-12T14:57:10-03:00,Calculadora,"Editar P. Simulado, de la primera simulación",11065.0
2026-05-12T14:57:10-03:00,Calculadora,Editar la TIR de la primera simulación,2915.0
2026-05-12T14:57:10-03:00,Calculadora,Eliminar todas las simulaciones,248.0
2026-05-12T14:57:10-03:00,Calculadora,Ingresar al menú Calculadora,4827.0
2026-05-12T14:57:10-03:00,Calculadora,Simular inversiones de la especie AL30,94198.0
2026-05-12T14:57:10-03:00,Comparar,Eliminar las especies AL30 y TX28,4241.0
2026-05-12T14:57:10-03:00,Comparar,Ingresar al menú Comparar,825.0
2026-05-12T14:57:10-03:00,Comparar,Ir a Condiciones de Emisión,850.0
2026-05-12T14:57:10-03:00,Comparar,Navegabilidad por pestañas gráficas,7732.0
2026-05-12T14:57:10-03:00,Comparar,Realizar comparativa entre las especies AL30 y TX28,14024.0
2026-05-12T14:57:10-03:00,Curvas,Ingresar a la pestaña Internacionales,417.0
2026-05-12T14:57:10-03:00,Curvas,Ingresar al menú Curvas,6551.0
2026-05-12T14:57:10-03:00,Curvas,Ingreso a la curva BCRA - BOPREALs - USD,1369.0
2026-05-12T14:57:10-03:00,Curvas,Ingreso a la curva Brasil - Soberanos - Bonos Globales - USD,43672.0
2026-05-12T14:57:10-03:00,Curvas,Ingreso a la curva Chile - Soberanos - Bonos Globales - USD,9074.0
2026-05-12T14:57:10-03:00,Curvas,Ingreso a la curva Colombia - Soberanos - Bonos Globales - USD,12670.0
2026-05-12T14:57:10-03:00,Curvas,Ingreso a la curva Corporativos - ONs Dollar Linked - ARS,19521.0
2026-05-12T14:57:10-03:00,Curvas,Ingreso a la curva Estados Unidos - Soberanos - Treasury Notes/Bonds - USD,5118.0
2026-05-12T14:57:10-03:00,Curvas,Ingreso a la curva Mexico - Soberanos - Bonos Globales - USD,69836.0
2026-05-12T14:57:10-03:00,Curvas,Ingreso a la curva Paraguay - Soberanos - Bonos Globales - USD,16322.0
2026-05-12T14:57:10-03:00,Curvas,Ingreso a la curva Soberanos - Letras del Tesoro Capitalizables (LECAP) - ARS,3112.0
2026-05-12T14:57:10-03:00,Curvas,Ingreso a la curva Soberanos - Ley Argentina - USD,1219.0
2026-05-12T14:57:10-03:00,Curvas,Ingreso a la curva Soberanos - Tasa Fija + CER - ARS,1928.0
2026-05-12T14:57:10-03:00,Curvas,"Ingreso a la pestaña ""BCRA""",142.0
2026-05-12T14:57:10-03:00,Curvas,"Ingreso a la pestaña ""Corporativos""",141.0
2026-05-12T14:57:10-03:00,Curvas,"Ingreso a la pestaña ""Soberanos""",211.0
2026-05-12T14:57:10-03:00,Curvas,"Ingreso a la pestaña ""SubSoberanos""",145.0
2026-05-12T14:57:10-03:00,Curvas,Ingreso en la pestaña Análisis online de la curva de: BCRA - BOPREALs - USD,5645.0
2026-05-12T14:57:10-03:00,Curvas,Ingreso en la pestaña Análisis online de la curva de: Corporativos - ONs Dollar Linked - ARS,4894.0
2026-05-12T14:57:10-03:00,Curvas,Ingreso en la pestaña Análisis online de la curva de: Soberanos - Letras del Tesoro Capitalizables (LECAP) - ARS,3567.0
2026-05-12T14:57:10-03:00,Curvas,Ingreso en la pestaña Análisis online de la curva de: Soberanos - Ley Argentina - USD,3314.0
2026-05-12T14:57:10-03:00,Curvas,Ingreso en la pestaña Análisis online de la curva de: Soberanos - Tasa Fija + CER - ARS,1548.0
2026-05-12T14:57:10-03:00,Graficador,Graficar la especie AL30,4878.0
2026-05-12T14:57:10-03:00,Graficador,Graficar todas las curvas,6455.0
2026-05-12T14:57:10-03:00,Graficador,Ingresar al menú Graficador,5127.0
2026-05-12T14:57:10-03:00,Mis portafolios,Agregar la cuarta especie al portafolio,3661.0
2026-05-12T14:57:10-03:00,Mis portafolios,Agregar la primera especie al portafolio,3121.0
2026-05-12T14:57:10-03:00,Mis portafolios,Agregar la segunda especie al portafolio,2871.0
2026-05-12T14:57:10-03:00,Mis portafolios,Agregar la tercera especie al portafolio,3282.0
2026-05-12T14:57:10-03:00,Mis portafolios,Crear un nuevo portafolio,7180.0
2026-05-12T14:57:10-03:00,Mis portafolios,Editar el portafolio,3324.0
2026-05-12T14:57:10-03:00,Mis portafolios,Eliminar el portafolio,1114.0
2026-05-12T14:57:10-03:00,Mis portafolios,Eliminar todas las especies del portafolio,4192.0
2026-05-12T14:57:10-03:00,Mis portafolios,Ingresar al menú Mis portafolios,823.0
2026-05-12T14:57:10-03:00,Mis portafolios,Navegabilidad entre las pestañas Proyección y Agenda de pagos en el portafolio,1940.0
2026-05-12T14:57:10-03:00,Screener,Búsqueda con filtros en Screener,6535.0
2026-05-12T14:57:10-03:00,Screener,Ingresar al menú Screener,6800.0
2026-05-12T14:57:10-03:00,Sensibilidad,Eliminar escenario,100.0
2026-05-12T14:57:10-03:00,Sensibilidad,Eliminar especie,100.0
2026-05-12T14:57:10-03:00,Sensibilidad,Ingresar al menú Sensibilidad,835.0
2026-05-12T14:57:10-03:00,Sensibilidad,Realizar Análisis de sensibilidad,6987.0
2026-05-13T15:38:15-03:00,Analizar,Analizar la especie  BDC28,2183.0
2026-05-13T15:38:15-03:00,Analizar,Analizar la especie AL30 ,2431.0
2026-05-13T15:38:15-03:00,Analizar,Analizar la especie PNRCO,1255.0
2026-05-13T15:38:15-03:00,Analizar,Analizar la especie TX28,1725.0
2026-05-13T15:38:15-03:00,Analizar,Armado de escenarios en Análisis de Sensibilidad de la especie AL30,17442.0
2026-05-13T15:38:15-03:00,Analizar,Armado de escenarios en Análisis de Sensibilidad de la especie BDC28,12042.0
2026-05-13T15:38:15-03:00,Analizar,Armado de escenarios en Análisis de Sensibilidad de la especie PNRCO,12485.0
2026-05-13T15:38:15-03:00,Analizar,Armado de escenarios en Análisis de Sensibilidad de la especie TX28,9038.0
2026-05-13T15:38:15-03:00,Analizar,Ingresar al Home,7734.0
2026-05-13T15:38:15-03:00,Analizar,Ingreso a la pestaña Condiciones de Emisión de la especie  AL30,505.0
2026-05-13T15:38:15-03:00,Analizar,Ingreso a la pestaña Condiciones de Emisión de la especie BDC28,1212.0
2026-05-13T15:38:15-03:00,Analizar,Ingreso a la pestaña Condiciones de Emisión de la especie PNRCO,723.0
2026-05-13T15:38:15-03:00,Analizar,Ingreso a la pestaña Condiciones de Emisión de la especie TX28,709.0
2026-05-13T15:38:15-03:00,Analizar,Navegabilidad por los botones TIRs y Paridades Históricas de la especie AL30,8090.0
2026-05-13T15:38:15-03:00,Analizar,Navegabilidad por los botones TIRs y Paridades Históricas de la especie BDC28,10102.0
2026-05-13T15:38:15-03:00,Analizar,Navegabilidad por los botones TIRs y Paridades Históricas de la especie PNRCO,3915.0
2026-05-13T15:38:15-03:00,Analizar,Navegabilidad por los botones TIRs y Paridades Históricas de la especie TX28,8684.0
2026-05-13T15:38:15-03:00,Analizar,Simular inversión de la especie AL30,2317.0
2026-05-13T15:38:15-03:00,Analizar,Simular inversión de la especie BDC28,6460.0
2026-05-13T15:38:15-03:00,Analizar,Simular inversión de la especie PNRCO,4776.0
2026-05-13T15:38:15-03:00,Analizar,Simular inversión de la especie TX28,2007.0
2026-05-13T15:38:15-03:00,Analizar,Validaciones en la pestaña General de la especie PNRCO,438.0
2026-05-13T15:38:15-03:00,Arbitraje,Arbitraje de las especies AL30 y TX28,10385.0
2026-05-13T15:38:15-03:00,Arbitraje,Ingresar al menú Arbitraje,878.0
2026-05-13T15:38:15-03:00,Arbitraje,"Navegabilidad entre las pestañas Paridad, Inversión y Scatter",10939.0
2026-05-13T15:38:15-03:00,Calculadora,"Editar P. Simulado, de la primera simulación",11258.0
2026-05-13T15:38:15-03:00,Calculadora,Editar la TIR de la primera simulación,3213.0
2026-05-13T15:38:15-03:00,Calculadora,Eliminar todas las simulaciones,265.0
2026-05-13T15:38:15-03:00,Calculadora,Ingresar al menú Calculadora,4075.0
2026-05-13T15:38:15-03:00,Calculadora,Simular inversiones de la especie AL30,95777.0
2026-05-13T15:38:15-03:00,Comparar,Eliminar las especies AL30 y TX28,4418.0
2026-05-13T15:38:15-03:00,Comparar,Ingresar al menú Comparar,874.0
2026-05-13T15:38:15-03:00,Comparar,Ir a Condiciones de Emisión,896.0
2026-05-13T15:38:15-03:00,Comparar,Navegabilidad por pestañas gráficas,8418.0
2026-05-13T15:38:15-03:00,Comparar,Realizar comparativa entre las especies AL30 y TX28,13266.0
2026-05-13T15:38:15-03:00,Curvas,Ingresar a la pestaña Internacionales,403.0
2026-05-13T15:38:15-03:00,Curvas,Ingresar al menú Curvas,6173.0
2026-05-13T15:38:15-03:00,Curvas,Ingreso a la curva BCRA - BOPREALs - USD,1370.0
2026-05-13T15:38:15-03:00,Curvas,Ingreso a la curva Brasil - Soberanos - Bonos Globales - USD,11621.0
2026-05-13T15:38:15-03:00,Curvas,Ingreso a la curva Chile - Soberanos - Bonos Globales - USD,8960.0
2026-05-13T15:38:15-03:00,Curvas,Ingreso a la curva Colombia - Soberanos - Bonos Globales - USD,13965.0
2026-05-13T15:38:15-03:00,Curvas,Ingreso a la curva Corporativos - ONs Dollar Linked - ARS,3401.0
2026-05-13T15:38:15-03:00,Curvas,Ingreso a la curva Estados Unidos - Soberanos - Treasury Notes/Bonds - USD,7015.0
2026-05-13T15:38:15-03:00,Curvas,Ingreso a la curva Mexico - Soberanos - Bonos Globales - USD,16771.0
2026-05-13T15:38:15-03:00,Curvas,Ingreso a la curva Paraguay - Soberanos - Bonos Globales - USD,7523.0
2026-05-13T15:38:15-03:00,Curvas,Ingreso a la curva Soberanos - Letras del Tesoro Capitalizables (LECAP) - ARS,1366.0
2026-05-13T15:38:15-03:00,Curvas,Ingreso a la curva Soberanos - Ley Argentina - USD,1416.0
2026-05-13T15:38:15-03:00,Curvas,Ingreso a la curva Soberanos - Tasa Fija + CER - ARS,1698.0
2026-05-13T15:38:15-03:00,Curvas,"Ingreso a la pestaña ""BCRA""",140.0
2026-05-13T15:38:15-03:00,Curvas,"Ingreso a la pestaña ""Corporativos""",147.0
2026-05-13T15:38:15-03:00,Curvas,"Ingreso a la pestaña ""Soberanos""",221.0
2026-05-13T15:38:15-03:00,Curvas,"Ingreso a la pestaña ""SubSoberanos""",149.0
2026-05-13T15:38:15-03:00,Curvas,Ingreso en la pestaña Análisis online de la curva de: BCRA - BOPREALs - USD,2222.0
2026-05-13T15:38:15-03:00,Curvas,Ingreso en la pestaña Análisis online de la curva de: Corporativos - ONs Dollar Linked - ARS,3484.0
2026-05-13T15:38:15-03:00,Curvas,Ingreso en la pestaña Análisis online de la curva de: Soberanos - Letras del Tesoro Capitalizables (LECAP) - ARS,4584.0
2026-05-13T15:38:15-03:00,Curvas,Ingreso en la pestaña Análisis online de la curva de: Soberanos - Ley Argentina - USD,3167.0
2026-05-13T15:38:15-03:00,Curvas,Ingreso en la pestaña Análisis online de la curva de: Soberanos - Tasa Fija + CER - ARS,2858.0
2026-05-13T15:38:15-03:00,Graficador,Graficar la especie AL30,4389.0
2026-05-13T15:38:15-03:00,Graficador,Graficar todas las curvas,5002.0
2026-05-13T15:38:15-03:00,Graficador,Ingresar al menú Graficador,6118.0
2026-05-13T15:38:15-03:00,Mis portafolios,Agregar la cuarta especie al portafolio,3188.0
2026-05-13T15:38:15-03:00,Mis portafolios,Agregar la primera especie al portafolio,3091.0
2026-05-13T15:38:15-03:00,Mis portafolios,Agregar la segunda especie al portafolio,2770.0
2026-05-13T15:38:15-03:00,Mis portafolios,Agregar la tercera especie al portafolio,3207.0
2026-05-13T15:38:15-03:00,Mis portafolios,Crear un nuevo portafolio,8506.0
2026-05-13T15:38:15-03:00,Mis portafolios,Editar el portafolio,2973.0
2026-05-13T15:38:15-03:00,Mis portafolios,Eliminar el portafolio,5188.0
2026-05-13T15:38:15-03:00,Mis portafolios,Eliminar todas las especies del portafolio,4076.0
2026-05-13T15:38:15-03:00,Mis portafolios,Ingresar al menú Mis portafolios,879.0
2026-05-13T15:38:15-03:00,Mis portafolios,Navegabilidad entre las pestañas Proyección y Agenda de pagos en el portafolio,1841.0
2026-05-13T15:38:15-03:00,Screener,Búsqueda con filtros en Screener,7090.0
2026-05-13T15:38:15-03:00,Screener,Ingresar al menú Screener,5645.0
2026-05-13T15:38:15-03:00,Sensibilidad,Eliminar escenario,109.0
2026-05-13T15:38:15-03:00,Sensibilidad,Eliminar especie,116.0
2026-05-13T15:38:15-03:00,Sensibilidad,Ingresar al menú Sensibilidad,868.0
2026-05-13T15:38:15-03:00,Sensibilidad,Realizar Análisis de sensibilidad,6237.0
2026-05-14T14:56:41-03:00,Analizar,Analizar la especie  BDC28,2108.0
2026-05-14T14:56:41-03:00,Analizar,Analizar la especie AL30 ,2203.0
2026-05-14T14:56:41-03:00,Analizar,Analizar la especie PNRCO,2211.0
2026-05-14T14:56:41-03:00,Analizar,Analizar la especie TX28,1752.0
2026-05-14T14:56:41-03:00,Analizar,Armado de escenarios en Análisis de Sensibilidad de la especie AL30,11606.0
2026-05-14T14:56:41-03:00,Analizar,Armado de escenarios en Análisis de Sensibilidad de la especie BDC28,16449.0
2026-05-14T14:56:41-03:00,Analizar,Armado de escenarios en Análisis de Sensibilidad de la especie PNRCO,12968.0
2026-05-14T14:56:41-03:00,Analizar,Armado de escenarios en Análisis de Sensibilidad de la especie TX28,12553.0
2026-05-14T14:56:41-03:00,Analizar,Ingresar al Home,7851.0
2026-05-14T14:56:41-03:00,Analizar,Ingreso a la pestaña Condiciones de Emisión de la especie  AL30,557.0
2026-05-14T14:56:41-03:00,Analizar,Ingreso a la pestaña Condiciones de Emisión de la especie BDC28,762.0
2026-05-14T14:56:41-03:00,Analizar,Ingreso a la pestaña Condiciones de Emisión de la especie PNRCO,606.0
2026-05-14T14:56:41-03:00,Analizar,Ingreso a la pestaña Condiciones de Emisión de la especie TX28,853.0
2026-05-14T14:56:41-03:00,Analizar,Navegabilidad por los botones TIRs y Paridades Históricas de la especie AL30,8008.0
2026-05-14T14:56:41-03:00,Analizar,Navegabilidad por los botones TIRs y Paridades Históricas de la especie BDC28,8042.0
2026-05-14T14:56:41-03:00,Analizar,Navegabilidad por los botones TIRs y Paridades Históricas de la especie PNRCO,3966.0
2026-05-14T14:56:41-03:00,Analizar,Navegabilidad por los botones TIRs y Paridades Históricas de la especie TX28,7888.0
2026-05-14T14:56:41-03:00,Analizar,Simular inversión de la especie AL30,2213.0
2026-05-14T14:56:41-03:00,Analizar,Simular inversión de la especie BDC28,7731.0
2026-05-14T14:56:41-03:00,Analizar,Simular inversión de la especie PNRCO,5370.0
2026-05-14T14:56:41-03:00,Analizar,Simular inversión de la especie TX28,2353.0
2026-05-14T14:56:41-03:00,Analizar,Validaciones en la pestaña General de la especie PNRCO,483.0
2026-05-14T14:56:41-03:00,Arbitraje,Arbitraje de las especies AL30 y TX28,11623.0
2026-05-14T14:56:41-03:00,Arbitraje,Ingresar al menú Arbitraje,890.0
2026-05-14T14:56:41-03:00,Arbitraje,"Navegabilidad entre las pestañas Paridad, Inversión y Scatter",10497.0
2026-05-14T14:56:41-03:00,Calculadora,"Editar P. Simulado, de la primera simulación",11062.0
2026-05-14T14:56:41-03:00,Calculadora,Editar la TIR de la primera simulación,3161.0
2026-05-14T14:56:41-03:00,Calculadora,Eliminar todas las simulaciones,266.0
2026-05-14T14:56:41-03:00,Calculadora,Ingresar al menú Calculadora,3835.0
2026-05-14T14:56:41-03:00,Calculadora,Simular inversiones de la especie AL30,98236.0
2026-05-14T14:56:41-03:00,Comparar,Eliminar las especies AL30 y TX28,4536.0
2026-05-14T14:56:41-03:00,Comparar,Ingresar al menú Comparar,914.0
2026-05-14T14:56:41-03:00,Comparar,Ir a Condiciones de Emisión,1295.0
2026-05-14T14:56:41-03:00,Comparar,Navegabilidad por pestañas gráficas,9032.0
2026-05-14T14:56:41-03:00,Comparar,Realizar comparativa entre las especies AL30 y TX28,12330.0
2026-05-14T14:56:41-03:00,Curvas,Ingresar a la pestaña Internacionales,466.0
2026-05-14T14:56:41-03:00,Curvas,Ingresar al menú Curvas,7120.0
2026-05-14T14:56:41-03:00,Curvas,Ingreso a la curva BCRA - BOPREALs - USD,1711.0
2026-05-14T14:56:41-03:00,Curvas,Ingreso a la curva Brasil - Soberanos - Bonos Globales - USD,11345.0
2026-05-14T14:56:41-03:00,Curvas,Ingreso a la curva Chile - Soberanos - Bonos Globales - USD,28417.0
2026-05-14T14:56:41-03:00,Curvas,Ingreso a la curva Colombia - Soberanos - Bonos Globales - USD,84587.0
2026-05-14T14:56:41-03:00,Curvas,Ingreso a la curva Corporativos - ONs Dollar Linked - ARS,18095.0
2026-05-14T14:56:41-03:00,Curvas,Ingreso a la curva Estados Unidos - Soberanos - Treasury Notes/Bonds - USD,18414.0
2026-05-14T14:56:41-03:00,Curvas,Ingreso a la curva Mexico - Soberanos - Bonos Globales - USD,17465.0
2026-05-14T14:56:41-03:00,Curvas,Ingreso a la curva Paraguay - Soberanos - Bonos Globales - USD,16924.0
2026-05-14T14:56:41-03:00,Curvas,Ingreso a la curva Soberanos - Letras del Tesoro Capitalizables (LECAP) - ARS,1466.0
2026-05-14T14:56:41-03:00,Curvas,Ingreso a la curva Soberanos - Ley Argentina - USD,1646.0
2026-05-14T14:56:41-03:00,Curvas,Ingreso a la curva Soberanos - Tasa Fija + CER - ARS,1905.0
2026-05-14T14:56:41-03:00,Curvas,"Ingreso a la pestaña ""BCRA""",136.0
2026-05-14T14:56:41-03:00,Curvas,"Ingreso a la pestaña ""Corporativos""",141.0
2026-05-14T14:56:41-03:00,Curvas,"Ingreso a la pestaña ""Soberanos""",244.0
2026-05-14T14:56:41-03:00,Curvas,"Ingreso a la pestaña ""SubSoberanos""",154.0
2026-05-14T14:56:41-03:00,Curvas,Ingreso en la pestaña Análisis online de la curva de: BCRA - BOPREALs - USD,5120.0
2026-05-14T14:56:41-03:00,Curvas,Ingreso en la pestaña Análisis online de la curva de: Corporativos - ONs Dollar Linked - ARS,5450.0
2026-05-14T14:56:41-03:00,Curvas,Ingreso en la pestaña Análisis online de la curva de: Soberanos - Letras del Tesoro Capitalizables (LECAP) - ARS,3475.0
2026-05-14T14:56:41-03:00,Curvas,Ingreso en la pestaña Análisis online de la curva de: Soberanos - Ley Argentina - USD,1800.0
2026-05-14T14:56:41-03:00,Curvas,Ingreso en la pestaña Análisis online de la curva de: Soberanos - Tasa Fija + CER - ARS,3329.0
2026-05-14T14:56:41-03:00,Graficador,Graficar la especie AL30,4479.0
2026-05-14T14:56:41-03:00,Graficador,Graficar todas las curvas,10529.0
2026-05-14T14:56:41-03:00,Graficador,Ingresar al menú Graficador,5450.0
2026-05-14T14:56:41-03:00,Mis portafolios,Agregar la cuarta especie al portafolio,3701.0
2026-05-14T14:56:41-03:00,Mis portafolios,Agregar la primera especie al portafolio,3791.0
2026-05-14T14:56:41-03:00,Mis portafolios,Agregar la segunda especie al portafolio,3632.0
2026-05-14T14:56:41-03:00,Mis portafolios,Agregar la tercera especie al portafolio,4003.0
2026-05-14T14:56:41-03:00,Mis portafolios,Crear un nuevo portafolio,7859.0
2026-05-14T14:56:41-03:00,Mis portafolios,Editar el portafolio,3405.0
2026-05-14T14:56:41-03:00,Mis portafolios,Eliminar el portafolio,2791.0
2026-05-14T14:56:41-03:00,Mis portafolios,Eliminar todas las especies del portafolio,4366.0
2026-05-14T14:56:41-03:00,Mis portafolios,Ingresar al menú Mis portafolios,944.0
2026-05-14T14:56:41-03:00,Mis portafolios,Navegabilidad entre las pestañas Proyección y Agenda de pagos en el portafolio,2061.0
2026-05-14T14:56:41-03:00,Screener,Búsqueda con filtros en Screener,42941.0
2026-05-14T14:56:41-03:00,Screener,Ingresar al menú Screener,5962.0
2026-05-14T14:56:41-03:00,Sensibilidad,Eliminar escenario,92.0
2026-05-14T14:56:41-03:00,Sensibilidad,Eliminar especie,103.0
2026-05-14T14:56:41-03:00,Sensibilidad,Ingresar al menú Sensibilidad,939.0
2026-05-14T14:56:41-03:00,Sensibilidad,Realizar Análisis de sensibilidad,6452.0
2026-05-15T14:46:26-03:00,Analizar,Analizar la especie  BDC28,2104.0
2026-05-15T14:46:26-03:00,Analizar,Analizar la especie AL30 ,3191.0
2026-05-15T14:46:26-03:00,Analizar,Analizar la especie PNRCO,1403.0
2026-05-15T14:46:26-03:00,Analizar,Analizar la especie TX28,1853.0
2026-05-15T14:46:26-03:00,Analizar,Armado de escenarios en Análisis de Sensibilidad de la especie AL30,11381.0
2026-05-15T14:46:26-03:00,Analizar,Armado de escenarios en Análisis de Sensibilidad de la especie BDC28,12774.0
2026-05-15T14:46:26-03:00,Analizar,Armado de escenarios en Análisis de Sensibilidad de la especie PNRCO,11382.0
2026-05-15T14:46:26-03:00,Analizar,Armado de escenarios en Análisis de Sensibilidad de la especie TX28,12796.0
2026-05-15T14:46:26-03:00,Analizar,Ingresar al Home,8704.0
2026-05-15T14:46:26-03:00,Analizar,Ingreso a la pestaña Condiciones de Emisión de la especie  AL30,624.0
2026-05-15T14:46:26-03:00,Analizar,Ingreso a la pestaña Condiciones de Emisión de la especie BDC28,779.0
2026-05-15T14:46:26-03:00,Analizar,Ingreso a la pestaña Condiciones de Emisión de la especie PNRCO,866.0
2026-05-15T14:46:26-03:00,Analizar,Ingreso a la pestaña Condiciones de Emisión de la especie TX28,659.0
2026-05-15T14:46:26-03:00,Analizar,Navegabilidad por los botones TIRs y Paridades Históricas de la especie AL30,7380.0
2026-05-15T14:46:26-03:00,Analizar,Navegabilidad por los botones TIRs y Paridades Históricas de la especie BDC28,8551.0
2026-05-15T14:46:26-03:00,Analizar,Navegabilidad por los botones TIRs y Paridades Históricas de la especie PNRCO,4793.0
2026-05-15T14:46:26-03:00,Analizar,Navegabilidad por los botones TIRs y Paridades Históricas de la especie TX28,8001.0
2026-05-15T14:46:26-03:00,Analizar,Simular inversión de la especie AL30,1966.0
2026-05-15T14:46:26-03:00,Analizar,Simular inversión de la especie BDC28,7245.0
2026-05-15T14:46:26-03:00,Analizar,Simular inversión de la especie PNRCO,4624.0
2026-05-15T14:46:26-03:00,Analizar,Simular inversión de la especie TX28,2250.0
2026-05-15T14:46:26-03:00,Analizar,Validaciones en la pestaña General de la especie PNRCO,602.0
2026-05-15T14:46:26-03:00,Arbitraje,Arbitraje de las especies AL30 y TX28,10983.0
2026-05-15T14:46:26-03:00,Arbitraje,Ingresar al menú Arbitraje,920.0
2026-05-15T14:46:26-03:00,Arbitraje,"Navegabilidad entre las pestañas Paridad, Inversión y Scatter",11080.0
2026-05-15T14:46:26-03:00,Calculadora,"Editar P. Simulado, de la primera simulación",11260.0
2026-05-15T14:46:26-03:00,Calculadora,Editar la TIR de la primera simulación,3247.0
2026-05-15T14:46:26-03:00,Calculadora,Eliminar todas las simulaciones,511.0
2026-05-15T14:46:26-03:00,Calculadora,Ingresar al menú Calculadora,5252.0
2026-05-15T14:46:26-03:00,Calculadora,Simular inversiones de la especie AL30,97256.0
2026-05-15T14:46:26-03:00,Comparar,Eliminar las especies AL30 y TX28,5043.0
2026-05-15T14:46:26-03:00,Comparar,Ingresar al menú Comparar,926.0
2026-05-15T14:46:26-03:00,Comparar,Ir a Condiciones de Emisión,1200.0
2026-05-15T14:46:26-03:00,Comparar,Navegabilidad por pestañas gráficas,7884.0
2026-05-15T14:46:26-03:00,Comparar,Realizar comparativa entre las especies AL30 y TX28,13145.0
2026-05-15T14:46:26-03:00,Curvas,Ingresar a la pestaña Internacionales,421.0
2026-05-15T14:46:26-03:00,Curvas,Ingresar al menú Curvas,5571.0
2026-05-15T14:46:26-03:00,Curvas,Ingreso a la curva BCRA - BOPREALs - USD,1303.0
2026-05-15T14:46:26-03:00,Curvas,Ingreso a la curva Brasil - Soberanos - Bonos Globales - USD,15239.0
2026-05-15T14:46:26-03:00,Curvas,Ingreso a la curva Chile - Soberanos - Bonos Globales - USD,11207.0
2026-05-15T14:46:26-03:00,Curvas,Ingreso a la curva Colombia - Soberanos - Bonos Globales - USD,11183.0
2026-05-15T14:46:26-03:00,Curvas,Ingreso a la curva Corporativos - ONs Dollar Linked - ARS,3796.0
2026-05-15T14:46:26-03:00,Curvas,Ingreso a la curva Estados Unidos - Soberanos - Treasury Notes/Bonds - USD,6980.0
2026-05-15T14:46:26-03:00,Curvas,Ingreso a la curva Mexico - Soberanos - Bonos Globales - USD,17597.0
2026-05-15T14:46:26-03:00,Curvas,Ingreso a la curva Paraguay - Soberanos - Bonos Globales - USD,7317.0
2026-05-15T14:46:26-03:00,Curvas,Ingreso a la curva Soberanos - Letras del Tesoro Capitalizables (LECAP) - ARS,1776.0
2026-05-15T14:46:26-03:00,Curvas,Ingreso a la curva Soberanos - Ley Argentina - USD,1816.0
2026-05-15T14:46:26-03:00,Curvas,Ingreso a la curva Soberanos - Tasa Fija + CER - ARS,1839.0
2026-05-15T14:46:26-03:00,Curvas,"Ingreso a la pestaña ""BCRA""",153.0
2026-05-15T14:46:26-03:00,Curvas,"Ingreso a la pestaña ""Corporativos""",180.0
2026-05-15T14:46:26-03:00,Curvas,"Ingreso a la pestaña ""Soberanos""",252.0
2026-05-15T14:46:26-03:00,Curvas,"Ingreso a la pestaña ""SubSoberanos""",164.0
2026-05-15T14:46:26-03:00,Curvas,Ingreso en la pestaña Análisis online de la curva de: BCRA - BOPREALs - USD,3190.0
2026-05-15T14:46:26-03:00,Curvas,Ingreso en la pestaña Análisis online de la curva de: Corporativos - ONs Dollar Linked - ARS,4631.0
2026-05-15T14:46:26-03:00,Curvas,Ingreso en la pestaña Análisis online de la curva de: Soberanos - Letras del Tesoro Capitalizables (LECAP) - ARS,2680.0
2026-05-15T14:46:26-03:00,Curvas,Ingreso en la pestaña Análisis online de la curva de: Soberanos - Ley Argentina - USD,3732.0
2026-05-15T14:46:26-03:00,Curvas,Ingreso en la pestaña Análisis online de la curva de: Soberanos - Tasa Fija + CER - ARS,4494.0
2026-05-15T14:46:26-03:00,Graficador,Graficar la especie AL30,4749.0
2026-05-15T14:46:26-03:00,Graficador,Graficar todas las curvas,6616.0
2026-05-15T14:46:26-03:00,Graficador,Ingresar al menú Graficador,5017.0
2026-05-15T14:46:26-03:00,Mis portafolios,Agregar la cuarta especie al portafolio,3557.0
2026-05-15T14:46:26-03:00,Mis portafolios,Agregar la primera especie al portafolio,3669.0
2026-05-15T14:46:26-03:00,Mis portafolios,Agregar la segunda especie al portafolio,3487.0
2026-05-15T14:46:26-03:00,Mis portafolios,Agregar la tercera especie al portafolio,3799.0
2026-05-15T14:46:26-03:00,Mis portafolios,Crear un nuevo portafolio,8460.0
2026-05-15T14:46:26-03:00,Mis portafolios,Editar el portafolio,3405.0
2026-05-15T14:46:26-03:00,Mis portafolios,Eliminar el portafolio,2794.0
2026-05-15T14:46:26-03:00,Mis portafolios,Eliminar todas las especies del portafolio,5337.0
2026-05-15T14:46:26-03:00,Mis portafolios,Ingresar al menú Mis portafolios,1010.0
2026-05-15T14:46:26-03:00,Mis portafolios,Navegabilidad entre las pestañas Proyección y Agenda de pagos en el portafolio,1867.0
2026-05-15T14:46:26-03:00,Screener,Búsqueda con filtros en Screener,7694.0
2026-05-15T14:46:26-03:00,Screener,Ingresar al menú Screener,6228.0
2026-05-15T14:46:26-03:00,Sensibilidad,Eliminar escenario,90.0
2026-05-15T14:46:26-03:00,Sensibilidad,Eliminar especie,98.0
2026-05-15T14:46:26-03:00,Sensibilidad,Ingresar al menú Sensibilidad,950.0
2026-05-15T14:46:26-03:00,Sensibilidad,Realizar Análisis de sensibilidad,6992.0
2026-05-16T14:37:11-03:00,Analizar,Analizar la especie  BDC28,1957.0
2026-05-16T14:37:11-03:00,Analizar,Analizar la especie AL30 ,3261.0
2026-05-16T14:37:11-03:00,Analizar,Analizar la especie PNRCO,2719.0
2026-05-16T14:37:11-03:00,Analizar,Analizar la especie TX28,1960.0
2026-05-16T14:37:11-03:00,Analizar,Armado de escenarios en Análisis de Sensibilidad de la especie AL30,19693.0
2026-05-16T14:37:11-03:00,Analizar,Armado de escenarios en Análisis de Sensibilidad de la especie BDC28,23910.0
2026-05-16T14:37:11-03:00,Analizar,Armado de escenarios en Análisis de Sensibilidad de la especie PNRCO,18537.0
2026-05-16T14:37:11-03:00,Analizar,Armado de escenarios en Análisis de Sensibilidad de la especie TX28,14080.0
2026-05-16T14:37:11-03:00,Analizar,Ingresar al Home,8896.0
2026-05-16T14:37:11-03:00,Analizar,Ingreso a la pestaña Condiciones de Emisión de la especie  AL30,824.0
2026-05-16T14:37:11-03:00,Analizar,Ingreso a la pestaña Condiciones de Emisión de la especie BDC28,822.0
2026-05-16T14:37:11-03:00,Analizar,Ingreso a la pestaña Condiciones de Emisión de la especie PNRCO,713.0
2026-05-16T14:37:11-03:00,Analizar,Ingreso a la pestaña Condiciones de Emisión de la especie TX28,651.0
2026-05-16T14:37:11-03:00,Analizar,Navegabilidad por los botones TIRs y Paridades Históricas de la especie AL30,7140.0
2026-05-16T14:37:11-03:00,Analizar,Navegabilidad por los botones TIRs y Paridades Históricas de la especie BDC28,7646.0
2026-05-16T14:37:11-03:00,Analizar,Navegabilidad por los botones TIRs y Paridades Históricas de la especie PNRCO,4414.0
2026-05-16T14:37:11-03:00,Analizar,Navegabilidad por los botones TIRs y Paridades Históricas de la especie TX28,7112.0
2026-05-16T14:37:11-03:00,Analizar,Simular inversión de la especie AL30,3450.0
2026-05-16T14:37:11-03:00,Analizar,Simular inversión de la especie BDC28,20733.0
2026-05-16T14:37:11-03:00,Analizar,Simular inversión de la especie PNRCO,12559.0
2026-05-16T14:37:11-03:00,Analizar,Simular inversión de la especie TX28,4432.0
2026-05-16T14:37:11-03:00,Analizar,Validaciones en la pestaña General de la especie PNRCO,180.0
2026-05-16T14:37:11-03:00,Arbitraje,Arbitraje de las especies AL30 y TX28,12967.0
2026-05-16T14:37:11-03:00,Arbitraje,Ingresar al menú Arbitraje,968.0
2026-05-16T14:37:11-03:00,Arbitraje,"Navegabilidad entre las pestañas Paridad, Inversión y Scatter",12652.0
2026-05-16T14:37:11-03:00,Calculadora,"Editar P. Simulado, de la primera simulación",11348.0
2026-05-16T14:37:11-03:00,Calculadora,Editar la TIR de la primera simulación,3008.0
2026-05-16T14:37:11-03:00,Calculadora,Eliminar todas las simulaciones,298.0
2026-05-16T14:37:11-03:00,Calculadora,Ingresar al menú Calculadora,6443.0
2026-05-16T14:37:11-03:00,Calculadora,Simular inversiones de la especie AL30,97472.0
2026-05-16T14:37:11-03:00,Comparar,Eliminar las especies AL30 y TX28,4566.0
2026-05-16T14:37:11-03:00,Comparar,Ingresar al menú Comparar,890.0
2026-05-16T14:37:11-03:00,Comparar,Ir a Condiciones de Emisión,1232.0
2026-05-16T14:37:11-03:00,Comparar,Navegabilidad por pestañas gráficas,6352.0
2026-05-16T14:37:11-03:00,Comparar,Realizar comparativa entre las especies AL30 y TX28,12651.0
2026-05-16T14:37:11-03:00,Curvas,Ingresar a la pestaña Internacionales,376.0
2026-05-16T14:37:11-03:00,Curvas,Ingresar al menú Curvas,6588.0
2026-05-16T14:37:11-03:00,Curvas,Ingreso a la curva BCRA - BOPREALs - USD,1444.0
2026-05-16T14:37:11-03:00,Curvas,Ingreso a la curva Brasil - Soberanos - Bonos Globales - USD,17165.0
2026-05-16T14:37:11-03:00,Curvas,Ingreso a la curva Chile - Soberanos - Bonos Globales - USD,10394.0
2026-05-16T14:37:11-03:00,Curvas,Ingreso a la curva Colombia - Soberanos - Bonos Globales - USD,22805.0
2026-05-16T14:37:11-03:00,Curvas,Ingreso a la curva Corporativos - ONs Dollar Linked - ARS,3305.0
2026-05-16T14:37:11-03:00,Curvas,Ingreso a la curva Estados Unidos - Soberanos - Treasury Notes/Bonds - USD,6527.0
2026-05-16T14:37:11-03:00,Curvas,Ingreso a la curva Mexico - Soberanos - Bonos Globales - USD,38302.0
2026-05-16T14:37:11-03:00,Curvas,Ingreso a la curva Paraguay - Soberanos - Bonos Globales - USD,6438.0
2026-05-16T14:37:11-03:00,Curvas,Ingreso a la curva Soberanos - Letras del Tesoro Capitalizables (LECAP) - ARS,1369.0
2026-05-16T14:37:11-03:00,Curvas,Ingreso a la curva Soberanos - Ley Argentina - USD,1372.0
2026-05-16T14:37:11-03:00,Curvas,Ingreso a la curva Soberanos - Tasa Fija + CER - ARS,1587.0
2026-05-16T14:37:11-03:00,Curvas,"Ingreso a la pestaña ""BCRA""",141.0
2026-05-16T14:37:11-03:00,Curvas,"Ingreso a la pestaña ""Corporativos""",139.0
2026-05-16T14:37:11-03:00,Curvas,"Ingreso a la pestaña ""Soberanos""",264.0
2026-05-16T14:37:11-03:00,Curvas,"Ingreso a la pestaña ""SubSoberanos""",143.0
2026-05-16T14:37:11-03:00,Curvas,Ingreso en la pestaña Análisis online de la curva de: BCRA - BOPREALs - USD,2567.0
2026-05-16T14:37:11-03:00,Curvas,Ingreso en la pestaña Análisis online de la curva de: Corporativos - ONs Dollar Linked - ARS,4745.0
2026-05-16T14:37:11-03:00,Curvas,Ingreso en la pestaña Análisis online de la curva de: Soberanos - Letras del Tesoro Capitalizables (LECAP) - ARS,2975.0
2026-05-16T14:37:11-03:00,Curvas,Ingreso en la pestaña Análisis online de la curva de: Soberanos - Ley Argentina - USD,2684.0
2026-05-16T14:37:11-03:00,Curvas,Ingreso en la pestaña Análisis online de la curva de: Soberanos - Tasa Fija + CER - ARS,3513.0
2026-05-16T14:37:11-03:00,Graficador,Graficar la especie AL30,4055.0
2026-05-16T14:37:11-03:00,Graficador,Graficar todas las curvas,6746.0
2026-05-16T14:37:11-03:00,Graficador,Ingresar al menú Graficador,6148.0
2026-05-16T14:37:11-03:00,Mis portafolios,Agregar la cuarta especie al portafolio,3452.0
2026-05-16T14:37:11-03:00,Mis portafolios,Agregar la primera especie al portafolio,3790.0
2026-05-16T14:37:11-03:00,Mis portafolios,Agregar la segunda especie al portafolio,3814.0
2026-05-16T14:37:11-03:00,Mis portafolios,Agregar la tercera especie al portafolio,3808.0
2026-05-16T14:37:11-03:00,Mis portafolios,Crear un nuevo portafolio,7976.0
2026-05-16T14:37:11-03:00,Mis portafolios,Editar el portafolio,3259.0
2026-05-16T14:37:11-03:00,Mis portafolios,Eliminar el portafolio,3052.0
2026-05-16T14:37:11-03:00,Mis portafolios,Eliminar todas las especies del portafolio,4050.0
2026-05-16T14:37:11-03:00,Mis portafolios,Ingresar al menú Mis portafolios,947.0
2026-05-16T14:37:11-03:00,Mis portafolios,Navegabilidad entre las pestañas Proyección y Agenda de pagos en el portafolio,2004.0
2026-05-16T14:37:11-03:00,Screener,Búsqueda con filtros en Screener,7624.0
2026-05-16T14:37:11-03:00,Screener,Ingresar al menú Screener,6619.0
2026-05-16T14:37:11-03:00,Sensibilidad,Eliminar escenario,94.0
2026-05-16T14:37:11-03:00,Sensibilidad,Eliminar especie,103.0
2026-05-16T14:37:11-03:00,Sensibilidad,Ingresar al menú Sensibilidad,896.0
2026-05-16T14:37:11-03:00,Sensibilidad,Realizar Análisis de sensibilidad,8845.0
2026-05-17T14:38:35-03:00,Analizar,Analizar la especie  BDC28,2612.0
2026-05-17T14:38:35-03:00,Analizar,Analizar la especie AL30 ,3239.0
2026-05-17T14:38:35-03:00,Analizar,Analizar la especie PNRCO,1841.0
2026-05-17T14:38:35-03:00,Analizar,Analizar la especie TX28,2092.0
2026-05-17T14:38:35-03:00,Analizar,Armado de escenarios en Análisis de Sensibilidad de la especie AL30,20422.0
2026-05-17T14:38:35-03:00,Analizar,Armado de escenarios en Análisis de Sensibilidad de la especie BDC28,33147.0
2026-05-17T14:38:35-03:00,Analizar,Armado de escenarios en Análisis de Sensibilidad de la especie PNRCO,16269.0
2026-05-17T14:38:35-03:00,Analizar,Armado de escenarios en Análisis de Sensibilidad de la especie TX28,15774.0
2026-05-17T14:38:35-03:00,Analizar,Ingresar al Home,7837.0
2026-05-17T14:38:35-03:00,Analizar,Ingreso a la pestaña Condiciones de Emisión de la especie  AL30,652.0
2026-05-17T14:38:35-03:00,Analizar,Ingreso a la pestaña Condiciones de Emisión de la especie BDC28,797.0
2026-05-17T14:38:35-03:00,Analizar,Ingreso a la pestaña Condiciones de Emisión de la especie PNRCO,884.0
2026-05-17T14:38:35-03:00,Analizar,Ingreso a la pestaña Condiciones de Emisión de la especie TX28,725.0
2026-05-17T14:38:35-03:00,Analizar,Navegabilidad por los botones TIRs y Paridades Históricas de la especie AL30,7628.0
2026-05-17T14:38:35-03:00,Analizar,Navegabilidad por los botones TIRs y Paridades Históricas de la especie BDC28,7866.0
2026-05-17T14:38:35-03:00,Analizar,Navegabilidad por los botones TIRs y Paridades Históricas de la especie PNRCO,4585.0
2026-05-17T14:38:35-03:00,Analizar,Navegabilidad por los botones TIRs y Paridades Históricas de la especie TX28,7320.0
2026-05-17T14:38:35-03:00,Analizar,Simular inversión de la especie AL30,4230.0
2026-05-17T14:38:35-03:00,Analizar,Simular inversión de la especie BDC28,32211.0
2026-05-17T14:38:35-03:00,Analizar,Simular inversión de la especie PNRCO,9855.0
2026-05-17T14:38:35-03:00,Analizar,Simular inversión de la especie TX28,31420.0
2026-05-17T14:38:35-03:00,Analizar,Validaciones en la pestaña General de la especie PNRCO,549.0
2026-05-17T14:38:35-03:00,Arbitraje,Arbitraje de las especies AL30 y TX28,11934.0
2026-05-17T14:38:35-03:00,Arbitraje,Ingresar al menú Arbitraje,991.0
2026-05-17T14:38:35-03:00,Arbitraje,"Navegabilidad entre las pestañas Paridad, Inversión y Scatter",12333.0
2026-05-17T14:38:35-03:00,Calculadora,"Editar P. Simulado, de la primera simulación",11581.0
2026-05-17T14:38:35-03:00,Calculadora,Editar la TIR de la primera simulación,3056.0
2026-05-17T14:38:35-03:00,Calculadora,Eliminar todas las simulaciones,300.0
2026-05-17T14:38:35-03:00,Calculadora,Ingresar al menú Calculadora,4861.0
2026-05-17T14:38:35-03:00,Calculadora,Simular inversiones de la especie AL30,98506.0
2026-05-17T14:38:35-03:00,Comparar,Eliminar las especies AL30 y TX28,5321.0
2026-05-17T14:38:35-03:00,Comparar,Ingresar al menú Comparar,971.0
2026-05-17T14:38:35-03:00,Comparar,Ir a Condiciones de Emisión,1239.0
2026-05-17T14:38:35-03:00,Comparar,Navegabilidad por pestañas gráficas,7365.0
2026-05-17T14:38:35-03:00,Comparar,Realizar comparativa entre las especies AL30 y TX28,14014.0
2026-05-17T14:38:35-03:00,Curvas,Ingresar a la pestaña Internacionales,468.0
2026-05-17T14:38:35-03:00,Curvas,Ingresar al menú Curvas,6858.0
2026-05-17T14:38:35-03:00,Curvas,Ingreso a la curva BCRA - BOPREALs - USD,1606.0
2026-05-17T14:38:35-03:00,Curvas,Ingreso a la curva Brasil - Soberanos - Bonos Globales - USD,17170.0
2026-05-17T14:38:35-03:00,Curvas,Ingreso a la curva Chile - Soberanos - Bonos Globales - USD,15986.0
2026-05-17T14:38:35-03:00,Curvas,Ingreso a la curva Colombia - Soberanos - Bonos Globales - USD,20004.0
2026-05-17T14:38:35-03:00,Curvas,Ingreso a la curva Corporativos - ONs Dollar Linked - ARS,10914.0
2026-05-17T14:38:35-03:00,Curvas,Ingreso a la curva Estados Unidos - Soberanos - Treasury Notes/Bonds - USD,8414.0
2026-05-17T14:38:35-03:00,Curvas,Ingreso a la curva Mexico - Soberanos - Bonos Globales - USD,28766.0
2026-05-17T14:38:35-03:00,Curvas,Ingreso a la curva Paraguay - Soberanos - Bonos Globales - USD,10312.0
2026-05-17T14:38:35-03:00,Curvas,Ingreso a la curva Soberanos - Letras del Tesoro Capitalizables (LECAP) - ARS,1297.0
2026-05-17T14:38:35-03:00,Curvas,Ingreso a la curva Soberanos - Ley Argentina - USD,1240.0
2026-05-17T14:38:35-03:00,Curvas,Ingreso a la curva Soberanos - Tasa Fija + CER - ARS,1928.0
2026-05-17T14:38:35-03:00,Curvas,"Ingreso a la pestaña ""BCRA""",132.0
2026-05-17T14:38:35-03:00,Curvas,"Ingreso a la pestaña ""Corporativos""",160.0
2026-05-17T14:38:35-03:00,Curvas,"Ingreso a la pestaña ""Soberanos""",279.0
2026-05-17T14:38:35-03:00,Curvas,"Ingreso a la pestaña ""SubSoberanos""",136.0
2026-05-17T14:38:35-03:00,Curvas,Ingreso en la pestaña Análisis online de la curva de: BCRA - BOPREALs - USD,2774.0
2026-05-17T14:38:35-03:00,Curvas,Ingreso en la pestaña Análisis online de la curva de: Corporativos - ONs Dollar Linked - ARS,4087.0
2026-05-17T14:38:35-03:00,Curvas,Ingreso en la pestaña Análisis online de la curva de: Soberanos - Letras del Tesoro Capitalizables (LECAP) - ARS,2996.0
2026-05-17T14:38:35-03:00,Curvas,Ingreso en la pestaña Análisis online de la curva de: Soberanos - Ley Argentina - USD,2968.0
2026-05-17T14:38:35-03:00,Curvas,Ingreso en la pestaña Análisis online de la curva de: Soberanos - Tasa Fija + CER - ARS,2937.0
2026-05-17T14:38:35-03:00,Graficador,Graficar la especie AL30,4572.0
2026-05-17T14:38:35-03:00,Graficador,Graficar todas las curvas,7267.0
2026-05-17T14:38:35-03:00,Graficador,Ingresar al menú Graficador,5975.0
2026-05-17T14:38:35-03:00,Mis portafolios,Agregar la cuarta especie al portafolio,3581.0
2026-05-17T14:38:35-03:00,Mis portafolios,Agregar la primera especie al portafolio,3582.0
2026-05-17T14:38:35-03:00,Mis portafolios,Agregar la segunda especie al portafolio,3731.0
2026-05-17T14:38:35-03:00,Mis portafolios,Agregar la tercera especie al portafolio,3927.0
2026-05-17T14:38:35-03:00,Mis portafolios,Crear un nuevo portafolio,7007.0
2026-05-17T14:38:35-03:00,Mis portafolios,Editar el portafolio,3169.0
2026-05-17T14:38:35-03:00,Mis portafolios,Eliminar el portafolio,2438.0
2026-05-17T14:38:35-03:00,Mis portafolios,Eliminar todas las especies del portafolio,4548.0
2026-05-17T14:38:35-03:00,Mis portafolios,Ingresar al menú Mis portafolios,963.0
2026-05-17T14:38:35-03:00,Mis portafolios,Navegabilidad entre las pestañas Proyección y Agenda de pagos en el portafolio,1948.0
2026-05-17T14:38:35-03:00,Screener,Búsqueda con filtros en Screener,7981.0
2026-05-17T14:38:35-03:00,Screener,Ingresar al menú Screener,7027.0
2026-05-17T14:38:35-03:00,Sensibilidad,Eliminar escenario,94.0
2026-05-17T14:38:35-03:00,Sensibilidad,Eliminar especie,102.0
2026-05-17T14:38:35-03:00,Sensibilidad,Ingresar al menú Sensibilidad,860.0
2026-05-17T14:38:35-03:00,Sensibilidad,Realizar Análisis de sensibilidad,7048.0
2026-05-18T14:56:57-03:00,Analizar,Analizar la especie  BDC28,1993.0
2026-05-18T14:56:57-03:00,Analizar,Analizar la especie AL30 ,2461.0
2026-05-18T14:56:57-03:00,Analizar,Analizar la especie PNRCO,1921.0
2026-05-18T14:56:57-03:00,Analizar,Analizar la especie TX28,1724.0
2026-05-18T14:56:57-03:00,Analizar,Armado de escenarios en Análisis de Sensibilidad de la especie AL30,11397.0
2026-05-18T14:56:57-03:00,Analizar,Armado de escenarios en Análisis de Sensibilidad de la especie BDC28,11965.0
2026-05-18T14:56:57-03:00,Analizar,Armado de escenarios en Análisis de Sensibilidad de la especie PNRCO,10679.0
2026-05-18T14:56:57-03:00,Analizar,Armado de escenarios en Análisis de Sensibilidad de la especie TX28,7732.0
2026-05-18T14:56:57-03:00,Analizar,Ingresar al Home,8382.0
2026-05-18T14:56:57-03:00,Analizar,Ingreso a la pestaña Condiciones de Emisión de la especie  AL30,620.0
2026-05-18T14:56:57-03:00,Analizar,Ingreso a la pestaña Condiciones de Emisión de la especie BDC28,675.0
2026-05-18T14:56:57-03:00,Analizar,Ingreso a la pestaña Condiciones de Emisión de la especie PNRCO,676.0
2026-05-18T14:56:57-03:00,Analizar,Ingreso a la pestaña Condiciones de Emisión de la especie TX28,805.0
2026-05-18T14:56:57-03:00,Analizar,Navegabilidad por los botones TIRs y Paridades Históricas de la especie AL30,8603.0
2026-05-18T14:56:57-03:00,Analizar,Navegabilidad por los botones TIRs y Paridades Históricas de la especie BDC28,8179.0
2026-05-18T14:56:57-03:00,Analizar,Navegabilidad por los botones TIRs y Paridades Históricas de la especie PNRCO,4203.0
2026-05-18T14:56:57-03:00,Analizar,Navegabilidad por los botones TIRs y Paridades Históricas de la especie TX28,7260.0
2026-05-18T14:56:57-03:00,Analizar,Simular inversión de la especie AL30,2164.0
2026-05-18T14:56:57-03:00,Analizar,Simular inversión de la especie BDC28,4857.0
2026-05-18T14:56:57-03:00,Analizar,Simular inversión de la especie PNRCO,4084.0
2026-05-18T14:56:57-03:00,Analizar,Simular inversión de la especie TX28,1837.0
2026-05-18T14:56:57-03:00,Analizar,Validaciones en la pestaña General de la especie PNRCO,397.0
2026-05-18T14:56:57-03:00,Arbitraje,Arbitraje de las especies AL30 y TX28,11381.0
2026-05-18T14:56:57-03:00,Arbitraje,Ingresar al menú Arbitraje,818.0
2026-05-18T14:56:57-03:00,Arbitraje,"Navegabilidad entre las pestañas Paridad, Inversión y Scatter",11018.0
2026-05-18T14:56:57-03:00,Calculadora,"Editar P. Simulado, de la primera simulación",11345.0
2026-05-18T14:56:57-03:00,Calculadora,Editar la TIR de la primera simulación,3212.0
2026-05-18T14:56:57-03:00,Calculadora,Eliminar todas las simulaciones,262.0
2026-05-18T14:56:57-03:00,Calculadora,Ingresar al menú Calculadora,5396.0
2026-05-18T14:56:57-03:00,Calculadora,Simular inversiones de la especie AL30,101988.0
2026-05-18T14:56:57-03:00,Comparar,Eliminar las especies AL30 y TX28,4989.0
2026-05-18T14:56:57-03:00,Comparar,Ingresar al menú Comparar,823.0
2026-05-18T14:56:57-03:00,Comparar,Ir a Condiciones de Emisión,1099.0
2026-05-18T14:56:57-03:00,Comparar,Navegabilidad por pestañas gráficas,7318.0
2026-05-18T14:56:57-03:00,Comparar,Realizar comparativa entre las especies AL30 y TX28,13301.0
2026-05-18T14:56:57-03:00,Curvas,Ingresar a la pestaña Internacionales,428.0
2026-05-18T14:56:57-03:00,Curvas,Ingresar al menú Curvas,5623.0
2026-05-18T14:56:57-03:00,Curvas,Ingreso a la curva BCRA - BOPREALs - USD,1629.0
2026-05-18T14:56:57-03:00,Curvas,Ingreso a la curva Brasil - Soberanos - Bonos Globales - USD,13246.0
2026-05-18T14:56:57-03:00,Curvas,Ingreso a la curva Chile - Soberanos - Bonos Globales - USD,10520.0
2026-05-18T14:56:57-03:00,Curvas,Ingreso a la curva Colombia - Soberanos - Bonos Globales - USD,23429.0
2026-05-18T14:56:57-03:00,Curvas,Ingreso a la curva Corporativos - ONs Dollar Linked - ARS,15015.0
2026-05-18T14:56:57-03:00,Curvas,Ingreso a la curva Estados Unidos - Soberanos - Treasury Notes/Bonds - USD,5886.0
2026-05-18T14:56:57-03:00,Curvas,Ingreso a la curva Mexico - Soberanos - Bonos Globales - USD,33550.0
2026-05-18T14:56:57-03:00,Curvas,Ingreso a la curva Paraguay - Soberanos - Bonos Globales - USD,17966.0
2026-05-18T14:56:57-03:00,Curvas,Ingreso a la curva Soberanos - Letras del Tesoro Capitalizables (LECAP) - ARS,1279.0
2026-05-18T14:56:57-03:00,Curvas,Ingreso a la curva Soberanos - Ley Argentina - USD,1236.0
2026-05-18T14:56:57-03:00,Curvas,Ingreso a la curva Soberanos - Tasa Fija + CER - ARS,1899.0
2026-05-18T14:56:57-03:00,Curvas,"Ingreso a la pestaña ""BCRA""",149.0
2026-05-18T14:56:57-03:00,Curvas,"Ingreso a la pestaña ""Corporativos""",177.0
2026-05-18T14:56:57-03:00,Curvas,"Ingreso a la pestaña ""Soberanos""",238.0
2026-05-18T14:56:57-03:00,Curvas,"Ingreso a la pestaña ""SubSoberanos""",205.0
2026-05-18T14:56:57-03:00,Curvas,Ingreso en la pestaña Análisis online de la curva de: BCRA - BOPREALs - USD,15682.0
2026-05-18T14:56:57-03:00,Curvas,Ingreso en la pestaña Análisis online de la curva de: Corporativos - ONs Dollar Linked - ARS,3928.0
2026-05-18T14:56:57-03:00,Curvas,Ingreso en la pestaña Análisis online de la curva de: Soberanos - Letras del Tesoro Capitalizables (LECAP) - ARS,6075.0
2026-05-18T14:56:57-03:00,Curvas,Ingreso en la pestaña Análisis online de la curva de: Soberanos - Ley Argentina - USD,3131.0
2026-05-18T14:56:57-03:00,Curvas,Ingreso en la pestaña Análisis online de la curva de: Soberanos - Tasa Fija + CER - ARS,1819.0
2026-05-18T14:56:57-03:00,Graficador,Graficar la especie AL30,4404.0
2026-05-18T14:56:57-03:00,Graficador,Graficar todas las curvas,6241.0
2026-05-18T14:56:57-03:00,Graficador,Ingresar al menú Graficador,5913.0
2026-05-18T14:56:57-03:00,Mis portafolios,Agregar la cuarta especie al portafolio,3240.0
2026-05-18T14:56:57-03:00,Mis portafolios,Agregar la primera especie al portafolio,3115.0
2026-05-18T14:56:57-03:00,Mis portafolios,Agregar la segunda especie al portafolio,3131.0
2026-05-18T14:56:57-03:00,Mis portafolios,Agregar la tercera especie al portafolio,3083.0
2026-05-18T14:56:57-03:00,Mis portafolios,Crear un nuevo portafolio,7133.0
2026-05-18T14:56:57-03:00,Mis portafolios,Editar el portafolio,2759.0
2026-05-18T14:56:57-03:00,Mis portafolios,Eliminar el portafolio,2292.0
2026-05-18T14:56:57-03:00,Mis portafolios,Eliminar todas las especies del portafolio,3695.0
2026-05-18T14:56:57-03:00,Mis portafolios,Ingresar al menú Mis portafolios,845.0
2026-05-18T14:56:57-03:00,Mis portafolios,Navegabilidad entre las pestañas Proyección y Agenda de pagos en el portafolio,1787.0
2026-05-18T14:56:57-03:00,Screener,Búsqueda con filtros en Screener,6915.0
2026-05-18T14:56:57-03:00,Screener,Ingresar al menú Screener,6425.0
2026-05-18T14:56:57-03:00,Sensibilidad,Eliminar escenario,94.0
2026-05-18T14:56:57-03:00,Sensibilidad,Eliminar especie,95.0
2026-05-18T14:56:57-03:00,Sensibilidad,Ingresar al menú Sensibilidad,826.0
2026-05-18T14:56:57-03:00,Sensibilidad,Realizar Análisis de sensibilidad,7427.0
2026-05-20T15:13:09-03:00,Analizar,Analizar la especie  BDC28,2148.0
2026-05-20T15:13:09-03:00,Analizar,Analizar la especie AL30 ,2767.0
2026-05-20T15:13:09-03:00,Analizar,Analizar la especie PNRCO,1406.0
2026-05-20T15:13:09-03:00,Analizar,Analizar la especie TX28,1767.0
2026-05-20T15:13:09-03:00,Analizar,Armado de escenarios en Análisis de Sensibilidad de la especie AL30,17523.0
2026-05-20T15:13:09-03:00,Analizar,Armado de escenarios en Análisis de Sensibilidad de la especie BDC28,16444.0
2026-05-20T15:13:09-03:00,Analizar,Armado de escenarios en Análisis de Sensibilidad de la especie PNRCO,14886.0
2026-05-20T15:13:09-03:00,Analizar,Armado de escenarios en Análisis de Sensibilidad de la especie TX28,7226.0
2026-05-20T15:13:09-03:00,Analizar,Ingresar al Home,8511.0
2026-05-20T15:13:09-03:00,Analizar,Ingreso a la pestaña Condiciones de Emisión de la especie  AL30,585.0
2026-05-20T15:13:09-03:00,Analizar,Ingreso a la pestaña Condiciones de Emisión de la especie BDC28,828.0
2026-05-20T15:13:09-03:00,Analizar,Ingreso a la pestaña Condiciones de Emisión de la especie PNRCO,740.0
2026-05-20T15:13:09-03:00,Analizar,Ingreso a la pestaña Condiciones de Emisión de la especie TX28,706.0
2026-05-20T15:13:09-03:00,Analizar,Navegabilidad por los botones TIRs y Paridades Históricas de la especie AL30,8483.0
2026-05-20T15:13:09-03:00,Analizar,Navegabilidad por los botones TIRs y Paridades Históricas de la especie BDC28,8692.0
2026-05-20T15:13:09-03:00,Analizar,Navegabilidad por los botones TIRs y Paridades Históricas de la especie PNRCO,5116.0
2026-05-20T15:13:09-03:00,Analizar,Navegabilidad por los botones TIRs y Paridades Históricas de la especie TX28,7405.0
2026-05-20T15:13:09-03:00,Analizar,Simular inversión de la especie AL30,2432.0
2026-05-20T15:13:09-03:00,Analizar,Simular inversión de la especie BDC28,6132.0
2026-05-20T15:13:09-03:00,Analizar,Simular inversión de la especie PNRCO,4111.0
2026-05-20T15:13:09-03:00,Analizar,Simular inversión de la especie TX28,1916.0
2026-05-20T15:13:09-03:00,Analizar,Validaciones en la pestaña General de la especie PNRCO,400.0
2026-05-20T15:13:09-03:00,Arbitraje,Arbitraje de las especies AL30 y TX28,9877.0
2026-05-20T15:13:09-03:00,Arbitraje,Ingresar al menú Arbitraje,811.0
2026-05-20T15:13:09-03:00,Arbitraje,"Navegabilidad entre las pestañas Paridad, Inversión y Scatter",11640.0
2026-05-20T15:13:09-03:00,Calculadora,"Editar P. Simulado, de la primera simulación",11409.0
2026-05-20T15:13:09-03:00,Calculadora,Editar la TIR de la primera simulación,2947.0
2026-05-20T15:13:09-03:00,Calculadora,Eliminar todas las simulaciones,380.0
2026-05-20T15:13:09-03:00,Calculadora,Ingresar al menú Calculadora,6220.0
2026-05-20T15:13:09-03:00,Calculadora,Simular inversiones de la especie AL30,97222.0
2026-05-20T15:13:09-03:00,Comparar,Eliminar las especies AL30 y TX28,4601.0
2026-05-20T15:13:09-03:00,Comparar,Ingresar al menú Comparar,854.0
2026-05-20T15:13:09-03:00,Comparar,Ir a Condiciones de Emisión,1084.0
2026-05-20T15:13:09-03:00,Comparar,Navegabilidad por pestañas gráficas,7118.0
2026-05-20T15:13:09-03:00,Comparar,Realizar comparativa entre las especies AL30 y TX28,12175.0
2026-05-20T15:13:09-03:00,Curvas,Ingresar a la pestaña Internacionales,398.0
2026-05-20T15:13:09-03:00,Curvas,Ingresar al menú Curvas,6486.0
2026-05-20T15:13:09-03:00,Curvas,Ingreso a la curva BCRA - BOPREALs - USD,1528.0
2026-05-20T15:13:09-03:00,Curvas,Ingreso a la curva Brasil - Soberanos - Bonos Globales - USD,49595.0
2026-05-20T15:13:09-03:00,Curvas,Ingreso a la curva Chile - Soberanos - Bonos Globales - USD,70752.0
2026-05-20T15:13:09-03:00,Curvas,Ingreso a la curva Colombia - Soberanos - Bonos Globales - USD,2754.0
2026-05-20T15:13:09-03:00,Curvas,Ingreso a la curva Corporativos - ONs Dollar Linked - ARS,15246.0
2026-05-20T15:13:09-03:00,Curvas,Ingreso a la curva Estados Unidos - Soberanos - Treasury Notes/Bonds - USD,7987.0
2026-05-20T15:13:09-03:00,Curvas,Ingreso a la curva Mexico - Soberanos - Bonos Globales - USD,43613.0
2026-05-20T15:13:09-03:00,Curvas,Ingreso a la curva Paraguay - Soberanos - Bonos Globales - USD,7380.0
2026-05-20T15:13:09-03:00,Curvas,Ingreso a la curva Soberanos - Letras del Tesoro Capitalizables (LECAP) - ARS,1294.0
2026-05-20T15:13:09-03:00,Curvas,Ingreso a la curva Soberanos - Ley Argentina - USD,1619.0
2026-05-20T15:13:09-03:00,Curvas,Ingreso a la curva Soberanos - Tasa Fija + CER - ARS,1465.0
2026-05-20T15:13:09-03:00,Curvas,"Ingreso a la pestaña ""BCRA""",131.0
2026-05-20T15:13:09-03:00,Curvas,"Ingreso a la pestaña ""Corporativos""",148.0
2026-05-20T15:13:09-03:00,Curvas,"Ingreso a la pestaña ""Soberanos""",209.0
2026-05-20T15:13:09-03:00,Curvas,"Ingreso a la pestaña ""SubSoberanos""",153.0
2026-05-20T15:13:09-03:00,Curvas,Ingreso en la pestaña Análisis online de la curva de: BCRA - BOPREALs - USD,2581.0
2026-05-20T15:13:09-03:00,Curvas,Ingreso en la pestaña Análisis online de la curva de: Corporativos - ONs Dollar Linked - ARS,6956.0
2026-05-20T15:13:09-03:00,Curvas,Ingreso en la pestaña Análisis online de la curva de: Soberanos - Letras del Tesoro Capitalizables (LECAP) - ARS,5541.0
2026-05-20T15:13:09-03:00,Curvas,Ingreso en la pestaña Análisis online de la curva de: Soberanos - Ley Argentina - USD,2668.0
2026-05-20T15:13:09-03:00,Curvas,Ingreso en la pestaña Análisis online de la curva de: Soberanos - Tasa Fija + CER - ARS,3200.0
2026-05-20T15:13:09-03:00,Graficador,Graficar la especie AL30,4185.0
2026-05-20T15:13:09-03:00,Graficador,Graficar todas las curvas,7492.0
2026-05-20T15:13:09-03:00,Graficador,Ingresar al menú Graficador,6279.0
2026-05-20T15:13:09-03:00,Mis portafolios,Agregar la cuarta especie al portafolio,3311.0
2026-05-20T15:13:09-03:00,Mis portafolios,Agregar la primera especie al portafolio,3215.0
2026-05-20T15:13:09-03:00,Mis portafolios,Agregar la segunda especie al portafolio,3169.0
2026-05-20T15:13:09-03:00,Mis portafolios,Agregar la tercera especie al portafolio,3728.0
2026-05-20T15:13:09-03:00,Mis portafolios,Crear un nuevo portafolio,7645.0
2026-05-20T15:13:09-03:00,Mis portafolios,Editar el portafolio,3573.0
2026-05-20T15:13:09-03:00,Mis portafolios,Eliminar el portafolio,2718.0
2026-05-20T15:13:09-03:00,Mis portafolios,Eliminar todas las especies del portafolio,3935.0
2026-05-20T15:13:09-03:00,Mis portafolios,Ingresar al menú Mis portafolios,856.0
2026-05-20T15:13:09-03:00,Mis portafolios,Navegabilidad entre las pestañas Proyección y Agenda de pagos en el portafolio,1792.0
2026-05-20T15:13:09-03:00,Screener,Búsqueda con filtros en Screener,7645.0
2026-05-20T15:13:09-03:00,Screener,Ingresar al menú Screener,7622.0
2026-05-20T15:13:09-03:00,Sensibilidad,Eliminar escenario,107.0
2026-05-20T15:13:09-03:00,Sensibilidad,Eliminar especie,93.0
2026-05-20T15:13:09-03:00,Sensibilidad,Ingresar al menú Sensibilidad,838.0
2026-05-20T15:13:09-03:00,Sensibilidad,Realizar Análisis de sensibilidad,6042.0
2026-06-11T17:24:40-03:00,Analizar,Analizar la especie  BDC28,3000.0
2026-06-11T17:24:40-03:00,Analizar,Analizar la especie AL30 ,3438.0
2026-06-11T17:24:40-03:00,Analizar,Analizar la especie PNRCO,2249.0
2026-06-11T17:24:40-03:00,Analizar,Analizar la especie TX28,2773.0
2026-06-11T17:24:40-03:00,Analizar,Armado de escenarios en Análisis de Sensibilidad de la especie AL30,15011.0
2026-06-11T17:24:40-03:00,Analizar,Armado de escenarios en Análisis de Sensibilidad de la especie BDC28,16837.0
2026-06-11T17:24:40-03:00,Analizar,Armado de escenarios en Análisis de Sensibilidad de la especie PNRCO,15615.0
2026-06-11T17:24:40-03:00,Analizar,Armado de escenarios en Análisis de Sensibilidad de la especie TX28,7779.0
2026-06-11T17:24:40-03:00,Analizar,Ingresar al Home,10388.0
2026-06-11T17:24:40-03:00,Analizar,Ingreso a la pestaña Condiciones de Emisión de la especie  AL30,564.0
2026-06-11T17:24:40-03:00,Analizar,Ingreso a la pestaña Condiciones de Emisión de la especie BDC28,816.0
2026-06-11T17:24:40-03:00,Analizar,Ingreso a la pestaña Condiciones de Emisión de la especie PNRCO,756.0
2026-06-11T17:24:40-03:00,Analizar,Ingreso a la pestaña Condiciones de Emisión de la especie TX28,628.0
2026-06-11T17:24:40-03:00,Analizar,Navegabilidad por los botones TIRs y Paridades Históricas de la especie AL30,5439.0
2026-06-11T17:24:40-03:00,Analizar,Navegabilidad por los botones TIRs y Paridades Históricas de la especie BDC28,7745.0
2026-06-11T17:24:40-03:00,Analizar,Navegabilidad por los botones TIRs y Paridades Históricas de la especie PNRCO,4420.0
2026-06-11T17:24:40-03:00,Analizar,Navegabilidad por los botones TIRs y Paridades Históricas de la especie TX28,6766.0
2026-06-11T17:24:40-03:00,Analizar,Simular inversión de la especie AL30,2265.0
2026-06-11T17:24:40-03:00,Analizar,Simular inversión de la especie BDC28,9985.0
2026-06-11T17:24:40-03:00,Analizar,Simular inversión de la especie PNRCO,6969.0
2026-06-11T17:24:40-03:00,Analizar,Simular inversión de la especie TX28,2334.0
2026-06-11T17:24:40-03:00,Analizar,Validaciones en la pestaña General de la especie PNRCO,592.0
2026-06-11T17:24:40-03:00,Arbitraje,Arbitraje de las especies AL30 y TX28,10612.0
2026-06-11T17:24:40-03:00,Arbitraje,Ingresar al menú Arbitraje,767.0
2026-06-11T17:24:40-03:00,Arbitraje,"Navegabilidad entre las pestañas Paridad, Inversión y Scatter",8916.0
2026-06-11T17:24:40-03:00,Calculadora,"Editar P. Simulado, de la primera simulación",5353.0
2026-06-11T17:24:40-03:00,Calculadora,Editar la TIR de la primera simulación,756.0
2026-06-11T17:24:40-03:00,Calculadora,Eliminar todas las simulaciones,235.0
2026-06-11T17:24:40-03:00,Calculadora,Ingresar al menú Calculadora,4109.0
2026-06-11T17:24:40-03:00,Calculadora,Simular inversiones de la especie AL30,67327.0
2026-06-11T17:24:40-03:00,Comparar,Eliminar las especies AL30 y TX28,4931.0
2026-06-11T17:24:40-03:00,Comparar,Ingresar al menú Comparar,792.0
2026-06-11T17:24:40-03:00,Comparar,Ir a Condiciones de Emisión,1256.0
2026-06-11T17:24:40-03:00,Comparar,Navegabilidad por pestañas gráficas,7501.0
2026-06-11T17:24:40-03:00,Comparar,Realizar comparativa entre las especies AL30 y TX28,12701.0
2026-06-11T17:24:40-03:00,Curvas,Ingresar a la pestaña Internacionales,340.0
2026-06-11T17:24:40-03:00,Curvas,Ingresar al menú Curvas,5728.0
2026-06-11T17:24:40-03:00,Curvas,Ingreso a la curva BCRA - BOPREALs - USD,779.0
2026-06-11T17:24:40-03:00,Curvas,Ingreso a la curva Brasil - Soberanos - Bonos Globales - USD,34747.0
2026-06-11T17:24:40-03:00,Curvas,Ingreso a la curva Chile - Soberanos - Bonos Globales - USD,14856.0
2026-06-11T17:24:40-03:00,Curvas,Ingreso a la curva Colombia - Soberanos - Bonos Globales - USD,15525.0
2026-06-11T17:24:40-03:00,Curvas,Ingreso a la curva Corporativos - ONs TAMAR - ARS,18472.0
2026-06-11T17:24:40-03:00,Curvas,Ingreso a la curva Estados Unidos - Soberanos - Treasury Notes/Bonds - USD,6984.0
2026-06-11T17:24:40-03:00,Curvas,Ingreso a la curva Mexico - Soberanos - Bonos Globales - USD,29448.0
2026-06-11T17:24:40-03:00,Curvas,Ingreso a la curva Paraguay - Soberanos - Bonos Globales - USD,8307.0
2026-06-11T17:24:40-03:00,Curvas,Ingreso a la curva Soberanos - Letras del Tesoro Capitalizables (LECAP) - ARS,1118.0
2026-06-11T17:24:40-03:00,Curvas,Ingreso a la curva Soberanos - Ley Argentina - USD,961.0
2026-06-11T17:24:40-03:00,Curvas,Ingreso a la curva Soberanos - Tasa Fija + CER - ARS,1062.0
2026-06-11T17:24:40-03:00,Curvas,"Ingreso a la pestaña ""BCRA""",136.0
2026-06-11T17:24:40-03:00,Curvas,"Ingreso a la pestaña ""Corporativos""",117.0
2026-06-11T17:24:40-03:00,Curvas,"Ingreso a la pestaña ""Soberanos""",219.0
2026-06-11T17:24:40-03:00,Curvas,"Ingreso a la pestaña ""SubSoberanos""",153.0
2026-06-11T17:24:40-03:00,Curvas,Ingreso en la pestaña Análisis online de la curva de: BCRA - BOPREALs - USD,1441.0
2026-06-11T17:24:40-03:00,Curvas,Ingreso en la pestaña Análisis online de la curva de: Corporativos - ONs TAMAR - ARS,5920.0
2026-06-11T17:24:40-03:00,Curvas,Ingreso en la pestaña Análisis online de la curva de: Soberanos - Letras del Tesoro Capitalizables (LECAP) - ARS,1355.0
2026-06-11T17:24:40-03:00,Curvas,Ingreso en la pestaña Análisis online de la curva de: Soberanos - Ley Argentina - USD,2627.0
2026-06-11T17:24:40-03:00,Curvas,Ingreso en la pestaña Análisis online de la curva de: Soberanos - Tasa Fija + CER - ARS,5220.0
2026-06-11T17:24:40-03:00,Graficador,Graficar la especie AL30,6030.0
2026-06-11T17:24:40-03:00,Graficador,Graficar todas las curvas,364.0
2026-06-11T17:24:40-03:00,Graficador,Ingresar al menú Graficador,5574.0
2026-06-11T17:24:40-03:00,Mis portafolios,Agregar la cuarta especie al portafolio,3737.0
2026-06-11T17:24:40-03:00,Mis portafolios,Agregar la primera especie al portafolio,4293.0
2026-06-11T17:24:40-03:00,Mis portafolios,Agregar la segunda especie al portafolio,4278.0
2026-06-11T17:24:40-03:00,Mis portafolios,Agregar la tercera especie al portafolio,4143.0
2026-06-11T17:24:40-03:00,Mis portafolios,Crear un nuevo portafolio,7871.0
2026-06-11T17:24:40-03:00,Mis portafolios,Editar el portafolio,3124.0
2026-06-11T17:24:40-03:00,Mis portafolios,Eliminar el portafolio,735.0
2026-06-11T17:24:40-03:00,Mis portafolios,Eliminar todas las especies del portafolio,6113.0
2026-06-11T17:24:40-03:00,Mis portafolios,Ingresar al menú Mis portafolios,792.0
2026-06-11T17:24:40-03:00,Mis portafolios,Navegabilidad entre las pestañas Proyección y Agenda de pagos en el portafolio,1865.0
2026-06-11T17:24:40-03:00,Screener,Búsqueda con filtros en Screener,7807.0
2026-06-11T17:24:40-03:00,Screener,Ingresar al menú Screener,5018.0
2026-06-11T17:24:40-03:00,Sensibilidad,Eliminar escenario,90.0
2026-06-11T17:24:40-03:00,Sensibilidad,Eliminar especie,97.0
2026-06-11T17:24:40-03:00,Sensibilidad,Ingresar al menú Sensibilidad,856.0
2026-06-11T17:24:40-03:00,Sensibilidad,Realizar Análisis de sensibilidad,6031.0
2026-06-15T15:51:49-03:00,Analizar,Analizar la especie  BDC28,2117.0
2026-06-15T15:51:49-03:00,Analizar,Analizar la especie AL30 ,3749.0
2026-06-15T15:51:49-03:00,Analizar,Analizar la especie PNRCO,2436.0
2026-06-15T15:51:49-03:00,Analizar,Analizar la especie TX28,2202.0
2026-06-15T15:51:49-03:00,Analizar,Armado de escenarios en Análisis de Sensibilidad de la especie AL30,18387.0
2026-06-15T15:51:49-03:00,Analizar,Armado de escenarios en Análisis de Sensibilidad de la especie BDC28,18982.0
2026-06-15T15:51:49-03:00,Analizar,Armado de escenarios en Análisis de Sensibilidad de la especie PNRCO,14678.0
2026-06-15T15:51:49-03:00,Analizar,Armado de escenarios en Análisis de Sensibilidad de la especie TX28,9796.0
2026-06-15T15:51:49-03:00,Analizar,Ingresar al Home,11051.0
2026-06-15T15:51:49-03:00,Analizar,Ingreso a la pestaña Condiciones de Emisión de la especie  AL30,807.0
2026-06-15T15:51:49-03:00,Analizar,Ingreso a la pestaña Condiciones de Emisión de la especie BDC28,839.0
2026-06-15T15:51:49-03:00,Analizar,Ingreso a la pestaña Condiciones de Emisión de la especie PNRCO,754.0
2026-06-15T15:51:49-03:00,Analizar,Ingreso a la pestaña Condiciones de Emisión de la especie TX28,748.0
2026-06-15T15:51:49-03:00,Analizar,Navegabilidad por los botones TIRs y Paridades Históricas de la especie AL30,5791.0
2026-06-15T15:51:49-03:00,Analizar,Navegabilidad por los botones TIRs y Paridades Históricas de la especie BDC28,7656.0
2026-06-15T15:51:49-03:00,Analizar,Navegabilidad por los botones TIRs y Paridades Históricas de la especie PNRCO,4375.0
2026-06-15T15:51:49-03:00,Analizar,Navegabilidad por los botones TIRs y Paridades Históricas de la especie TX28,4762.0
2026-06-15T15:51:49-03:00,Analizar,Simular inversión de la especie AL30,3002.0
2026-06-15T15:51:49-03:00,Analizar,Simular inversión de la especie BDC28,11730.0
2026-06-15T15:51:49-03:00,Analizar,Simular inversión de la especie PNRCO,7272.0
2026-06-15T15:51:49-03:00,Analizar,Simular inversión de la especie TX28,2843.0
2026-06-15T15:51:49-03:00,Analizar,Validaciones en la pestaña General de la especie PNRCO,492.0
2026-06-15T15:51:49-03:00,Arbitraje,Arbitraje de las especies AL30 y TX28,12140.0
2026-06-15T15:51:49-03:00,Arbitraje,Ingresar al menú Arbitraje,981.0
2026-06-15T15:51:49-03:00,Arbitraje,"Navegabilidad entre las pestañas Paridad, Inversión y Scatter",10632.0
2026-06-15T15:51:49-03:00,Calculadora,"Editar P. Simulado, de la primera simulación",5051.0
2026-06-15T15:51:49-03:00,Calculadora,Editar la TIR de la primera simulación,770.0
2026-06-15T15:51:49-03:00,Calculadora,Eliminar todas las simulaciones,277.0
2026-06-15T15:51:49-03:00,Calculadora,Ingresar al menú Calculadora,5811.0
2026-06-15T15:51:49-03:00,Calculadora,Simular inversiones de la especie AL30,91650.0
2026-06-15T15:51:49-03:00,Comparar,Eliminar las especies AL30 y TX28,4392.0
2026-06-15T15:51:49-03:00,Comparar,Ingresar al menú Comparar,888.0
2026-06-15T15:51:49-03:00,Comparar,Ir a Condiciones de Emisión,1419.0
2026-06-15T15:51:49-03:00,Comparar,Navegabilidad por pestañas gráficas,6631.0
2026-06-15T15:51:49-03:00,Comparar,Realizar comparativa entre las especies AL30 y TX28,14881.0
2026-06-15T15:51:49-03:00,Curvas,Ingresar a la pestaña Internacionales,398.0
2026-06-15T15:51:49-03:00,Curvas,Ingresar al menú Curvas,6633.0
2026-06-15T15:51:49-03:00,Curvas,Ingreso a la curva BCRA - BOPREALs - USD,1278.0
2026-06-15T15:51:49-03:00,Curvas,Ingreso a la curva Brasil - Soberanos - Bonos Globales - USD,12718.0
2026-06-15T15:51:49-03:00,Curvas,Ingreso a la curva Chile - Soberanos - Bonos Globales - USD,11811.0
2026-06-15T15:51:49-03:00,Curvas,Ingreso a la curva Colombia - Soberanos - Bonos Globales - USD,15779.0
2026-06-15T15:51:49-03:00,Curvas,Ingreso a la curva Corporativos - ONs TAMAR - ARS,18835.0
2026-06-15T15:51:49-03:00,Curvas,Ingreso a la curva Estados Unidos - Soberanos - Treasury Notes/Bonds - USD,7770.0
2026-06-15T15:51:49-03:00,Curvas,Ingreso a la curva Mexico - Soberanos - Bonos Globales - USD,33924.0
2026-06-15T15:51:49-03:00,Curvas,Ingreso a la curva Paraguay - Soberanos - Bonos Globales - USD,8211.0
2026-06-15T15:51:49-03:00,Curvas,Ingreso a la curva Soberanos - Letras del Tesoro Capitalizables (LECAP) - ARS,1046.0
2026-06-15T15:51:49-03:00,Curvas,Ingreso a la curva Soberanos - Ley Argentina - USD,2331.0
2026-06-15T15:51:49-03:00,Curvas,Ingreso a la curva Soberanos - Tasa Fija + CER - ARS,5797.0
2026-06-15T15:51:49-03:00,Curvas,"Ingreso a la pestaña ""BCRA""",148.0
2026-06-15T15:51:49-03:00,Curvas,"Ingreso a la pestaña ""Corporativos""",153.0
2026-06-15T15:51:49-03:00,Curvas,"Ingreso a la pestaña ""Soberanos""",267.0
2026-06-15T15:51:49-03:00,Curvas,"Ingreso a la pestaña ""SubSoberanos""",170.0
2026-06-15T15:51:49-03:00,Curvas,Ingreso en la pestaña Análisis online de la curva de: BCRA - BOPREALs - USD,1791.0
2026-06-15T15:51:49-03:00,Curvas,Ingreso en la pestaña Análisis online de la curva de: Corporativos - ONs TAMAR - ARS,14047.0
2026-06-15T15:51:49-03:00,Curvas,Ingreso en la pestaña Análisis online de la curva de: Soberanos - Letras del Tesoro Capitalizables (LECAP) - ARS,1775.0
2026-06-15T15:51:49-03:00,Curvas,Ingreso en la pestaña Análisis online de la curva de: Soberanos - Ley Argentina - USD,2144.0
2026-06-15T15:51:49-03:00,Curvas,Ingreso en la pestaña Análisis online de la curva de: Soberanos - Tasa Fija + CER - ARS,29483.0
2026-06-15T15:51:49-03:00,Graficador,Graficar la especie AL30,10108.0
2026-06-15T15:51:49-03:00,Graficador,Graficar todas las curvas,702.0
2026-06-15T15:51:49-03:00,Graficador,Ingresar al menú Graficador,6597.0
2026-06-15T15:51:49-03:00,Mis portafolios,Agregar la cuarta especie al portafolio,3444.0
2026-06-15T15:51:49-03:00,Mis portafolios,Agregar la primera especie al portafolio,3652.0
2026-06-15T15:51:49-03:00,Mis portafolios,Agregar la segunda especie al portafolio,3433.0
2026-06-15T15:51:49-03:00,Mis portafolios,Agregar la tercera especie al portafolio,3649.0
2026-06-15T15:51:49-03:00,Mis portafolios,Crear un nuevo portafolio,8480.0
2026-06-15T15:51:49-03:00,Mis portafolios,Editar el portafolio,3330.0
2026-06-15T15:51:49-03:00,Mis portafolios,Eliminar el portafolio,1199.0
2026-06-15T15:51:49-03:00,Mis portafolios,Eliminar todas las especies del portafolio,6132.0
2026-06-15T15:51:49-03:00,Mis portafolios,Ingresar al menú Mis portafolios,988.0
2026-06-15T15:51:49-03:00,Mis portafolios,Navegabilidad entre las pestañas Proyección y Agenda de pagos en el portafolio,2199.0
2026-06-15T15:51:49-03:00,Screener,Búsqueda con filtros en Screener,8465.0
2026-06-15T15:51:49-03:00,Screener,Ingresar al menú Screener,6424.0
2026-06-15T15:51:49-03:00,Sensibilidad,Eliminar escenario,102.0
2026-06-15T15:51:49-03:00,Sensibilidad,Eliminar especie,108.0
2026-06-15T15:51:49-03:00,Sensibilidad,Ingresar al menú Sensibilidad,971.0
2026-06-15T15:51:49-03:00,Sensibilidad,Realizar Análisis de sensibilidad,8040.0
2026-07-03T13:01:45-03:00,Analizar,Analizar la especie  BDC28,2432.0
2026-07-03T13:01:45-03:00,Analizar,Analizar la especie AL30 ,4546.0
2026-07-03T13:01:45-03:00,Analizar,Analizar la especie PECMO,2159.0
2026-07-03T13:01:45-03:00,Analizar,Analizar la especie TX28,2180.0
2026-07-03T13:01:45-03:00,Analizar,Armado de escenarios en Análisis de Sensibilidad de la especie AL30,12719.0
2026-07-03T13:01:45-03:00,Analizar,Armado de escenarios en Análisis de Sensibilidad de la especie BDC28,14402.0
2026-07-03T13:01:45-03:00,Analizar,Armado de escenarios en Análisis de Sensibilidad de la especie PECMO,12453.0
2026-07-03T13:01:45-03:00,Analizar,Armado de escenarios en Análisis de Sensibilidad de la especie TX28,9278.0
2026-07-03T13:01:45-03:00,Analizar,Ingresar al Home,19693.0
2026-07-03T13:01:45-03:00,Analizar,Ingreso a la pestaña Condiciones de Emisión de la especie  AL30,693.0
2026-07-03T13:01:45-03:00,Analizar,Ingreso a la pestaña Condiciones de Emisión de la especie BDC28,735.0
2026-07-03T13:01:45-03:00,Analizar,Ingreso a la pestaña Condiciones de Emisión de la especie PECMO,668.0
2026-07-03T13:01:45-03:00,Analizar,Ingreso a la pestaña Condiciones de Emisión de la especie TX28,642.0
2026-07-03T13:01:45-03:00,Analizar,Navegabilidad por los botones TIRs y Paridades Históricas de la especie AL30,23103.0
2026-07-03T13:01:45-03:00,Analizar,Navegabilidad por los botones TIRs y Paridades Históricas de la especie BDC28,6235.0
2026-07-03T13:01:45-03:00,Analizar,Navegabilidad por los botones TIRs y Paridades Históricas de la especie PECMO,3708.0
2026-07-03T13:01:45-03:00,Analizar,Navegabilidad por los botones TIRs y Paridades Históricas de la especie TX28,5096.0
2026-07-03T13:01:45-03:00,Analizar,Simular inversión de la especie AL30,2509.0
2026-07-03T13:01:45-03:00,Analizar,Simular inversión de la especie BDC28,8609.0
2026-07-03T13:01:45-03:00,Analizar,Simular inversión de la especie PECMO,4431.0
2026-07-03T13:01:45-03:00,Analizar,Simular inversión de la especie TX28,2832.0
2026-07-03T13:01:45-03:00,Analizar,Validaciones en la pestaña General de la especie PECMO,1090.0
2026-07-03T13:01:45-03:00,Arbitraje,Arbitraje de las especies AL30 y TX28,10652.0
2026-07-03T13:01:45-03:00,Arbitraje,Ingresar al menú Arbitraje,865.0
2026-07-03T13:01:45-03:00,Arbitraje,"Navegabilidad entre las pestañas Paridad, Inversión y Scatter",11128.0
2026-07-03T13:01:45-03:00,Calculadora,"Editar P. Simulado, de la primera simulación",2265.0
2026-07-03T13:01:45-03:00,Calculadora,Editar la TIR de la primera simulación,931.0
2026-07-03T13:01:45-03:00,Calculadora,Eliminar todas las simulaciones,2447.0
2026-07-03T13:01:45-03:00,Calculadora,Ingresar al menú Calculadora,3262.0
2026-07-03T13:01:45-03:00,Calculadora,Simular inversiones de la especie AL30,85047.0
2026-07-03T13:01:45-03:00,Comparar,Eliminar las especies AL30 y TX28,2316.0
2026-07-03T13:01:45-03:00,Comparar,Ingresar al menú Comparar,890.0
2026-07-03T13:01:45-03:00,Comparar,Ir a Condiciones de Emisión,1319.0
2026-07-03T13:01:45-03:00,Comparar,Navegabilidad por pestañas gráficas,10655.0
2026-07-03T13:01:45-03:00,Comparar,Realizar comparativa entre las especies AL30 y TX28,60397.0
2026-07-03T13:01:45-03:00,Curvas,Ingresar a la pestaña Internacionales,567.0
2026-07-03T13:01:45-03:00,Curvas,Ingresar al menú Curvas,2980.0
2026-07-03T13:01:45-03:00,Curvas,Ingreso a la curva BCRA - BOPREALs - USD,995.0
2026-07-03T13:01:45-03:00,Curvas,Ingreso a la curva Brasil - Soberanos - Bonos Globales - USD,11258.0
2026-07-03T13:01:45-03:00,Curvas,Ingreso a la curva Chile - Soberanos - Bonos Globales - USD,11928.0
2026-07-03T13:01:45-03:00,Curvas,Ingreso a la curva Colombia - Soberanos - Bonos Globales - USD,5616.0
2026-07-03T13:01:45-03:00,Curvas,Ingreso a la curva Corporativos - ONs TAMAR - ARS,12324.0
2026-07-03T13:01:45-03:00,Curvas,Ingreso a la curva Estados Unidos - Soberanos - Treasury Notes/Bonds - USD,3054.0
2026-07-03T13:01:45-03:00,Curvas,Ingreso a la curva Mexico - Soberanos - Bonos Globales - USD,19973.0
2026-07-03T13:01:45-03:00,Curvas,Ingreso a la curva Paraguay - Soberanos - Bonos Globales - USD,3154.0
2026-07-03T13:01:45-03:00,Curvas,Ingreso a la curva Soberanos - Letras del Tesoro Capitalizables (LECAP) - ARS,1161.0
2026-07-03T13:01:45-03:00,Curvas,Ingreso a la curva Soberanos - Ley Argentina - USD,1068.0
2026-07-03T13:01:45-03:00,Curvas,Ingreso a la curva Soberanos - Tasa Fija + CER - ARS,1159.0
2026-07-03T13:01:45-03:00,Curvas,"Ingreso a la pestaña ""BCRA""",149.0
2026-07-03T13:01:45-03:00,Curvas,"Ingreso a la pestaña ""Corporativos""",164.0
2026-07-03T13:01:45-03:00,Curvas,"Ingreso a la pestaña ""Soberanos""",1888.0
2026-07-03T13:01:45-03:00,Curvas,"Ingreso a la pestaña ""SubSoberanos""",167.0
2026-07-03T13:01:45-03:00,Graficador,Graficar la especie AL30,7422.0
2026-07-03T13:01:45-03:00,Graficador,Graficar todas las curvas,889.0
2026-07-03T13:01:45-03:00,Graficador,Ingresar al menú Graficador,3305.0
2026-07-03T13:01:45-03:00,Mis portafolios,Agregar la cuarta especie al portafolio,8332.0
2026-07-03T13:01:45-03:00,Mis portafolios,Agregar la primera especie al portafolio,7719.0
2026-07-03T13:01:45-03:00,Mis portafolios,Agregar la segunda especie al portafolio,7208.0
2026-07-03T13:01:45-03:00,Mis portafolios,Agregar la tercera especie al portafolio,7494.0
2026-07-03T13:01:45-03:00,Mis portafolios,Crear un nuevo portafolio,5676.0
2026-07-03T13:01:45-03:00,Mis portafolios,Editar el portafolio,3181.0
2026-07-03T13:01:45-03:00,Mis portafolios,Eliminar el portafolio,2775.0
2026-07-03T13:01:45-03:00,Mis portafolios,Eliminar todas las especies del portafolio,199.0
2026-07-03T13:01:45-03:00,Mis portafolios,Ingresar al menú Mis portafolios,837.0
2026-07-03T13:01:45-03:00,Mis portafolios,Navegabilidad entre las pestañas Proyección y Agenda de pagos en el portafolio,2100.0
2026-07-03T13:01:45-03:00,Screener,Ingresar al menú Screener,3457.0
2026-07-03T13:01:45-03:00,Sensibilidad,Eliminar escenario,506.0
2026-07-03T13:01:45-03:00,Sensibilidad,Eliminar especie,200.0
2026-07-03T13:01:45-03:00,Sensibilidad,Ingresar al menú Sensibilidad,950.0
2026-07-03T13:01:45-03:00,Sensibilidad,Realizar Análisis de sensibilidad,7389.0
2026-07-06T15:07:44-03:00,Analizar,Analizar la especie  BDC28,2170.0
2026-07-06T15:07:44-03:00,Analizar,Analizar la especie AL30 ,4488.0
2026-07-06T15:07:44-03:00,Analizar,Analizar la especie PECMO,2042.0
2026-07-06T15:07:44-03:00,Analizar,Analizar la especie TX28,2412.0
2026-07-06T15:07:44-03:00,Analizar,Armado de escenarios en Análisis de Sensibilidad de la especie AL30,12361.0
2026-07-06T15:07:44-03:00,Analizar,Armado de escenarios en Análisis de Sensibilidad de la especie BDC28,13349.0
2026-07-06T15:07:44-03:00,Analizar,Armado de escenarios en Análisis de Sensibilidad de la especie PECMO,9477.0
2026-07-06T15:07:44-03:00,Analizar,Armado de escenarios en Análisis de Sensibilidad de la especie TX28,7901.0
2026-07-06T15:07:44-03:00,Analizar,Ingresar al Home,27769.0
2026-07-06T15:07:44-03:00,Analizar,Ingreso a la pestaña Condiciones de Emisión de la especie  AL30,872.0
2026-07-06T15:07:44-03:00,Analizar,Ingreso a la pestaña Condiciones de Emisión de la especie BDC28,1014.0
2026-07-06T15:07:44-03:00,Analizar,Ingreso a la pestaña Condiciones de Emisión de la especie PECMO,779.0
2026-07-06T15:07:44-03:00,Analizar,Ingreso a la pestaña Condiciones de Emisión de la especie TX28,849.0
2026-07-06T15:07:44-03:00,Analizar,Navegabilidad por los botones TIRs y Paridades Históricas de la especie AL30,4742.0
2026-07-06T15:07:44-03:00,Analizar,Navegabilidad por los botones TIRs y Paridades Históricas de la especie BDC28,5510.0
2026-07-06T15:07:44-03:00,Analizar,Navegabilidad por los botones TIRs y Paridades Históricas de la especie PECMO,2853.0
2026-07-06T15:07:44-03:00,Analizar,Navegabilidad por los botones TIRs y Paridades Históricas de la especie TX28,8091.0
2026-07-06T15:07:44-03:00,Analizar,Simular inversión de la especie AL30,2348.0
2026-07-06T15:07:44-03:00,Analizar,Simular inversión de la especie BDC28,5153.0
2026-07-06T15:07:44-03:00,Analizar,Simular inversión de la especie PECMO,2719.0
2026-07-06T15:07:44-03:00,Analizar,Simular inversión de la especie TX28,2180.0
2026-07-06T15:07:44-03:00,Analizar,Validaciones en la pestaña General de la especie PECMO,314.0
2026-07-06T15:07:44-03:00,Arbitraje,Arbitraje de las especies AL30 y TX28,10352.0
2026-07-06T15:07:44-03:00,Arbitraje,Ingresar al menú Arbitraje,834.0
2026-07-06T15:07:44-03:00,Arbitraje,"Navegabilidad entre las pestañas Paridad, Inversión y Scatter",12374.0
2026-07-06T15:07:44-03:00,Calculadora,"Editar P. Simulado, de la primera simulación",2601.0
2026-07-06T15:07:44-03:00,Calculadora,Editar la TIR de la primera simulación,1835.0
2026-07-06T15:07:44-03:00,Calculadora,Eliminar todas las simulaciones,2127.0
2026-07-06T15:07:44-03:00,Calculadora,Ingresar al menú Calculadora,3590.0
2026-07-06T15:07:44-03:00,Calculadora,Simular inversiones de la especie AL30,88288.0
2026-07-06T15:07:44-03:00,Comparar,Eliminar las especies AL30 y TX28,2438.0
2026-07-06T15:07:44-03:00,Comparar,Ingresar al menú Comparar,891.0
2026-07-06T15:07:44-03:00,Comparar,Ir a Condiciones de Emisión,47474.0
2026-07-06T15:07:44-03:00,Comparar,Navegabilidad por pestañas gráficas,21253.0
2026-07-06T15:07:44-03:00,Comparar,Realizar comparativa entre las especies AL30 y TX28,16482.0
2026-07-06T15:07:44-03:00,Curvas,Ingresar a la pestaña Internacionales,476.0
2026-07-06T15:07:44-03:00,Curvas,Ingresar al menú Curvas,2505.0
2026-07-06T15:07:44-03:00,Curvas,Ingreso a la curva BCRA - BOPREALs - USD,1047.0
2026-07-06T15:07:44-03:00,Curvas,Ingreso a la curva Brasil - Soberanos - Bonos Globales - USD,12516.0
2026-07-06T15:07:44-03:00,Curvas,Ingreso a la curva Chile - Soberanos - Bonos Globales - USD,11426.0
2026-07-06T15:07:44-03:00,Curvas,Ingreso a la curva Colombia - Soberanos - Bonos Globales - USD,25446.0
2026-07-06T15:07:44-03:00,Curvas,Ingreso a la curva Corporativos - ONs TAMAR - ARS,4370.0
2026-07-06T15:07:44-03:00,Curvas,Ingreso a la curva Estados Unidos - Soberanos - Treasury Notes/Bonds - USD,8349.0
2026-07-06T15:07:44-03:00,Curvas,Ingreso a la curva Mexico - Soberanos - Bonos Globales - USD,22861.0
2026-07-06T15:07:44-03:00,Curvas,Ingreso a la curva Paraguay - Soberanos - Bonos Globales - USD,7645.0
2026-07-06T15:07:44-03:00,Curvas,Ingreso a la curva Soberanos - Letras del Tesoro Capitalizables (LECAP) - ARS,1037.0
2026-07-06T15:07:44-03:00,Curvas,Ingreso a la curva Soberanos - Ley Argentina - USD,1027.0
2026-07-06T15:07:44-03:00,Curvas,Ingreso a la curva Soberanos - Tasa Fija + CER - ARS,1014.0
2026-07-06T15:07:44-03:00,Curvas,"Ingreso a la pestaña ""BCRA""",177.0
2026-07-06T15:07:44-03:00,Curvas,"Ingreso a la pestaña ""Corporativos""",157.0
2026-07-06T15:07:44-03:00,Curvas,"Ingreso a la pestaña ""Soberanos""",3339.0
2026-07-06T15:07:44-03:00,Curvas,"Ingreso a la pestaña ""SubSoberanos""",163.0
2026-07-06T15:07:44-03:00,Graficador,Graficar la especie AL30,6805.0
2026-07-06T15:07:44-03:00,Graficador,Graficar todas las curvas,895.0
2026-07-06T15:07:44-03:00,Graficador,Ingresar al menú Graficador,3246.0
2026-07-06T15:07:44-03:00,Mis portafolios,Agregar la cuarta especie al portafolio,11070.0
2026-07-06T15:07:44-03:00,Mis portafolios,Agregar la primera especie al portafolio,7430.0
2026-07-06T15:07:44-03:00,Mis portafolios,Agregar la segunda especie al portafolio,7471.0
2026-07-06T15:07:44-03:00,Mis portafolios,Agregar la tercera especie al portafolio,559.0
2026-07-06T15:07:44-03:00,Mis portafolios,Crear un nuevo portafolio,5777.0
2026-07-06T15:07:44-03:00,Mis portafolios,Editar el portafolio,5241.0
2026-07-06T15:07:44-03:00,Mis portafolios,Eliminar el portafolio,1042.0
2026-07-06T15:07:44-03:00,Mis portafolios,Eliminar todas las especies del portafolio,216.0
2026-07-06T15:07:44-03:00,Mis portafolios,Ingresar al menú Mis portafolios,2621.0
2026-07-06T15:07:44-03:00,Mis portafolios,Navegabilidad entre las pestañas Proyección y Agenda de pagos en el portafolio,2930.0
2026-07-06T15:07:44-03:00,Screener,Ingresar al menú Screener,2931.0
2026-07-06T15:07:44-03:00,Sensibilidad,Eliminar escenario,494.0
2026-07-06T15:07:44-03:00,Sensibilidad,Eliminar especie,212.0
2026-07-06T15:07:44-03:00,Sensibilidad,Ingresar al menú Sensibilidad,869.0
2026-07-06T15:07:44-03:00,Sensibilidad,Realizar Análisis de sensibilidad,7642.0
2026-07-07T14:56:30-03:00,Analizar,Analizar la especie  BDC28,3797.0
2026-07-07T14:56:30-03:00,Analizar,Analizar la especie AL30 ,4996.0
2026-07-07T14:56:30-03:00,Analizar,Analizar la especie PECMO,2438.0
2026-07-07T14:56:30-03:00,Analizar,Analizar la especie TX28,3147.0
2026-07-07T14:56:30-03:00,Analizar,Armado de escenarios en Análisis de Sensibilidad de la especie AL30,13300.0
2026-07-07T14:56:30-03:00,Analizar,Armado de escenarios en Análisis de Sensibilidad de la especie BDC28,24606.0
2026-07-07T14:56:30-03:00,Analizar,Armado de escenarios en Análisis de Sensibilidad de la especie PECMO,13033.0
2026-07-07T14:56:30-03:00,Analizar,Armado de escenarios en Análisis de Sensibilidad de la especie TX28,8913.0
2026-07-07T14:56:30-03:00,Analizar,Ingresar al Home,8423.0
2026-07-07T14:56:30-03:00,Analizar,Ingreso a la pestaña Condiciones de Emisión de la especie  AL30,685.0
2026-07-07T14:56:30-03:00,Analizar,Ingreso a la pestaña Condiciones de Emisión de la especie BDC28,4421.0
2026-07-07T14:56:30-03:00,Analizar,Ingreso a la pestaña Condiciones de Emisión de la especie PECMO,1105.0
2026-07-07T14:56:30-03:00,Analizar,Ingreso a la pestaña Condiciones de Emisión de la especie TX28,1587.0
2026-07-07T14:56:30-03:00,Analizar,Navegabilidad por los botones TIRs y Paridades Históricas de la especie AL30,4611.0
2026-07-07T14:56:30-03:00,Analizar,Navegabilidad por los botones TIRs y Paridades Históricas de la especie BDC28,5995.0
2026-07-07T14:56:30-03:00,Analizar,Navegabilidad por los botones TIRs y Paridades Históricas de la especie PECMO,2896.0
2026-07-07T14:56:30-03:00,Analizar,Navegabilidad por los botones TIRs y Paridades Históricas de la especie TX28,4955.0
2026-07-07T14:56:30-03:00,Analizar,Simular inversión de la especie AL30,2655.0
2026-07-07T14:56:30-03:00,Analizar,Simular inversión de la especie BDC28,4183.0
2026-07-07T14:56:30-03:00,Analizar,Simular inversión de la especie PECMO,3437.0
2026-07-07T14:56:30-03:00,Analizar,Simular inversión de la especie TX28,8815.0
2026-07-07T14:56:30-03:00,Analizar,Validaciones en la pestaña General de la especie PECMO,850.0
2026-07-07T14:56:30-03:00,Arbitraje,Arbitraje de las especies AL30 y TX28,10580.0
2026-07-07T14:56:30-03:00,Arbitraje,Ingresar al menú Arbitraje,953.0
2026-07-07T14:56:30-03:00,Arbitraje,"Navegabilidad entre las pestañas Paridad, Inversión y Scatter",10588.0
2026-07-07T14:56:30-03:00,Calculadora,"Editar P. Simulado, de la primera simulación",2463.0
2026-07-07T14:56:30-03:00,Calculadora,Editar la TIR de la primera simulación,1650.0
2026-07-07T14:56:30-03:00,Calculadora,Eliminar todas las simulaciones,2549.0
2026-07-07T14:56:30-03:00,Calculadora,Ingresar al menú Calculadora,4304.0
2026-07-07T14:56:30-03:00,Calculadora,Simular inversiones de la especie AL30,95185.0
2026-07-07T14:56:30-03:00,Comparar,Eliminar las especies AL30 y TX28,2400.0
2026-07-07T14:56:30-03:00,Comparar,Ingresar al menú Comparar,834.0
2026-07-07T14:56:30-03:00,Comparar,Ir a Condiciones de Emisión,1827.0
2026-07-07T14:56:30-03:00,Comparar,Navegabilidad por pestañas gráficas,7769.0
2026-07-07T14:56:30-03:00,Comparar,Realizar comparativa entre las especies AL30 y TX28,18292.0
2026-07-07T14:56:30-03:00,Curvas,Ingresar a la pestaña Internacionales,471.0
2026-07-07T14:56:30-03:00,Curvas,Ingresar al menú Curvas,3141.0
2026-07-07T14:56:30-03:00,Curvas,Ingreso a la curva BCRA - BOPREALs - USD,1064.0
2026-07-07T14:56:30-03:00,Curvas,Ingreso a la curva Brasil - Soberanos - Bonos Globales - USD,15561.0
2026-07-07T14:56:30-03:00,Curvas,Ingreso a la curva Chile - Soberanos - Bonos Globales - USD,10672.0
2026-07-07T14:56:30-03:00,Curvas,Ingreso a la curva Colombia - Soberanos - Bonos Globales - USD,24703.0
2026-07-07T14:56:30-03:00,Curvas,Ingreso a la curva Corporativos - ONs TAMAR - ARS,5969.0
2026-07-07T14:56:30-03:00,Curvas,Ingreso a la curva Estados Unidos - Soberanos - Treasury Notes/Bonds - USD,10773.0
2026-07-07T14:56:30-03:00,Curvas,Ingreso a la curva Mexico - Soberanos - Bonos Globales - USD,35555.0
2026-07-07T14:56:30-03:00,Curvas,Ingreso a la curva Paraguay - Soberanos - Bonos Globales - USD,12549.0
2026-07-07T14:56:30-03:00,Curvas,Ingreso a la curva Soberanos - Letras del Tesoro Capitalizables (LECAP) - ARS,1180.0
2026-07-07T14:56:30-03:00,Curvas,Ingreso a la curva Soberanos - Ley Argentina - USD,1313.0
2026-07-07T14:56:30-03:00,Curvas,Ingreso a la curva Soberanos - Tasa Fija + CER - ARS,1445.0
2026-07-07T14:56:30-03:00,Curvas,"Ingreso a la pestaña ""BCRA""",169.0
2026-07-07T14:56:30-03:00,Curvas,"Ingreso a la pestaña ""Corporativos""",173.0
2026-07-07T14:56:30-03:00,Curvas,"Ingreso a la pestaña ""Soberanos""",1664.0
2026-07-07T14:56:30-03:00,Curvas,"Ingreso a la pestaña ""SubSoberanos""",169.0
2026-07-07T14:56:30-03:00,Graficador,Graficar la especie AL30,8668.0
2026-07-07T14:56:30-03:00,Graficador,Graficar todas las curvas,1173.0
2026-07-07T14:56:30-03:00,Graficador,Ingresar al menú Graficador,3623.0
2026-07-07T14:56:30-03:00,Mis portafolios,Agregar la cuarta especie al portafolio,9177.0
2026-07-07T14:56:30-03:00,Mis portafolios,Agregar la primera especie al portafolio,8498.0
2026-07-07T14:56:30-03:00,Mis portafolios,Agregar la segunda especie al portafolio,8950.0
2026-07-07T14:56:30-03:00,Mis portafolios,Agregar la tercera especie al portafolio,9277.0
2026-07-07T14:56:30-03:00,Mis portafolios,Crear un nuevo portafolio,6819.0
2026-07-07T14:56:30-03:00,Mis portafolios,Editar el portafolio,3764.0
2026-07-07T14:56:30-03:00,Mis portafolios,Eliminar el portafolio,2815.0
2026-07-07T14:56:30-03:00,Mis portafolios,Eliminar todas las especies del portafolio,196.0
2026-07-07T14:56:30-03:00,Mis portafolios,Ingresar al menú Mis portafolios,992.0
2026-07-07T14:56:30-03:00,Mis portafolios,Navegabilidad entre las pestañas Proyección y Agenda de pagos en el portafolio,2728.0
2026-07-07T14:56:30-03:00,Screener,Ingresar al menú Screener,3901.0
2026-07-07T14:56:30-03:00,Sensibilidad,Eliminar escenario,547.0
2026-07-07T14:56:30-03:00,Sensibilidad,Eliminar especie,215.0
2026-07-07T14:56:30-03:00,Sensibilidad,Ingresar al menú Sensibilidad,940.0
2026-07-07T14:56:30-03:00,Sensibilidad,Realizar Análisis de sensibilidad,8285.0
2026-07-10T14:48:42-03:00,Analizar,Analizar la especie  BDC28,2663.0
2026-07-10T14:48:42-03:00,Analizar,Analizar la especie AL30 ,5679.0
2026-07-10T14:48:42-03:00,Analizar,Analizar la especie PECMO,2318.0
2026-07-10T14:48:42-03:00,Analizar,Analizar la especie TX28,2485.0
2026-07-10T14:48:42-03:00,Analizar,Armado de escenarios en Análisis de Sensibilidad de la especie AL30,13752.0
2026-07-10T14:48:42-03:00,Analizar,Armado de escenarios en Análisis de Sensibilidad de la especie BDC28,12186.0
2026-07-10T14:48:42-03:00,Analizar,Armado de escenarios en Análisis de Sensibilidad de la especie PECMO,10256.0
2026-07-10T14:48:42-03:00,Analizar,Armado de escenarios en Análisis de Sensibilidad de la especie TX28,8118.0
2026-07-10T14:48:42-03:00,Analizar,Ingresar al Home,16487.0
2026-07-10T14:48:42-03:00,Analizar,Ingreso a la pestaña Condiciones de Emisión de la especie  AL30,712.0
2026-07-10T14:48:42-03:00,Analizar,Ingreso a la pestaña Condiciones de Emisión de la especie BDC28,801.0
2026-07-10T14:48:42-03:00,Analizar,Ingreso a la pestaña Condiciones de Emisión de la especie PECMO,1017.0
2026-07-10T14:48:42-03:00,Analizar,Ingreso a la pestaña Condiciones de Emisión de la especie TX28,719.0
2026-07-10T14:48:42-03:00,Analizar,Navegabilidad por los botones TIRs y Paridades Históricas de la especie AL30,10666.0
2026-07-10T14:48:42-03:00,Analizar,Navegabilidad por los botones TIRs y Paridades Históricas de la especie BDC28,7735.0
2026-07-10T14:48:42-03:00,Analizar,Navegabilidad por los botones TIRs y Paridades Históricas de la especie PECMO,3871.0
2026-07-10T14:48:42-03:00,Analizar,Navegabilidad por los botones TIRs y Paridades Históricas de la especie TX28,6280.0
2026-07-10T14:48:42-03:00,Analizar,Simular inversión de la especie AL30,2479.0
2026-07-10T14:48:42-03:00,Analizar,Simular inversión de la especie BDC28,4684.0
2026-07-10T14:48:42-03:00,Analizar,Simular inversión de la especie PECMO,3013.0
2026-07-10T14:48:42-03:00,Analizar,Simular inversión de la especie TX28,2718.0
2026-07-10T14:48:42-03:00,Analizar,Validaciones en la pestaña General de la especie PECMO,2185.0
2026-07-10T14:48:42-03:00,Arbitraje,Arbitraje de las especies AL30 y TX28,9747.0
2026-07-10T14:48:42-03:00,Arbitraje,Ingresar al menú Arbitraje,899.0
2026-07-10T14:48:42-03:00,Arbitraje,"Navegabilidad entre las pestañas Paridad, Inversión y Scatter",9465.0
2026-07-10T14:48:42-03:00,Calculadora,"Editar P. Simulado, de la primera simulación",2373.0
2026-07-10T14:48:42-03:00,Calculadora,Editar la TIR de la primera simulación,1462.0
2026-07-10T14:48:42-03:00,Calculadora,Eliminar todas las simulaciones,1771.0
2026-07-10T14:48:42-03:00,Calculadora,Ingresar al menú Calculadora,3186.0
2026-07-10T14:48:42-03:00,Calculadora,Simular inversiones de la especie AL30,76473.0
2026-07-10T14:48:42-03:00,Comparar,Eliminar las especies AL30 y TX28,2163.0
2026-07-10T14:48:42-03:00,Comparar,Ingresar al menú Comparar,868.0
2026-07-10T14:48:42-03:00,Comparar,Ir a Condiciones de Emisión,1703.0
2026-07-10T14:48:42-03:00,Comparar,Navegabilidad por pestañas gráficas,6389.0
2026-07-10T14:48:42-03:00,Comparar,Realizar comparativa entre las especies AL30 y TX28,11759.0
2026-07-10T14:48:42-03:00,Curvas,Ingresar a la pestaña Internacionales,415.0
2026-07-10T14:48:42-03:00,Curvas,Ingresar al menú Curvas,2518.0
2026-07-10T14:48:42-03:00,Curvas,Ingreso a la curva BCRA - BOPREALs - USD,830.0
2026-07-10T14:48:42-03:00,Curvas,Ingreso a la curva Brasil - Soberanos - Bonos Globales - USD,11638.0
2026-07-10T14:48:42-03:00,Curvas,Ingreso a la curva Chile - Soberanos - Bonos Globales - USD,11724.0
2026-07-10T14:48:42-03:00,Curvas,Ingreso a la curva Colombia - Soberanos - Bonos Globales - USD,16988.0
2026-07-10T14:48:42-03:00,Curvas,Ingreso a la curva Corporativos - ONs TAMAR - ARS,12636.0
2026-07-10T14:48:42-03:00,Curvas,Ingreso a la curva Estados Unidos - Soberanos - Treasury Notes/Bonds - USD,8117.0
2026-07-10T14:48:42-03:00,Curvas,Ingreso a la curva Mexico - Soberanos - Bonos Globales - USD,22381.0
2026-07-10T14:48:42-03:00,Curvas,Ingreso a la curva Paraguay - Soberanos - Bonos Globales - USD,7471.0
2026-07-10T14:48:42-03:00,Curvas,Ingreso a la curva Soberanos - Letras del Tesoro Capitalizables (LECAP) - ARS,1099.0
2026-07-10T14:48:42-03:00,Curvas,Ingreso a la curva Soberanos - Ley Argentina - USD,949.0
2026-07-10T14:48:42-03:00,Curvas,Ingreso a la curva Soberanos - Tasa Fija + CER - ARS,961.0
2026-07-10T14:48:42-03:00,Curvas,"Ingreso a la pestaña ""BCRA""",146.0
2026-07-10T14:48:42-03:00,Curvas,"Ingreso a la pestaña ""Corporativos""",158.0
2026-07-10T14:48:42-03:00,Curvas,"Ingreso a la pestaña ""Soberanos""",1569.0
2026-07-10T14:48:42-03:00,Curvas,"Ingreso a la pestaña ""SubSoberanos""",177.0
2026-07-10T14:48:42-03:00,Graficador,Graficar la especie AL30,6568.0
2026-07-10T14:48:42-03:00,Graficador,Graficar todas las curvas,1099.0
2026-07-10T14:48:42-03:00,Graficador,Ingresar al menú Graficador,3011.0
2026-07-10T14:48:42-03:00,Mis portafolios,Agregar la cuarta especie al portafolio,7970.0
2026-07-10T14:48:42-03:00,Mis portafolios,Agregar la primera especie al portafolio,6967.0
2026-07-10T14:48:42-03:00,Mis portafolios,Agregar la segunda especie al portafolio,7651.0
2026-07-10T14:48:42-03:00,Mis portafolios,Agregar la tercera especie al portafolio,7635.0
2026-07-10T14:48:42-03:00,Mis portafolios,Crear un nuevo portafolio,4915.0
2026-07-10T14:48:42-03:00,Mis portafolios,Editar el portafolio,4002.0
2026-07-10T14:48:42-03:00,Mis portafolios,Eliminar el portafolio,787.0
2026-07-10T14:48:42-03:00,Mis portafolios,Eliminar todas las especies del portafolio,192.0
2026-07-10T14:48:42-03:00,Mis portafolios,Ingresar al menú Mis portafolios,878.0
2026-07-10T14:48:42-03:00,Mis portafolios,Navegabilidad entre las pestañas Proyección y Agenda de pagos en el portafolio,2301.0
2026-07-10T14:48:42-03:00,Screener,Ingresar al menú Screener,2791.0
2026-07-10T14:48:42-03:00,Sensibilidad,Eliminar escenario,480.0
2026-07-10T14:48:42-03:00,Sensibilidad,Eliminar especie,191.0
2026-07-10T14:48:42-03:00,Sensibilidad,Ingresar al menú Sensibilidad,2054.0
2026-07-10T14:48:42-03:00,Sensibilidad,Realizar Análisis de sensibilidad,7277.0
2026-07-13T14:57:00-03:00,Analizar,Analizar la especie  BDC28,2035.0
2026-07-13T14:57:00-03:00,Analizar,Analizar la especie AL30 ,4114.0
2026-07-13T14:57:00-03:00,Analizar,Analizar la especie PECMO,1417.0
2026-07-13T14:57:00-03:00,Analizar,Analizar la especie TX28,2168.0
2026-07-13T14:57:00-03:00,Analizar,Armado de escenarios en Análisis de Sensibilidad de la especie AL30,16188.0
2026-07-13T14:57:00-03:00,Analizar,Armado de escenarios en Análisis de Sensibilidad de la especie BDC28,12383.0
2026-07-13T14:57:00-03:00,Analizar,Armado de escenarios en Análisis de Sensibilidad de la especie PECMO,9512.0
2026-07-13T14:57:00-03:00,Analizar,Armado de escenarios en Análisis de Sensibilidad de la especie TX28,7653.0
2026-07-13T14:57:00-03:00,Analizar,Ingresar al Home,8110.0
2026-07-13T14:57:00-03:00,Analizar,Ingreso a la pestaña Condiciones de Emisión de la especie  AL30,601.0
2026-07-13T14:57:00-03:00,Analizar,Ingreso a la pestaña Condiciones de Emisión de la especie BDC28,845.0
2026-07-13T14:57:00-03:00,Analizar,Ingreso a la pestaña Condiciones de Emisión de la especie PECMO,781.0
2026-07-13T14:57:00-03:00,Analizar,Ingreso a la pestaña Condiciones de Emisión de la especie TX28,1464.0
2026-07-13T14:57:00-03:00,Analizar,Navegabilidad por los botones TIRs y Paridades Históricas de la especie AL30,9662.0
2026-07-13T14:57:00-03:00,Analizar,Navegabilidad por los botones TIRs y Paridades Históricas de la especie BDC28,7177.0
2026-07-13T14:57:00-03:00,Analizar,Navegabilidad por los botones TIRs y Paridades Históricas de la especie PECMO,3976.0
2026-07-13T14:57:00-03:00,Analizar,Navegabilidad por los botones TIRs y Paridades Históricas de la especie TX28,7893.0
2026-07-13T14:57:00-03:00,Analizar,Simular inversión de la especie AL30,2639.0
2026-07-13T14:57:00-03:00,Analizar,Simular inversión de la especie BDC28,4598.0
2026-07-13T14:57:00-03:00,Analizar,Simular inversión de la especie PECMO,2474.0
2026-07-13T14:57:00-03:00,Analizar,Simular inversión de la especie TX28,1984.0
2026-07-13T14:57:00-03:00,Analizar,Validaciones en la pestaña General de la especie PECMO,928.0
2026-07-13T14:57:00-03:00,Arbitraje,Arbitraje de las especies AL30 y TX28,10483.0
2026-07-13T14:57:00-03:00,Arbitraje,Ingresar al menú Arbitraje,839.0
2026-07-13T14:57:00-03:00,Arbitraje,"Navegabilidad entre las pestañas Paridad, Inversión y Scatter",14960.0
2026-07-13T14:57:00-03:00,Calculadora,"Editar P. Simulado, de la primera simulación",2385.0
2026-07-13T14:57:00-03:00,Calculadora,Editar la TIR de la primera simulación,1904.0
2026-07-13T14:57:00-03:00,Calculadora,Eliminar todas las simulaciones,2451.0
2026-07-13T14:57:00-03:00,Calculadora,Ingresar al menú Calculadora,3484.0
2026-07-13T14:57:00-03:00,Calculadora,Simular inversiones de la especie AL30,89494.0
2026-07-13T14:57:00-03:00,Comparar,Eliminar las especies AL30 y TX28,2347.0
2026-07-13T14:57:00-03:00,Comparar,Ingresar al menú Comparar,900.0
2026-07-13T14:57:00-03:00,Comparar,Ir a Condiciones de Emisión,1263.0
2026-07-13T14:57:00-03:00,Comparar,Navegabilidad por pestañas gráficas,8889.0
2026-07-13T14:57:00-03:00,Comparar,Realizar comparativa entre las especies AL30 y TX28,12272.0
2026-07-13T14:57:00-03:00,Curvas,Ingresar a la pestaña Internacionales,474.0
2026-07-13T14:57:00-03:00,Curvas,Ingresar al menú Curvas,3287.0
2026-07-13T14:57:00-03:00,Curvas,Ingreso a la curva BCRA - BOPREALs - USD,1163.0
2026-07-13T14:57:00-03:00,Curvas,Ingreso a la curva Brasil - Soberanos - Bonos Globales - USD,31661.0
2026-07-13T14:57:00-03:00,Curvas,Ingreso a la curva Chile - Soberanos - Bonos Globales - USD,42461.0
2026-07-13T14:57:00-03:00,Curvas,Ingreso a la curva Colombia - Soberanos - Bonos Globales - USD,49911.0
2026-07-13T14:57:00-03:00,Curvas,Ingreso a la curva Corporativos - ONs TAMAR - ARS,11715.0
2026-07-13T14:57:00-03:00,Curvas,Ingreso a la curva Estados Unidos - Soberanos - Treasury Notes/Bonds - USD,10925.0
2026-07-13T14:57:00-03:00,Curvas,Ingreso a la curva Mexico - Soberanos - Bonos Globales - USD,63724.0
2026-07-13T14:57:00-03:00,Curvas,Ingreso a la curva Paraguay - Soberanos - Bonos Globales - USD,17228.0
2026-07-13T14:57:00-03:00,Curvas,Ingreso a la curva Soberanos - Letras del Tesoro Capitalizables (LECAP) - ARS,1132.0
2026-07-13T14:57:00-03:00,Curvas,Ingreso a la curva Soberanos - Ley Argentina - USD,1105.0
2026-07-13T14:57:00-03:00,Curvas,Ingreso a la curva Soberanos - Tasa Fija + CER - ARS,1219.0
2026-07-13T14:57:00-03:00,Curvas,"Ingreso a la pestaña ""BCRA""",170.0
2026-07-13T14:57:00-03:00,Curvas,"Ingreso a la pestaña ""Corporativos""",233.0
2026-07-13T14:57:00-03:00,Curvas,"Ingreso a la pestaña ""Soberanos""",2216.0
2026-07-13T14:57:00-03:00,Curvas,"Ingreso a la pestaña ""SubSoberanos""",166.0
2026-07-13T14:57:00-03:00,Graficador,Graficar la especie AL30,3700.0
2026-07-13T14:57:00-03:00,Graficador,Graficar todas las curvas,506.0
2026-07-13T14:57:00-03:00,Graficador,Ingresar al menú Graficador,3600.0
2026-07-13T14:57:00-03:00,Mis portafolios,Agregar la cuarta especie al portafolio,8945.0
2026-07-13T14:57:00-03:00,Mis portafolios,Agregar la primera especie al portafolio,7660.0
2026-07-13T14:57:00-03:00,Mis portafolios,Agregar la segunda especie al portafolio,8414.0
2026-07-13T14:57:00-03:00,Mis portafolios,Agregar la tercera especie al portafolio,8323.0
2026-07-13T14:57:00-03:00,Mis portafolios,Crear un nuevo portafolio,5829.0
2026-07-13T14:57:00-03:00,Mis portafolios,Editar el portafolio,3591.0
2026-07-13T14:57:00-03:00,Mis portafolios,Eliminar el portafolio,5031.0
2026-07-13T14:57:00-03:00,Mis portafolios,Eliminar todas las especies del portafolio,197.0
2026-07-13T14:57:00-03:00,Mis portafolios,Ingresar al menú Mis portafolios,859.0
2026-07-13T14:57:00-03:00,Mis portafolios,Navegabilidad entre las pestañas Proyección y Agenda de pagos en el portafolio,3245.0
2026-07-13T14:57:00-03:00,Screener,Ingresar al menú Screener,3614.0
2026-07-13T14:57:00-03:00,Sensibilidad,Eliminar escenario,544.0
2026-07-13T14:57:00-03:00,Sensibilidad,Eliminar especie,205.0
2026-07-13T14:57:00-03:00,Sensibilidad,Ingresar al menú Sensibilidad,868.0
2026-07-13T14:57:00-03:00,Sensibilidad,Realizar Análisis de sensibilidad,8696.0
2026-07-14T14:41:37-03:00,Analizar,Analizar la especie  BDC28,1920.0
2026-07-14T14:41:37-03:00,Analizar,Analizar la especie AL30 ,6127.0
2026-07-14T14:41:37-03:00,Analizar,Analizar la especie PECMO,1478.0
2026-07-14T14:41:37-03:00,Analizar,Analizar la especie TX28,1894.0
2026-07-14T14:41:37-03:00,Analizar,Armado de escenarios en Análisis de Sensibilidad de la especie AL30,10728.0
2026-07-14T14:41:37-03:00,Analizar,Armado de escenarios en Análisis de Sensibilidad de la especie BDC28,10594.0
2026-07-14T14:41:37-03:00,Analizar,Armado de escenarios en Análisis de Sensibilidad de la especie PECMO,9764.0
2026-07-14T14:41:37-03:00,Analizar,Armado de escenarios en Análisis de Sensibilidad de la especie TX28,6708.0
2026-07-14T14:41:37-03:00,Analizar,Ingresar al Home,13388.0
2026-07-14T14:41:37-03:00,Analizar,Ingreso a la pestaña Condiciones de Emisión de la especie  AL30,2154.0
2026-07-14T14:41:37-03:00,Analizar,Ingreso a la pestaña Condiciones de Emisión de la especie BDC28,910.0
2026-07-14T14:41:37-03:00,Analizar,Ingreso a la pestaña Condiciones de Emisión de la especie PECMO,638.0
2026-07-14T14:41:37-03:00,Analizar,Ingreso a la pestaña Condiciones de Emisión de la especie TX28,671.0
2026-07-14T14:41:37-03:00,Analizar,Navegabilidad por los botones TIRs y Paridades Históricas de la especie AL30,6639.0
2026-07-14T14:41:37-03:00,Analizar,Navegabilidad por los botones TIRs y Paridades Históricas de la especie BDC28,6835.0
2026-07-14T14:41:37-03:00,Analizar,Navegabilidad por los botones TIRs y Paridades Históricas de la especie PECMO,3639.0
2026-07-14T14:41:37-03:00,Analizar,Navegabilidad por los botones TIRs y Paridades Históricas de la especie TX28,6335.0
2026-07-14T14:41:37-03:00,Analizar,Simular inversión de la especie AL30,2102.0
2026-07-14T14:41:37-03:00,Analizar,Simular inversión de la especie BDC28,4577.0
2026-07-14T14:41:37-03:00,Analizar,Simular inversión de la especie PECMO,2845.0
2026-07-14T14:41:37-03:00,Analizar,Simular inversión de la especie TX28,1845.0
2026-07-14T14:41:37-03:00,Analizar,Validaciones en la pestaña General de la especie PECMO,1020.0
2026-07-14T14:41:37-03:00,Arbitraje,Arbitraje de las especies AL30 y TX28,8564.0
2026-07-14T14:41:37-03:00,Arbitraje,Ingresar al menú Arbitraje,825.0
2026-07-14T14:41:37-03:00,Arbitraje,"Navegabilidad entre las pestañas Paridad, Inversión y Scatter",7846.0
2026-07-14T14:41:37-03:00,Calculadora,"Editar P. Simulado, de la primera simulación",1973.0
2026-07-14T14:41:37-03:00,Calculadora,Editar la TIR de la primera simulación,1281.0
2026-07-14T14:41:37-03:00,Calculadora,Eliminar todas las simulaciones,1499.0
2026-07-14T14:41:37-03:00,Calculadora,Ingresar al menú Calculadora,2923.0
2026-07-14T14:41:37-03:00,Calculadora,Simular inversiones de la especie AL30,61166.0
2026-07-14T14:41:37-03:00,Comparar,Eliminar las especies AL30 y TX28,2822.0
2026-07-14T14:41:37-03:00,Comparar,Ingresar al menú Comparar,743.0
2026-07-14T14:41:37-03:00,Comparar,Ir a Condiciones de Emisión,1568.0
2026-07-14T14:41:37-03:00,Comparar,Navegabilidad por pestañas gráficas,21896.0
2026-07-14T14:41:37-03:00,Comparar,Realizar comparativa entre las especies AL30 y TX28,12799.0
2026-07-14T14:41:37-03:00,Curvas,Ingresar a la pestaña Internacionales,349.0
2026-07-14T14:41:37-03:00,Curvas,Ingresar al menú Curvas,3483.0
2026-07-14T14:41:37-03:00,Curvas,Ingreso a la curva BCRA - BOPREALs - USD,730.0
2026-07-14T14:41:37-03:00,Curvas,Ingreso a la curva Brasil - Soberanos - Bonos Globales - USD,10272.0
2026-07-14T14:41:37-03:00,Curvas,Ingreso a la curva Chile - Soberanos - Bonos Globales - USD,10030.0
2026-07-14T14:41:37-03:00,Curvas,Ingreso a la curva Colombia - Soberanos - Bonos Globales - USD,12411.0
2026-07-14T14:41:37-03:00,Curvas,Ingreso a la curva Corporativos - ONs TAMAR - ARS,11046.0
2026-07-14T14:41:37-03:00,Curvas,Ingreso a la curva Estados Unidos - Soberanos - Treasury Notes/Bonds - USD,5375.0
2026-07-14T14:41:37-03:00,Curvas,Ingreso a la curva Mexico - Soberanos - Bonos Globales - USD,19585.0
2026-07-14T14:41:37-03:00,Curvas,Ingreso a la curva Paraguay - Soberanos - Bonos Globales - USD,5348.0
2026-07-14T14:41:37-03:00,Curvas,Ingreso a la curva Soberanos - Letras del Tesoro Capitalizables (LECAP) - ARS,647.0
2026-07-14T14:41:37-03:00,Curvas,Ingreso a la curva Soberanos - Ley Argentina - USD,709.0
2026-07-14T14:41:37-03:00,Curvas,Ingreso a la curva Soberanos - Tasa Fija + CER - ARS,854.0
2026-07-14T14:41:37-03:00,Curvas,"Ingreso a la pestaña ""BCRA""",133.0
2026-07-14T14:41:37-03:00,Curvas,"Ingreso a la pestaña ""Corporativos""",149.0
2026-07-14T14:41:37-03:00,Curvas,"Ingreso a la pestaña ""Soberanos""",204.0
2026-07-14T14:41:37-03:00,Curvas,"Ingreso a la pestaña ""SubSoberanos""",141.0
2026-07-14T14:41:37-03:00,Graficador,Graficar la especie AL30,4434.0
2026-07-14T14:41:37-03:00,Graficador,Graficar todas las curvas,957.0
2026-07-14T14:41:37-03:00,Graficador,Ingresar al menú Graficador,2744.0
2026-07-14T14:41:37-03:00,Mis portafolios,Agregar la cuarta especie al portafolio,3108.0
2026-07-14T14:41:37-03:00,Mis portafolios,Agregar la primera especie al portafolio,6079.0
2026-07-14T14:41:37-03:00,Mis portafolios,Agregar la segunda especie al portafolio,6777.0
2026-07-14T14:41:37-03:00,Mis portafolios,Agregar la tercera especie al portafolio,538.0
2026-07-14T14:41:37-03:00,Mis portafolios,Crear un nuevo portafolio,4824.0
2026-07-14T14:41:37-03:00,Mis portafolios,Editar el portafolio,2867.0
2026-07-14T14:41:37-03:00,Mis portafolios,Eliminar el portafolio,3364.0
2026-07-14T14:41:37-03:00,Mis portafolios,Eliminar todas las especies del portafolio,160.0
2026-07-14T14:41:37-03:00,Mis portafolios,Ingresar al menú Mis portafolios,750.0
2026-07-14T14:41:37-03:00,Mis portafolios,Navegabilidad entre las pestañas Proyección y Agenda de pagos en el portafolio,4418.0
2026-07-14T14:41:37-03:00,Screener,Ingresar al menú Screener,2825.0
2026-07-14T14:41:37-03:00,Sensibilidad,Eliminar escenario,394.0
2026-07-14T14:41:37-03:00,Sensibilidad,Eliminar especie,179.0
2026-07-14T14:41:37-03:00,Sensibilidad,Ingresar al menú Sensibilidad,818.0
2026-07-14T14:41:37-03:00,Sensibilidad,Realizar Análisis de sensibilidad,6118.0
2026-07-15T14:48:48-03:00,Analizar,Analizar la especie  BDC28,2226.0
2026-07-15T14:48:48-03:00,Analizar,Analizar la especie AL30 ,5031.0
2026-07-15T14:48:48-03:00,Analizar,Analizar la especie PECMO,1946.0
2026-07-15T14:48:48-03:00,Analizar,Analizar la especie TX28,2315.0
2026-07-15T14:48:48-03:00,Analizar,Armado de escenarios en Análisis de Sensibilidad de la especie AL30,13732.0
2026-07-15T14:48:48-03:00,Analizar,Armado de escenarios en Análisis de Sensibilidad de la especie BDC28,14834.0
2026-07-15T14:48:48-03:00,Analizar,Armado de escenarios en Análisis de Sensibilidad de la especie PECMO,9763.0
2026-07-15T14:48:48-03:00,Analizar,Armado de escenarios en Análisis de Sensibilidad de la especie TX28,9180.0
2026-07-15T14:48:48-03:00,Analizar,Ingresar al Home,20441.0
2026-07-15T14:48:48-03:00,Analizar,Ingreso a la pestaña Condiciones de Emisión de la especie  AL30,691.0
2026-07-15T14:48:48-03:00,Analizar,Ingreso a la pestaña Condiciones de Emisión de la especie BDC28,863.0
2026-07-15T14:48:48-03:00,Analizar,Ingreso a la pestaña Condiciones de Emisión de la especie PECMO,815.0
2026-07-15T14:48:48-03:00,Analizar,Ingreso a la pestaña Condiciones de Emisión de la especie TX28,814.0
2026-07-15T14:48:48-03:00,Analizar,Navegabilidad por los botones TIRs y Paridades Históricas de la especie AL30,6802.0
2026-07-15T14:48:48-03:00,Analizar,Navegabilidad por los botones TIRs y Paridades Históricas de la especie BDC28,5597.0
2026-07-15T14:48:48-03:00,Analizar,Navegabilidad por los botones TIRs y Paridades Históricas de la especie PECMO,2735.0
2026-07-15T14:48:48-03:00,Analizar,Navegabilidad por los botones TIRs y Paridades Históricas de la especie TX28,12407.0
2026-07-15T14:48:48-03:00,Analizar,Simular inversión de la especie AL30,2636.0
2026-07-15T14:48:48-03:00,Analizar,Simular inversión de la especie BDC28,5342.0
2026-07-15T14:48:48-03:00,Analizar,Simular inversión de la especie PECMO,2868.0
2026-07-15T14:48:48-03:00,Analizar,Simular inversión de la especie TX28,2329.0
2026-07-15T14:48:48-03:00,Analizar,Validaciones en la pestaña General de la especie PECMO,1028.0
2026-07-15T14:48:48-03:00,Arbitraje,Arbitraje de las especies AL30 y TX28,11738.0
2026-07-15T14:48:48-03:00,Arbitraje,Ingresar al menú Arbitraje,965.0
2026-07-15T14:48:48-03:00,Arbitraje,"Navegabilidad entre las pestañas Paridad, Inversión y Scatter",12162.0
2026-07-15T14:48:48-03:00,Calculadora,"Editar P. Simulado, de la primera simulación",2965.0
2026-07-15T14:48:48-03:00,Calculadora,Editar la TIR de la primera simulación,1389.0
2026-07-15T14:48:48-03:00,Calculadora,Eliminar todas las simulaciones,3064.0
2026-07-15T14:48:48-03:00,Calculadora,Ingresar al menú Calculadora,4063.0
2026-07-15T14:48:48-03:00,Calculadora,Simular inversiones de la especie AL30,98665.0
2026-07-15T14:48:48-03:00,Comparar,Eliminar las especies AL30 y TX28,2528.0
2026-07-15T14:48:48-03:00,Comparar,Ingresar al menú Comparar,970.0
2026-07-15T14:48:48-03:00,Comparar,Ir a Condiciones de Emisión,1637.0
2026-07-15T14:48:48-03:00,Comparar,Navegabilidad por pestañas gráficas,9558.0
2026-07-15T14:48:48-03:00,Comparar,Realizar comparativa entre las especies AL30 y TX28,14471.0
2026-07-15T14:48:48-03:00,Curvas,Ingresar a la pestaña Internacionales,452.0
2026-07-15T14:48:48-03:00,Curvas,Ingresar al menú Curvas,5311.0
2026-07-15T14:48:48-03:00,Curvas,Ingreso a la curva BCRA - BOPREALs - USD,1494.0
2026-07-15T14:48:48-03:00,Curvas,Ingreso a la curva Brasil - Soberanos - Bonos Globales - USD,75919.0
2026-07-15T14:48:48-03:00,Curvas,Ingreso a la curva Chile - Soberanos - Bonos Globales - USD,22202.0
2026-07-15T14:48:48-03:00,Curvas,Ingreso a la curva Colombia - Soberanos - Bonos Globales - USD,32553.0
2026-07-15T14:48:48-03:00,Curvas,Ingreso a la curva Corporativos - ONs TAMAR - ARS,58990.0
2026-07-15T14:48:48-03:00,Curvas,Ingreso a la curva Estados Unidos - Soberanos - Treasury Notes/Bonds - USD,7883.0
2026-07-15T14:48:48-03:00,Curvas,Ingreso a la curva Mexico - Soberanos - Bonos Globales - USD,47155.0
2026-07-15T14:48:48-03:00,Curvas,Ingreso a la curva Paraguay - Soberanos - Bonos Globales - USD,13557.0
2026-07-15T14:48:48-03:00,Curvas,Ingreso a la curva Soberanos - Letras del Tesoro Capitalizables (LECAP) - ARS,1130.0
2026-07-15T14:48:48-03:00,Curvas,Ingreso a la curva Soberanos - Ley Argentina - USD,1256.0
2026-07-15T14:48:48-03:00,Curvas,Ingreso a la curva Soberanos - Tasa Fija + CER - ARS,2974.0
2026-07-15T14:48:48-03:00,Curvas,"Ingreso a la pestaña ""BCRA""",184.0
2026-07-15T14:48:48-03:00,Curvas,"Ingreso a la pestaña ""Corporativos""",184.0
2026-07-15T14:48:48-03:00,Curvas,"Ingreso a la pestaña ""Soberanos""",216.0
2026-07-15T14:48:48-03:00,Curvas,"Ingreso a la pestaña ""SubSoberanos""",179.0
2026-07-15T14:48:48-03:00,Graficador,Graficar la especie AL30,7926.0
2026-07-15T14:48:48-03:00,Graficador,Graficar todas las curvas,593.0
2026-07-15T14:48:48-03:00,Graficador,Ingresar al menú Graficador,4384.0
2026-07-15T14:48:48-03:00,Mis portafolios,Agregar la cuarta especie al portafolio,8634.0
2026-07-15T14:48:48-03:00,Mis portafolios,Agregar la primera especie al portafolio,8248.0
2026-07-15T14:48:48-03:00,Mis portafolios,Agregar la segunda especie al portafolio,9247.0
2026-07-15T14:48:48-03:00,Mis portafolios,Agregar la tercera especie al portafolio,8891.0
2026-07-15T14:48:48-03:00,Mis portafolios,Crear un nuevo portafolio,8553.0
2026-07-15T14:48:48-03:00,Mis portafolios,Editar el portafolio,3780.0
2026-07-15T14:48:48-03:00,Mis portafolios,Eliminar el portafolio,822.0
2026-07-15T14:48:48-03:00,Mis portafolios,Eliminar todas las especies del portafolio,222.0
2026-07-15T14:48:48-03:00,Mis portafolios,Ingresar al menú Mis portafolios,1016.0
2026-07-15T14:48:48-03:00,Mis portafolios,Navegabilidad entre las pestañas Proyección y Agenda de pagos en el portafolio,2561.0
2026-07-15T14:48:48-03:00,Screener,Ingresar al menú Screener,3740.0
2026-07-15T14:48:48-03:00,Sensibilidad,Eliminar escenario,598.0
2026-07-15T14:48:48-03:00,Sensibilidad,Eliminar especie,229.0
2026-07-15T14:48:48-03:00,Sensibilidad,Ingresar al menú Sensibilidad,1034.0
2026-07-15T14:48:48-03:00,Sensibilidad,Realizar Análisis de sensibilidad,8490.0
2026-07-16T14:46:28-03:00,Analizar,Analizar la especie  BDC28,2341.0
2026-07-16T14:46:28-03:00,Analizar,Analizar la especie AL30 ,5838.0
2026-07-16T14:46:28-03:00,Analizar,Analizar la especie PECMO,1828.0
2026-07-16T14:46:28-03:00,Analizar,Analizar la especie TX28,2678.0
2026-07-16T14:46:28-03:00,Analizar,Armado de escenarios en Análisis de Sensibilidad de la especie AL30,13534.0
2026-07-16T14:46:28-03:00,Analizar,Armado de escenarios en Análisis de Sensibilidad de la especie BDC28,12367.0
2026-07-16T14:46:28-03:00,Analizar,Armado de escenarios en Análisis de Sensibilidad de la especie PECMO,9264.0
2026-07-16T14:46:28-03:00,Analizar,Armado de escenarios en Análisis de Sensibilidad de la especie TX28,7319.0
2026-07-16T14:46:28-03:00,Analizar,Ingresar al Home,12765.0
2026-07-16T14:46:28-03:00,Analizar,Ingreso a la pestaña Condiciones de Emisión de la especie  AL30,640.0
2026-07-16T14:46:28-03:00,Analizar,Ingreso a la pestaña Condiciones de Emisión de la especie BDC28,718.0
2026-07-16T14:46:28-03:00,Analizar,Ingreso a la pestaña Condiciones de Emisión de la especie PECMO,940.0
2026-07-16T14:46:28-03:00,Analizar,Ingreso a la pestaña Condiciones de Emisión de la especie TX28,1173.0
2026-07-16T14:46:28-03:00,Analizar,Navegabilidad por los botones TIRs y Paridades Históricas de la especie AL30,7659.0
2026-07-16T14:46:28-03:00,Analizar,Navegabilidad por los botones TIRs y Paridades Históricas de la especie BDC28,7146.0
2026-07-16T14:46:28-03:00,Analizar,Navegabilidad por los botones TIRs y Paridades Históricas de la especie PECMO,3044.0
2026-07-16T14:46:28-03:00,Analizar,Navegabilidad por los botones TIRs y Paridades Históricas de la especie TX28,6398.0
2026-07-16T14:46:28-03:00,Analizar,Simular inversión de la especie AL30,2554.0
2026-07-16T14:46:28-03:00,Analizar,Simular inversión de la especie BDC28,6002.0
2026-07-16T14:46:28-03:00,Analizar,Simular inversión de la especie PECMO,2892.0
2026-07-16T14:46:28-03:00,Analizar,Simular inversión de la especie TX28,2229.0
2026-07-16T14:46:28-03:00,Analizar,Validaciones en la pestaña General de la especie PECMO,1122.0
2026-07-16T14:46:28-03:00,Arbitraje,Arbitraje de las especies AL30 y TX28,9359.0
2026-07-16T14:46:28-03:00,Arbitraje,Ingresar al menú Arbitraje,843.0
2026-07-16T14:46:28-03:00,Arbitraje,"Navegabilidad entre las pestañas Paridad, Inversión y Scatter",10613.0
2026-07-16T14:46:28-03:00,Calculadora,"Editar P. Simulado, de la primera simulación",4042.0
2026-07-16T14:46:28-03:00,Calculadora,Editar la TIR de la primera simulación,800.0
2026-07-16T14:46:28-03:00,Calculadora,Eliminar todas las simulaciones,1784.0
2026-07-16T14:46:28-03:00,Calculadora,Ingresar al menú Calculadora,3018.0
2026-07-16T14:46:28-03:00,Calculadora,Simular inversiones de la especie AL30,70290.0
2026-07-16T14:46:28-03:00,Comparar,Eliminar las especies AL30 y TX28,2210.0
2026-07-16T14:46:28-03:00,Comparar,Ingresar al menú Comparar,1047.0
2026-07-16T14:46:28-03:00,Comparar,Ir a Condiciones de Emisión,1529.0
2026-07-16T14:46:28-03:00,Comparar,Navegabilidad por pestañas gráficas,7393.0
2026-07-16T14:46:28-03:00,Comparar,Realizar comparativa entre las especies AL30 y TX28,13022.0
2026-07-16T14:46:28-03:00,Curvas,Ingresar a la pestaña Internacionales,378.0
2026-07-16T14:46:28-03:00,Curvas,Ingresar al menú Curvas,2471.0
2026-07-16T14:46:28-03:00,Curvas,Ingreso a la curva BCRA - BOPREALs - USD,882.0
2026-07-16T14:46:28-03:00,Curvas,Ingreso a la curva Brasil - Soberanos - Bonos Globales - USD,11680.0
2026-07-16T14:46:28-03:00,Curvas,Ingreso a la curva Chile - Soberanos - Bonos Globales - USD,10940.0
2026-07-16T14:46:28-03:00,Curvas,Ingreso a la curva Colombia - Soberanos - Bonos Globales - USD,17189.0
2026-07-16T14:46:28-03:00,Curvas,Ingreso a la curva Corporativos - ONs TAMAR - ARS,11002.0
2026-07-16T14:46:28-03:00,Curvas,Ingreso a la curva Estados Unidos - Soberanos - Treasury Notes/Bonds - USD,7669.0
2026-07-16T14:46:28-03:00,Curvas,Ingreso a la curva Mexico - Soberanos - Bonos Globales - USD,48817.0
2026-07-16T14:46:28-03:00,Curvas,Ingreso a la curva Paraguay - Soberanos - Bonos Globales - USD,12919.0
2026-07-16T14:46:28-03:00,Curvas,Ingreso a la curva Soberanos - Letras del Tesoro Capitalizables (LECAP) - ARS,844.0
2026-07-16T14:46:28-03:00,Curvas,Ingreso a la curva Soberanos - Ley Argentina - USD,946.0
2026-07-16T14:46:28-03:00,Curvas,Ingreso a la curva Soberanos - Tasa Fija + CER - ARS,932.0
2026-07-16T14:46:28-03:00,Curvas,"Ingreso a la pestaña ""BCRA""",145.0
2026-07-16T14:46:28-03:00,Curvas,"Ingreso a la pestaña ""Corporativos""",152.0
2026-07-16T14:46:28-03:00,Curvas,"Ingreso a la pestaña ""Soberanos""",1409.0
2026-07-16T14:46:28-03:00,Curvas,"Ingreso a la pestaña ""SubSoberanos""",147.0
2026-07-16T14:46:28-03:00,Graficador,Graficar la especie AL30,5936.0
2026-07-16T14:46:28-03:00,Graficador,Graficar todas las curvas,1227.0
2026-07-16T14:46:28-03:00,Graficador,Ingresar al menú Graficador,2989.0
2026-07-16T14:46:28-03:00,Mis portafolios,Agregar la cuarta especie al portafolio,4308.0
2026-07-16T14:46:28-03:00,Mis portafolios,Agregar la primera especie al portafolio,7258.0
2026-07-16T14:46:28-03:00,Mis portafolios,Agregar la segunda especie al portafolio,8667.0
2026-07-16T14:46:28-03:00,Mis portafolios,Agregar la tercera especie al portafolio,483.0
2026-07-16T14:46:28-03:00,Mis portafolios,Crear un nuevo portafolio,5589.0
2026-07-16T14:46:28-03:00,Mis portafolios,Editar el portafolio,4033.0
2026-07-16T14:46:28-03:00,Mis portafolios,Eliminar el portafolio,5280.0
2026-07-16T14:46:28-03:00,Mis portafolios,Eliminar todas las especies del portafolio,185.0
2026-07-16T14:46:28-03:00,Mis portafolios,Ingresar al menú Mis portafolios,824.0
2026-07-16T14:46:28-03:00,Mis portafolios,Navegabilidad entre las pestañas Proyección y Agenda de pagos en el portafolio,6421.0
2026-07-16T14:46:28-03:00,Screener,Ingresar al menú Screener,2873.0
2026-07-16T14:46:28-03:00,Sensibilidad,Eliminar escenario,526.0
2026-07-16T14:46:28-03:00,Sensibilidad,Eliminar especie,190.0
2026-07-16T14:46:28-03:00,Sensibilidad,Ingresar al menú Sensibilidad,893.0
2026-07-16T14:46:28-03:00,Sensibilidad,Realizar Análisis de sensibilidad,7203.0
2026-07-21T14:45:02-03:00,Analizar,Analizar la especie  BDC28,2578.0
2026-07-21T14:45:02-03:00,Analizar,Analizar la especie AL30 ,8030.0
2026-07-21T14:45:02-03:00,Analizar,Analizar la especie PECMO,1641.0
2026-07-21T14:45:02-03:00,Analizar,Analizar la especie TX28,2269.0
2026-07-21T14:45:02-03:00,Analizar,Armado de escenarios en Análisis de Sensibilidad de la especie AL30,13141.0
2026-07-21T14:45:02-03:00,Analizar,Armado de escenarios en Análisis de Sensibilidad de la especie BDC28,26600.0
2026-07-21T14:45:02-03:00,Analizar,Armado de escenarios en Análisis de Sensibilidad de la especie PECMO,11874.0
2026-07-21T14:45:02-03:00,Analizar,Armado de escenarios en Análisis de Sensibilidad de la especie TX28,8483.0
2026-07-21T14:45:02-03:00,Analizar,Ingresar al Home,47204.0
2026-07-21T14:45:02-03:00,Analizar,Ingreso a la pestaña Condiciones de Emisión de la especie  AL30,1047.0
2026-07-21T14:45:02-03:00,Analizar,Ingreso a la pestaña Condiciones de Emisión de la especie BDC28,23948.0
2026-07-21T14:45:02-03:00,Analizar,Ingreso a la pestaña Condiciones de Emisión de la especie PECMO,790.0
2026-07-21T14:45:02-03:00,Analizar,Ingreso a la pestaña Condiciones de Emisión de la especie TX28,900.0
2026-07-21T14:45:02-03:00,Analizar,Navegabilidad por los botones TIRs y Paridades Históricas de la especie AL30,19719.0
2026-07-21T14:45:02-03:00,Analizar,Navegabilidad por los botones TIRs y Paridades Históricas de la especie BDC28,8625.0
2026-07-21T14:45:02-03:00,Analizar,Navegabilidad por los botones TIRs y Paridades Históricas de la especie PECMO,4559.0
2026-07-21T14:45:02-03:00,Analizar,Navegabilidad por los botones TIRs y Paridades Históricas de la especie TX28,7241.0
2026-07-21T14:45:02-03:00,Analizar,Simular inversión de la especie AL30,2800.0
2026-07-21T14:45:02-03:00,Analizar,Simular inversión de la especie BDC28,4857.0
2026-07-21T14:45:02-03:00,Analizar,Simular inversión de la especie PECMO,3274.0
2026-07-21T14:45:02-03:00,Analizar,Simular inversión de la especie TX28,2586.0
2026-07-21T14:45:02-03:00,Analizar,Validaciones en la pestaña General de la especie PECMO,428.0
2026-07-21T14:45:02-03:00,Arbitraje,Arbitraje de las especies AL30 y TX28,10815.0
2026-07-21T14:45:02-03:00,Arbitraje,Ingresar al menú Arbitraje,891.0
2026-07-21T14:45:02-03:00,Arbitraje,"Navegabilidad entre las pestañas Paridad, Inversión y Scatter",11394.0
2026-07-21T14:45:02-03:00,Calculadora,"Editar P. Simulado, de la primera simulación",2466.0
2026-07-21T14:45:02-03:00,Calculadora,Editar la TIR de la primera simulación,888.0
2026-07-21T14:45:02-03:00,Calculadora,Eliminar todas las simulaciones,2247.0
2026-07-21T14:45:02-03:00,Calculadora,Ingresar al menú Calculadora,4032.0
2026-07-21T14:45:02-03:00,Calculadora,Simular inversiones de la especie AL30,92184.0
2026-07-21T14:45:02-03:00,Comparar,Eliminar las especies AL30 y TX28,2380.0
2026-07-21T14:45:02-03:00,Comparar,Ingresar al menú Comparar,925.0
2026-07-21T14:45:02-03:00,Comparar,Ir a Condiciones de Emisión,1464.0
2026-07-21T14:45:02-03:00,Comparar,Navegabilidad por pestañas gráficas,8762.0
2026-07-21T14:45:02-03:00,Comparar,Realizar comparativa entre las especies AL30 y TX28,13860.0
2026-07-21T14:45:02-03:00,Curvas,Ingresar a la pestaña Internacionales,456.0
2026-07-21T14:45:02-03:00,Curvas,Ingresar al menú Curvas,3362.0
2026-07-21T14:45:02-03:00,Curvas,Ingreso a la curva BCRA - BOPREALs - USD,1038.0
2026-07-21T14:45:02-03:00,Curvas,Ingreso a la curva Brasil - Soberanos - Bonos Globales - USD,9723.0
2026-07-21T14:45:02-03:00,Curvas,Ingreso a la curva Chile - Soberanos - Bonos Globales - USD,11306.0
2026-07-21T14:45:02-03:00,Curvas,Ingreso a la curva Colombia - Soberanos - Bonos Globales - USD,19451.0
2026-07-21T14:45:02-03:00,Curvas,Ingreso a la curva Corporativos - ONs TAMAR - ARS,11896.0
2026-07-21T14:45:02-03:00,Curvas,Ingreso a la curva Estados Unidos - Soberanos - Treasury Notes/Bonds - USD,7278.0
2026-07-21T14:45:02-03:00,Curvas,Ingreso a la curva Mexico - Soberanos - Bonos Globales - USD,24710.0
2026-07-21T14:45:02-03:00,Curvas,Ingreso a la curva Paraguay - Soberanos - Bonos Globales - USD,8019.0
2026-07-21T14:45:02-03:00,Curvas,Ingreso a la curva Soberanos - Letras del Tesoro Capitalizables (LECAP) - ARS,1231.0
2026-07-21T14:45:02-03:00,Curvas,Ingreso a la curva Soberanos - Ley Argentina - USD,1194.0
2026-07-21T14:45:02-03:00,Curvas,Ingreso a la curva Soberanos - Tasa Fija + CER - ARS,1313.0
2026-07-21T14:45:02-03:00,Curvas,"Ingreso a la pestaña ""BCRA""",183.0
2026-07-21T14:45:02-03:00,Curvas,"Ingreso a la pestaña ""Corporativos""",258.0
2026-07-21T14:45:02-03:00,Curvas,"Ingreso a la pestaña ""Soberanos""",1521.0
2026-07-21T14:45:02-03:00,Curvas,"Ingreso a la pestaña ""SubSoberanos""",205.0
2026-07-21T14:45:02-03:00,Graficador,Graficar la especie AL30,8241.0
2026-07-21T14:45:02-03:00,Graficador,Graficar todas las curvas,1083.0
2026-07-21T14:45:02-03:00,Graficador,Ingresar al menú Graficador,3818.0
2026-07-21T14:45:02-03:00,Mis portafolios,Agregar la cuarta especie al portafolio,9225.0
2026-07-21T14:45:02-03:00,Mis portafolios,Agregar la primera especie al portafolio,8442.0
2026-07-21T14:45:02-03:00,Mis portafolios,Agregar la segunda especie al portafolio,8794.0
2026-07-21T14:45:02-03:00,Mis portafolios,Agregar la tercera especie al portafolio,9307.0
2026-07-21T14:45:02-03:00,Mis portafolios,Crear un nuevo portafolio,6587.0
2026-07-21T14:45:02-03:00,Mis portafolios,Editar el portafolio,4034.0
2026-07-21T14:45:02-03:00,Mis portafolios,Eliminar el portafolio,5866.0
2026-07-21T14:45:02-03:00,Mis portafolios,Eliminar todas las especies del portafolio,223.0
2026-07-21T14:45:02-03:00,Mis portafolios,Ingresar al menú Mis portafolios,945.0
2026-07-21T14:45:02-03:00,Mis portafolios,Navegabilidad entre las pestañas Proyección y Agenda de pagos en el portafolio,2569.0
2026-07-21T14:45:02-03:00,Screener,Ingresar al menú Screener,3929.0
2026-07-21T14:45:02-03:00,Sensibilidad,Eliminar escenario,555.0
2026-07-21T14:45:02-03:00,Sensibilidad,Eliminar especie,226.0
2026-07-21T14:45:02-03:00,Sensibilidad,Ingresar al menú Sensibilidad,958.0
2026-07-21T14:45:02-03:00,Sensibilidad,Realizar Análisis de sensibilidad,8973.0
2026-07-22T14:45:48-03:00,Analizar,Analizar la especie  BDC28,12431.0
2026-07-22T14:45:48-03:00,Analizar,Analizar la especie AL30 ,3363.0
2026-07-22T14:45:48-03:00,Analizar,Analizar la especie PECMO,1567.0
2026-07-22T14:45:48-03:00,Analizar,Analizar la especie TX28,22830.0
2026-07-22T14:45:48-03:00,Analizar,Armado de escenarios en Análisis de Sensibilidad de la especie AL30,14847.0
2026-07-22T14:45:48-03:00,Analizar,Armado de escenarios en Análisis de Sensibilidad de la especie BDC28,14136.0
2026-07-22T14:45:48-03:00,Analizar,Armado de escenarios en Análisis de Sensibilidad de la especie PECMO,10550.0
2026-07-22T14:45:48-03:00,Analizar,Armado de escenarios en Análisis de Sensibilidad de la especie TX28,9462.0
2026-07-22T14:45:48-03:00,Analizar,Ingresar al Home,54767.0
2026-07-22T14:45:48-03:00,Analizar,Ingreso a la pestaña Condiciones de Emisión de la especie  AL30,10060.0
2026-07-22T14:45:48-03:00,Analizar,Ingreso a la pestaña Condiciones de Emisión de la especie BDC28,2995.0
2026-07-22T14:45:48-03:00,Analizar,Ingreso a la pestaña Condiciones de Emisión de la especie PECMO,19671.0
2026-07-22T14:45:48-03:00,Analizar,Ingreso a la pestaña Condiciones de Emisión de la especie TX28,1623.0
2026-07-22T14:45:48-03:00,Analizar,Navegabilidad por los botones TIRs y Paridades Históricas de la especie AL30,4400.0
2026-07-22T14:45:48-03:00,Analizar,Navegabilidad por los botones TIRs y Paridades Históricas de la especie BDC28,3653.0
2026-07-22T14:45:48-03:00,Analizar,Navegabilidad por los botones TIRs y Paridades Históricas de la especie PECMO,3631.0
2026-07-22T14:45:48-03:00,Analizar,Navegabilidad por los botones TIRs y Paridades Históricas de la especie TX28,4892.0
2026-07-22T14:45:48-03:00,Analizar,Simular inversión de la especie AL30,2543.0
2026-07-22T14:45:48-03:00,Analizar,Simular inversión de la especie BDC28,5574.0
2026-07-22T14:45:48-03:00,Analizar,Simular inversión de la especie PECMO,3266.0
2026-07-22T14:45:48-03:00,Analizar,Simular inversión de la especie TX28,2840.0
2026-07-22T14:45:48-03:00,Analizar,Validaciones en la pestaña General de la especie PECMO,2116.0
2026-07-22T14:45:48-03:00,Arbitraje,Arbitraje de las especies AL30 y TX28,10945.0
2026-07-22T14:45:48-03:00,Arbitraje,Ingresar al menú Arbitraje,964.0
2026-07-22T14:45:48-03:00,Arbitraje,"Navegabilidad entre las pestañas Paridad, Inversión y Scatter",10945.0
2026-07-22T14:45:48-03:00,Calculadora,"Editar P. Simulado, de la primera simulación",2237.0
2026-07-22T14:45:48-03:00,Calculadora,Editar la TIR de la primera simulación,1568.0
2026-07-22T14:45:48-03:00,Calculadora,Eliminar todas las simulaciones,3384.0
2026-07-22T14:45:48-03:00,Calculadora,Ingresar al menú Calculadora,4094.0
2026-07-22T14:45:48-03:00,Calculadora,Simular inversiones de la especie AL30,93181.0
2026-07-22T14:45:48-03:00,Comparar,Eliminar las especies AL30 y TX28,3277.0
2026-07-22T14:45:48-03:00,Comparar,Ingresar al menú Comparar,822.0
2026-07-22T14:45:48-03:00,Comparar,Ir a Condiciones de Emisión,1437.0
2026-07-22T14:45:48-03:00,Comparar,Navegabilidad por pestañas gráficas,12210.0
2026-07-22T14:45:48-03:00,Comparar,Realizar comparativa entre las especies AL30 y TX28,12592.0
2026-07-22T14:45:48-03:00,Curvas,Ingresar a la pestaña Internacionales,503.0
2026-07-22T14:45:48-03:00,Curvas,Ingresar al menú Curvas,3214.0
2026-07-22T14:45:48-03:00,Curvas,Ingreso a la curva BCRA - BOPREALs - USD,1065.0
2026-07-22T14:45:48-03:00,Curvas,Ingreso a la curva Brasil - Soberanos - Bonos Globales - USD,10878.0
2026-07-22T14:45:48-03:00,Curvas,Ingreso a la curva Chile - Soberanos - Bonos Globales - USD,22733.0
2026-07-22T14:45:48-03:00,Curvas,Ingreso a la curva Colombia - Soberanos - Bonos Globales - USD,63293.0
2026-07-22T14:45:48-03:00,Curvas,Ingreso a la curva Corporativos - ONs TAMAR - ARS,5116.0
2026-07-22T14:45:48-03:00,Curvas,Ingreso a la curva Estados Unidos - Soberanos - Treasury Notes/Bonds - USD,14543.0
2026-07-22T14:45:48-03:00,Curvas,Ingreso a la curva Mexico - Soberanos - Bonos Globales - USD,48477.0
2026-07-22T14:45:48-03:00,Curvas,Ingreso a la curva Paraguay - Soberanos - Bonos Globales - USD,23266.0
2026-07-22T14:45:48-03:00,Curvas,Ingreso a la curva Soberanos - Letras del Tesoro Capitalizables (LECAP) - ARS,1077.0
2026-07-22T14:45:48-03:00,Curvas,Ingreso a la curva Soberanos - Ley Argentina - USD,1393.0
2026-07-22T14:45:48-03:00,Curvas,Ingreso a la curva Soberanos - Tasa Fija + CER - ARS,1425.0
2026-07-22T14:45:48-03:00,Curvas,"Ingreso a la pestaña ""BCRA""",174.0
2026-07-22T14:45:48-03:00,Curvas,"Ingreso a la pestaña ""Corporativos""",179.0
2026-07-22T14:45:48-03:00,Curvas,"Ingreso a la pestaña ""Soberanos""",1914.0
2026-07-22T14:45:48-03:00,Curvas,"Ingreso a la pestaña ""SubSoberanos""",201.0
2026-07-22T14:45:48-03:00,Graficador,Graficar la especie AL30,7611.0
2026-07-22T14:45:48-03:00,Graficador,Graficar todas las curvas,1141.0
2026-07-22T14:45:48-03:00,Graficador,Ingresar al menú Graficador,3834.0
2026-07-22T14:45:48-03:00,Mis portafolios,Agregar la cuarta especie al portafolio,10270.0
2026-07-22T14:45:48-03:00,Mis portafolios,Agregar la primera especie al portafolio,7375.0
2026-07-22T14:45:48-03:00,Mis portafolios,Agregar la segunda especie al portafolio,541.0
2026-07-22T14:45:48-03:00,Mis portafolios,Agregar la tercera especie al portafolio,1931.0
2026-07-22T14:45:48-03:00,Mis portafolios,Crear un nuevo portafolio,6213.0
2026-07-22T14:45:48-03:00,Mis portafolios,Editar el portafolio,3226.0
2026-07-22T14:45:48-03:00,Mis portafolios,Eliminar el portafolio,6464.0
2026-07-22T14:45:48-03:00,Mis portafolios,Eliminar todas las especies del portafolio,190.0
2026-07-22T14:45:48-03:00,Mis portafolios,Ingresar al menú Mis portafolios,911.0
2026-07-22T14:45:48-03:00,Mis portafolios,Navegabilidad entre las pestañas Proyección y Agenda de pagos en el portafolio,1834.0
2026-07-22T14:45:48-03:00,Screener,Ingresar al menú Screener,3677.0
2026-07-22T14:45:48-03:00,Sensibilidad,Eliminar escenario,510.0
2026-07-22T14:45:48-03:00,Sensibilidad,Eliminar especie,221.0
2026-07-22T14:45:48-03:00,Sensibilidad,Ingresar al menú Sensibilidad,799.0
2026-07-22T14:45:48-03:00,Sensibilidad,Realizar Análisis de sensibilidad,7588.0
2026-07-23T14:44:21-03:00,Analizar,Analizar la especie  BDC28,2634.0
2026-07-23T14:44:21-03:00,Analizar,Analizar la especie AL30 ,4989.0
2026-07-23T14:44:21-03:00,Analizar,Analizar la especie PECMO,1642.0
2026-07-23T14:44:21-03:00,Analizar,Analizar la especie TX28,2419.0
2026-07-23T14:44:21-03:00,Analizar,Armado de escenarios en Análisis de Sensibilidad de la especie AL30,13290.0
2026-07-23T14:44:21-03:00,Analizar,Armado de escenarios en Análisis de Sensibilidad de la especie BDC28,14630.0
2026-07-23T14:44:21-03:00,Analizar,Armado de escenarios en Análisis de Sensibilidad de la especie PECMO,12672.0
2026-07-23T14:44:21-03:00,Analizar,Armado de escenarios en Análisis de Sensibilidad de la especie TX28,8565.0
2026-07-23T14:44:21-03:00,Analizar,Ingresar al Home,9070.0
2026-07-23T14:44:21-03:00,Analizar,Ingreso a la pestaña Condiciones de Emisión de la especie  AL30,975.0
2026-07-23T14:44:21-03:00,Analizar,Ingreso a la pestaña Condiciones de Emisión de la especie BDC28,880.0
2026-07-23T14:44:21-03:00,Analizar,Ingreso a la pestaña Condiciones de Emisión de la especie PECMO,880.0
2026-07-23T14:44:21-03:00,Analizar,Ingreso a la pestaña Condiciones de Emisión de la especie TX28,763.0
2026-07-23T14:44:21-03:00,Analizar,Navegabilidad por los botones TIRs y Paridades Históricas de la especie AL30,4264.0
2026-07-23T14:44:21-03:00,Analizar,Navegabilidad por los botones TIRs y Paridades Históricas de la especie BDC28,5466.0
2026-07-23T14:44:21-03:00,Analizar,Navegabilidad por los botones TIRs y Paridades Históricas de la especie PECMO,3770.0
2026-07-23T14:44:21-03:00,Analizar,Navegabilidad por los botones TIRs y Paridades Históricas de la especie TX28,4958.0
2026-07-23T14:44:21-03:00,Analizar,Simular inversión de la especie AL30,2842.0
2026-07-23T14:44:21-03:00,Analizar,Simular inversión de la especie BDC28,5710.0
2026-07-23T14:44:21-03:00,Analizar,Simular inversión de la especie PECMO,3664.0
2026-07-23T14:44:21-03:00,Analizar,Simular inversión de la especie TX28,3207.0
2026-07-23T14:44:21-03:00,Analizar,Validaciones en la pestaña General de la especie PECMO,1130.0
2026-07-23T14:44:21-03:00,Arbitraje,Arbitraje de las especies AL30 y TX28,11860.0
2026-07-23T14:44:21-03:00,Arbitraje,Ingresar al menú Arbitraje,905.0
2026-07-23T14:44:21-03:00,Arbitraje,"Navegabilidad entre las pestañas Paridad, Inversión y Scatter",17108.0
2026-07-23T14:44:21-03:00,Calculadora,"Editar P. Simulado, de la primera simulación",2824.0
2026-07-23T14:44:21-03:00,Calculadora,Editar la TIR de la primera simulación,4709.0
2026-07-23T14:44:21-03:00,Calculadora,Eliminar todas las simulaciones,2826.0
2026-07-23T14:44:21-03:00,Calculadora,Ingresar al menú Calculadora,4712.0
2026-07-23T14:44:21-03:00,Calculadora,Simular inversiones de la especie AL30,96933.0
2026-07-23T14:44:21-03:00,Comparar,Eliminar las especies AL30 y TX28,3031.0
2026-07-23T14:44:21-03:00,Comparar,Ingresar al menú Comparar,885.0
2026-07-23T14:44:21-03:00,Comparar,Ir a Condiciones de Emisión,1616.0
2026-07-23T14:44:21-03:00,Comparar,Navegabilidad por pestañas gráficas,7725.0
2026-07-23T14:44:21-03:00,Comparar,Realizar comparativa entre las especies AL30 y TX28,11339.0
2026-07-23T14:44:21-03:00,Curvas,Ingresar a la pestaña Internacionales,470.0
2026-07-23T14:44:21-03:00,Curvas,Ingresar al menú Curvas,3059.0
2026-07-23T14:44:21-03:00,Curvas,Ingreso a la curva BCRA - BOPREALs - USD,1133.0
2026-07-23T14:44:21-03:00,Curvas,Ingreso a la curva Brasil - Soberanos - Bonos Globales - USD,11022.0
2026-07-23T14:44:21-03:00,Curvas,Ingreso a la curva Chile - Soberanos - Bonos Globales - USD,10106.0
2026-07-23T14:44:21-03:00,Curvas,Ingreso a la curva Colombia - Soberanos - Bonos Globales - USD,17768.0
2026-07-23T14:44:21-03:00,Curvas,Ingreso a la curva Corporativos - ONs TAMAR - ARS,5129.0
2026-07-23T14:44:21-03:00,Curvas,Ingreso a la curva Estados Unidos - Soberanos - Treasury Notes/Bonds - USD,6737.0
2026-07-23T14:44:21-03:00,Curvas,Ingreso a la curva Mexico - Soberanos - Bonos Globales - USD,20167.0
2026-07-23T14:44:21-03:00,Curvas,Ingreso a la curva Paraguay - Soberanos - Bonos Globales - USD,6980.0
2026-07-23T14:44:21-03:00,Curvas,Ingreso a la curva Soberanos - Letras del Tesoro Capitalizables (LECAP) - ARS,1180.0
2026-07-23T14:44:21-03:00,Curvas,Ingreso a la curva Soberanos - Ley Argentina - USD,1389.0
2026-07-23T14:44:21-03:00,Curvas,Ingreso a la curva Soberanos - Tasa Fija + CER - ARS,1279.0
2026-07-23T14:44:21-03:00,Curvas,"Ingreso a la pestaña ""BCRA""",179.0
2026-07-23T14:44:21-03:00,Curvas,"Ingreso a la pestaña ""Corporativos""",179.0
2026-07-23T14:44:21-03:00,Curvas,"Ingreso a la pestaña ""Soberanos""",593.0
2026-07-23T14:44:21-03:00,Curvas,"Ingreso a la pestaña ""SubSoberanos""",176.0
2026-07-23T14:44:21-03:00,Graficador,Graficar la especie AL30,9943.0
2026-07-23T14:44:21-03:00,Graficador,Graficar todas las curvas,508.0
2026-07-23T14:44:21-03:00,Graficador,Ingresar al menú Graficador,3738.0
2026-07-23T14:44:21-03:00,Mis portafolios,Agregar la cuarta especie al portafolio,9196.0
2026-07-23T14:44:21-03:00,Mis portafolios,Agregar la primera especie al portafolio,8126.0
2026-07-23T14:44:21-03:00,Mis portafolios,Agregar la segunda especie al portafolio,541.0
2026-07-23T14:44:21-03:00,Mis portafolios,Agregar la tercera especie al portafolio,2642.0
2026-07-23T14:44:21-03:00,Mis portafolios,Crear un nuevo portafolio,7109.0
2026-07-23T14:44:21-03:00,Mis portafolios,Editar el portafolio,3530.0
2026-07-23T14:44:21-03:00,Mis portafolios,Eliminar el portafolio,8863.0
2026-07-23T14:44:21-03:00,Mis portafolios,Eliminar todas las especies del portafolio,216.0
2026-07-23T14:44:21-03:00,Mis portafolios,Ingresar al menú Mis portafolios,881.0
2026-07-23T14:44:21-03:00,Mis portafolios,Navegabilidad entre las pestañas Proyección y Agenda de pagos en el portafolio,2152.0
2026-07-23T14:44:21-03:00,Screener,Ingresar al menú Screener,4032.0
2026-07-23T14:44:21-03:00,Sensibilidad,Eliminar escenario,520.0
2026-07-23T14:44:21-03:00,Sensibilidad,Eliminar especie,212.0
2026-07-23T14:44:21-03:00,Sensibilidad,Ingresar al menú Sensibilidad,888.0
2026-07-23T14:44:21-03:00,Sensibilidad,Realizar Análisis de sensibilidad,8680.0
2026-07-24T14:48:12-03:00,Analizar,Analizar la especie  BDC28,3001.0
2026-07-24T14:48:12-03:00,Analizar,Analizar la especie AL30 ,3860.0
2026-07-24T14:48:12-03:00,Analizar,Analizar la especie PECMO,1426.0
2026-07-24T14:48:12-03:00,Analizar,Analizar la especie TX28,2791.0
2026-07-24T14:48:12-03:00,Analizar,Armado de escenarios en Análisis de Sensibilidad de la especie AL30,11109.0
2026-07-24T14:48:12-03:00,Analizar,Armado de escenarios en Análisis de Sensibilidad de la especie BDC28,14014.0
2026-07-24T14:48:12-03:00,Analizar,Armado de escenarios en Análisis de Sensibilidad de la especie PECMO,9886.0
2026-07-24T14:48:12-03:00,Analizar,Armado de escenarios en Análisis de Sensibilidad de la especie TX28,7635.0
2026-07-24T14:48:12-03:00,Analizar,Ingresar al Home,7752.0
2026-07-24T14:48:12-03:00,Analizar,Ingreso a la pestaña Condiciones de Emisión de la especie  AL30,718.0
2026-07-24T14:48:12-03:00,Analizar,Ingreso a la pestaña Condiciones de Emisión de la especie BDC28,1549.0
2026-07-24T14:48:12-03:00,Analizar,Ingreso a la pestaña Condiciones de Emisión de la especie PECMO,1017.0
2026-07-24T14:48:12-03:00,Analizar,Ingreso a la pestaña Condiciones de Emisión de la especie TX28,1583.0
2026-07-24T14:48:12-03:00,Analizar,Navegabilidad por los botones TIRs y Paridades Históricas de la especie AL30,6038.0
2026-07-24T14:48:12-03:00,Analizar,Navegabilidad por los botones TIRs y Paridades Históricas de la especie BDC28,5827.0
2026-07-24T14:48:12-03:00,Analizar,Navegabilidad por los botones TIRs y Paridades Históricas de la especie PECMO,2529.0
2026-07-24T14:48:12-03:00,Analizar,Navegabilidad por los botones TIRs y Paridades Históricas de la especie TX28,7503.0
2026-07-24T14:48:12-03:00,Analizar,Simular inversión de la especie AL30,2350.0
2026-07-24T14:48:12-03:00,Analizar,Simular inversión de la especie BDC28,6962.0
2026-07-24T14:48:12-03:00,Analizar,Simular inversión de la especie PECMO,3398.0
2026-07-24T14:48:12-03:00,Analizar,Simular inversión de la especie TX28,2515.0
2026-07-24T14:48:12-03:00,Analizar,Validaciones en la pestaña General de la especie PECMO,888.0
2026-07-24T14:48:12-03:00,Arbitraje,Arbitraje de las especies AL30 y TX28,11756.0
2026-07-24T14:48:12-03:00,Arbitraje,Ingresar al menú Arbitraje,853.0
2026-07-24T14:48:12-03:00,Arbitraje,"Navegabilidad entre las pestañas Paridad, Inversión y Scatter",10326.0
2026-07-24T14:48:12-03:00,Calculadora,"Editar P. Simulado, de la primera simulación",2472.0
2026-07-24T14:48:12-03:00,Calculadora,Editar la TIR de la primera simulación,1151.0
2026-07-24T14:48:12-03:00,Calculadora,Eliminar todas las simulaciones,2474.0
2026-07-24T14:48:12-03:00,Calculadora,Ingresar al menú Calculadora,3972.0
2026-07-24T14:48:12-03:00,Calculadora,Simular inversiones de la especie AL30,88912.0
2026-07-24T14:48:12-03:00,Comparar,Eliminar las especies AL30 y TX28,2313.0
2026-07-24T14:48:12-03:00,Comparar,Ingresar al menú Comparar,869.0
2026-07-24T14:48:12-03:00,Comparar,Ir a Condiciones de Emisión,1232.0
2026-07-24T14:48:12-03:00,Comparar,Navegabilidad por pestañas gráficas,7227.0
2026-07-24T14:48:12-03:00,Comparar,Realizar comparativa entre las especies AL30 y TX28,11741.0
2026-07-24T14:48:12-03:00,Curvas,Ingresar a la pestaña Internacionales,471.0
2026-07-24T14:48:12-03:00,Curvas,Ingresar al menú Curvas,3146.0
2026-07-24T14:48:12-03:00,Curvas,Ingreso a la curva BCRA - BOPREALs - USD,1023.0
2026-07-24T14:48:12-03:00,Curvas,Ingreso a la curva Brasil - Soberanos - Bonos Globales - USD,4285.0
2026-07-24T14:48:12-03:00,Curvas,Ingreso a la curva Chile - Soberanos - Bonos Globales - USD,10330.0
2026-07-24T14:48:12-03:00,Curvas,Ingreso a la curva Colombia - Soberanos - Bonos Globales - USD,27966.0
2026-07-24T14:48:12-03:00,Curvas,Ingreso a la curva Corporativos - ONs TAMAR - ARS,4279.0
2026-07-24T14:48:12-03:00,Curvas,Ingreso a la curva Estados Unidos - Soberanos - Treasury Notes/Bonds - USD,13576.0
2026-07-24T14:48:12-03:00,Curvas,Ingreso a la curva Mexico - Soberanos - Bonos Globales - USD,50741.0
2026-07-24T14:48:12-03:00,Curvas,Ingreso a la curva Paraguay - Soberanos - Bonos Globales - USD,7520.0
2026-07-24T14:48:12-03:00,Curvas,Ingreso a la curva Soberanos - Letras del Tesoro Capitalizables (LECAP) - ARS,1309.0
2026-07-24T14:48:12-03:00,Curvas,Ingreso a la curva Soberanos - Ley Argentina - USD,1217.0
2026-07-24T14:48:12-03:00,Curvas,Ingreso a la curva Soberanos - Tasa Fija + CER - ARS,1332.0
2026-07-24T14:48:12-03:00,Curvas,"Ingreso a la pestaña ""BCRA""",166.0
2026-07-24T14:48:12-03:00,Curvas,"Ingreso a la pestaña ""Corporativos""",167.0
2026-07-24T14:48:12-03:00,Curvas,"Ingreso a la pestaña ""Soberanos""",1505.0
2026-07-24T14:48:12-03:00,Curvas,"Ingreso a la pestaña ""SubSoberanos""",173.0
2026-07-24T14:48:12-03:00,Graficador,Graficar la especie AL30,7746.0
2026-07-24T14:48:12-03:00,Graficador,Graficar todas las curvas,593.0
2026-07-24T14:48:12-03:00,Graficador,Ingresar al menú Graficador,3728.0
2026-07-24T14:48:12-03:00,Mis portafolios,Agregar la cuarta especie al portafolio,7624.0
2026-07-24T14:48:12-03:00,Mis portafolios,Agregar la primera especie al portafolio,7406.0
2026-07-24T14:48:12-03:00,Mis portafolios,Agregar la segunda especie al portafolio,8051.0
2026-07-24T14:48:12-03:00,Mis portafolios,Agregar la tercera especie al portafolio,8029.0
2026-07-24T14:48:12-03:00,Mis portafolios,Crear un nuevo portafolio,6003.0
2026-07-24T14:48:12-03:00,Mis portafolios,Editar el portafolio,3769.0
2026-07-24T14:48:12-03:00,Mis portafolios,Eliminar el portafolio,3077.0
2026-07-24T14:48:12-03:00,Mis portafolios,Eliminar todas las especies del portafolio,206.0
2026-07-24T14:48:12-03:00,Mis portafolios,Ingresar al menú Mis portafolios,806.0
2026-07-24T14:48:12-03:00,Mis portafolios,Navegabilidad entre las pestañas Proyección y Agenda de pagos en el portafolio,2514.0
2026-07-24T14:48:12-03:00,Screener,Ingresar al menú Screener,3734.0
2026-07-24T14:48:12-03:00,Sensibilidad,Eliminar escenario,511.0
2026-07-24T14:48:12-03:00,Sensibilidad,Eliminar especie,194.0
2026-07-24T14:48:12-03:00,Sensibilidad,Ingresar al menú Sensibilidad,826.0
2026-07-24T14:48:12-03:00,Sensibilidad,Realizar Análisis de sensibilidad,6664.0
2026-07-27T14:48:57-03:00,Analizar,Analizar la especie  BDC28,2429.0
2026-07-27T14:48:57-03:00,Analizar,Analizar la especie AL30 ,7613.0
2026-07-27T14:48:57-03:00,Analizar,Analizar la especie PECMO,1577.0
2026-07-27T14:48:57-03:00,Analizar,Analizar la especie TX28,1896.0
2026-07-27T14:48:57-03:00,Analizar,Armado de escenarios en Análisis de Sensibilidad de la especie AL30,12047.0
2026-07-27T14:48:57-03:00,Analizar,Armado de escenarios en Análisis de Sensibilidad de la especie BDC28,14432.0
2026-07-27T14:48:57-03:00,Analizar,Armado de escenarios en Análisis de Sensibilidad de la especie PECMO,12342.0
2026-07-27T14:48:57-03:00,Analizar,Armado de escenarios en Análisis de Sensibilidad de la especie TX28,7909.0
2026-07-27T14:48:57-03:00,Analizar,Ingresar al Home,46373.0
2026-07-27T14:48:57-03:00,Analizar,Ingreso a la pestaña Condiciones de Emisión de la especie  AL30,1027.0
2026-07-27T14:48:57-03:00,Analizar,Ingreso a la pestaña Condiciones de Emisión de la especie BDC28,854.0
2026-07-27T14:48:57-03:00,Analizar,Ingreso a la pestaña Condiciones de Emisión de la especie PECMO,913.0
2026-07-27T14:48:57-03:00,Analizar,Ingreso a la pestaña Condiciones de Emisión de la especie TX28,1573.0
2026-07-27T14:48:57-03:00,Analizar,Navegabilidad por los botones TIRs y Paridades Históricas de la especie AL30,8821.0
2026-07-27T14:48:57-03:00,Analizar,Navegabilidad por los botones TIRs y Paridades Históricas de la especie BDC28,8976.0
2026-07-27T14:48:57-03:00,Analizar,Navegabilidad por los botones TIRs y Paridades Históricas de la especie PECMO,4500.0
2026-07-27T14:48:57-03:00,Analizar,Navegabilidad por los botones TIRs y Paridades Históricas de la especie TX28,6652.0
2026-07-27T14:48:57-03:00,Analizar,Simular inversión de la especie AL30,2549.0
2026-07-27T14:48:57-03:00,Analizar,Simular inversión de la especie BDC28,4799.0
2026-07-27T14:48:57-03:00,Analizar,Simular inversión de la especie PECMO,3883.0
2026-07-27T14:48:57-03:00,Analizar,Simular inversión de la especie TX28,2292.0
2026-07-27T14:48:57-03:00,Analizar,Validaciones en la pestaña General de la especie PECMO,472.0
2026-07-27T14:48:57-03:00,Arbitraje,Arbitraje de las especies AL30 y TX28,11194.0
2026-07-27T14:48:57-03:00,Arbitraje,Ingresar al menú Arbitraje,860.0
2026-07-27T14:48:57-03:00,Arbitraje,"Navegabilidad entre las pestañas Paridad, Inversión y Scatter",11007.0
2026-07-27T14:48:57-03:00,Calculadora,"Editar P. Simulado, de la primera simulación",2641.0
2026-07-27T14:48:57-03:00,Calculadora,Editar la TIR de la primera simulación,2653.0
2026-07-27T14:48:57-03:00,Calculadora,Eliminar todas las simulaciones,3271.0
2026-07-27T14:48:57-03:00,Calculadora,Ingresar al menú Calculadora,4931.0
2026-07-27T14:48:57-03:00,Calculadora,Simular inversiones de la especie AL30,98724.0
2026-07-27T14:48:57-03:00,Comparar,Eliminar las especies AL30 y TX28,3458.0
2026-07-27T14:48:57-03:00,Comparar,Ingresar al menú Comparar,869.0
2026-07-27T14:48:57-03:00,Comparar,Ir a Condiciones de Emisión,1429.0
2026-07-27T14:48:57-03:00,Comparar,Navegabilidad por pestañas gráficas,7493.0
2026-07-27T14:48:57-03:00,Comparar,Realizar comparativa entre las especies AL30 y TX28,12381.0
2026-07-27T14:48:57-03:00,Curvas,Ingresar a la pestaña Internacionales,511.0
2026-07-27T14:48:57-03:00,Curvas,Ingresar al menú Curvas,3442.0
2026-07-27T14:48:57-03:00,Curvas,Ingreso a la curva BCRA - BOPREALs - USD,1713.0
2026-07-27T14:48:57-03:00,Curvas,Ingreso a la curva Brasil - Soberanos - Bonos Globales - USD,10227.0
2026-07-27T14:48:57-03:00,Curvas,Ingreso a la curva Chile - Soberanos - Bonos Globales - USD,16358.0
2026-07-27T14:48:57-03:00,Curvas,Ingreso a la curva Colombia - Soberanos - Bonos Globales - USD,23430.0
2026-07-27T14:48:57-03:00,Curvas,Ingreso a la curva Corporativos - ONs TAMAR - ARS,4292.0
2026-07-27T14:48:57-03:00,Curvas,Ingreso a la curva Estados Unidos - Soberanos - Treasury Notes/Bonds - USD,8932.0
2026-07-27T14:48:57-03:00,Curvas,Ingreso a la curva Mexico - Soberanos - Bonos Globales - USD,37095.0
2026-07-27T14:48:57-03:00,Curvas,Ingreso a la curva Paraguay - Soberanos - Bonos Globales - USD,11070.0
2026-07-27T14:48:57-03:00,Curvas,Ingreso a la curva Soberanos - Letras del Tesoro Capitalizables (LECAP) - ARS,1412.0
2026-07-27T14:48:57-03:00,Curvas,Ingreso a la curva Soberanos - Ley Argentina - USD,1513.0
2026-07-27T14:48:57-03:00,Curvas,Ingreso a la curva Soberanos - Tasa Fija + CER - ARS,1407.0
2026-07-27T14:48:57-03:00,Curvas,"Ingreso a la pestaña ""BCRA""",190.0
2026-07-27T14:48:57-03:00,Curvas,"Ingreso a la pestaña ""Corporativos""",184.0
2026-07-27T14:48:57-03:00,Curvas,"Ingreso a la pestaña ""Soberanos""",1873.0
2026-07-27T14:48:57-03:00,Curvas,"Ingreso a la pestaña ""SubSoberanos""",197.0
2026-07-27T14:48:57-03:00,Graficador,Graficar la especie AL30,3598.0
2026-07-27T14:48:57-03:00,Graficador,Graficar todas las curvas,447.0
2026-07-27T14:48:57-03:00,Graficador,Ingresar al menú Graficador,3971.0
2026-07-27T14:48:57-03:00,Mis portafolios,Agregar la cuarta especie al portafolio,9210.0
2026-07-27T14:48:57-03:00,Mis portafolios,Agregar la primera especie al portafolio,8527.0
2026-07-27T14:48:57-03:00,Mis portafolios,Agregar la segunda especie al portafolio,8591.0
2026-07-27T14:48:57-03:00,Mis portafolios,Agregar la tercera especie al portafolio,9461.0
2026-07-27T14:48:57-03:00,Mis portafolios,Crear un nuevo portafolio,6910.0
2026-07-27T14:48:57-03:00,Mis portafolios,Editar el portafolio,3656.0
2026-07-27T14:48:57-03:00,Mis portafolios,Eliminar el portafolio,770.0
2026-07-27T14:48:57-03:00,Mis portafolios,Eliminar todas las especies del portafolio,543.0
2026-07-27T14:48:57-03:00,Mis portafolios,Ingresar al menú Mis portafolios,892.0
2026-07-27T14:48:57-03:00,Mis portafolios,Navegabilidad entre las pestañas Proyección y Agenda de pagos en el portafolio,2312.0
2026-07-27T14:48:57-03:00,Screener,Ingresar al menú Screener,4446.0
2026-07-27T14:48:57-03:00,Sensibilidad,Eliminar escenario,576.0
2026-07-27T14:48:57-03:00,Sensibilidad,Eliminar especie,238.0
2026-07-27T14:48:57-03:00,Sensibilidad,Ingresar al menú Sensibilidad,848.0
2026-07-27T14:48:57-03:00,Sensibilidad,Realizar Análisis de sensibilidad,8898.0
2026-07-28T14:46:23-03:00,Analizar,Analizar la especie  BDC28,2416.0
2026-07-28T14:46:23-03:00,Analizar,Analizar la especie AL30 ,4097.0
2026-07-28T14:46:23-03:00,Analizar,Analizar la especie PECMO,2014.0
2026-07-28T14:46:23-03:00,Analizar,Analizar la especie TX28,2075.0
2026-07-28T14:46:23-03:00,Analizar,Armado de escenarios en Análisis de Sensibilidad de la especie AL30,12848.0
2026-07-28T14:46:23-03:00,Analizar,Armado de escenarios en Análisis de Sensibilidad de la especie BDC28,13728.0
2026-07-28T14:46:23-03:00,Analizar,Armado de escenarios en Análisis de Sensibilidad de la especie PECMO,9605.0
2026-07-28T14:46:23-03:00,Analizar,Armado de escenarios en Análisis de Sensibilidad de la especie TX28,8700.0
2026-07-28T14:46:23-03:00,Analizar,Ingresar al Home,7916.0
2026-07-28T14:46:23-03:00,Analizar,Ingreso a la pestaña Condiciones de Emisión de la especie  AL30,879.0
2026-07-28T14:46:23-03:00,Analizar,Ingreso a la pestaña Condiciones de Emisión de la especie BDC28,885.0
2026-07-28T14:46:23-03:00,Analizar,Ingreso a la pestaña Condiciones de Emisión de la especie PECMO,757.0
2026-07-28T14:46:23-03:00,Analizar,Ingreso a la pestaña Condiciones de Emisión de la especie TX28,792.0
2026-07-28T14:46:23-03:00,Analizar,Navegabilidad por los botones TIRs y Paridades Históricas de la especie AL30,5311.0
2026-07-28T14:46:23-03:00,Analizar,Navegabilidad por los botones TIRs y Paridades Históricas de la especie BDC28,4707.0
2026-07-28T14:46:23-03:00,Analizar,Navegabilidad por los botones TIRs y Paridades Históricas de la especie PECMO,3622.0
2026-07-28T14:46:23-03:00,Analizar,Navegabilidad por los botones TIRs y Paridades Históricas de la especie TX28,4998.0
2026-07-28T14:46:23-03:00,Analizar,Simular inversión de la especie AL30,3105.0
2026-07-28T14:46:23-03:00,Analizar,Simular inversión de la especie BDC28,6308.0
2026-07-28T14:46:23-03:00,Analizar,Simular inversión de la especie PECMO,3196.0
2026-07-28T14:46:23-03:00,Analizar,Simular inversión de la especie TX28,2314.0
2026-07-28T14:46:23-03:00,Analizar,Validaciones en la pestaña General de la especie PECMO,304.0
2026-07-28T14:46:23-03:00,Arbitraje,Arbitraje de las especies AL30 y TX28,11394.0
2026-07-28T14:46:23-03:00,Arbitraje,Ingresar al menú Arbitraje,900.0
2026-07-28T14:46:23-03:00,Arbitraje,"Navegabilidad entre las pestañas Paridad, Inversión y Scatter",11342.0
2026-07-28T14:46:23-03:00,Calculadora,"Editar P. Simulado, de la primera simulación",2829.0
2026-07-28T14:46:23-03:00,Calculadora,Editar la TIR de la primera simulación,1911.0
2026-07-28T14:46:23-03:00,Calculadora,Eliminar todas las simulaciones,2239.0
2026-07-28T14:46:23-03:00,Calculadora,Ingresar al menú Calculadora,4104.0
2026-07-28T14:46:23-03:00,Calculadora,Simular inversiones de la especie AL30,91602.0
2026-07-28T14:46:23-03:00,Comparar,Eliminar las especies AL30 y TX28,2498.0
2026-07-28T14:46:23-03:00,Comparar,Ingresar al menú Comparar,822.0
2026-07-28T14:46:23-03:00,Comparar,Ir a Condiciones de Emisión,1730.0
2026-07-28T14:46:23-03:00,Comparar,Navegabilidad por pestañas gráficas,7959.0
2026-07-28T14:46:23-03:00,Comparar,Realizar comparativa entre las especies AL30 y TX28,13709.0
2026-07-28T14:46:23-03:00,Curvas,Ingresar a la pestaña Internacionales,451.0
2026-07-28T14:46:23-03:00,Curvas,Ingresar al menú Curvas,3056.0
2026-07-28T14:46:23-03:00,Curvas,Ingreso a la curva BCRA - BOPREALs - USD,1181.0
2026-07-28T14:46:23-03:00,Curvas,Ingreso a la curva Brasil - Soberanos - Bonos Globales - USD,11385.0
2026-07-28T14:46:23-03:00,Curvas,Ingreso a la curva Chile - Soberanos - Bonos Globales - USD,12574.0
2026-07-28T14:46:23-03:00,Curvas,Ingreso a la curva Colombia - Soberanos - Bonos Globales - USD,19150.0
2026-07-28T14:46:23-03:00,Curvas,Ingreso a la curva Corporativos - ONs TAMAR - ARS,14964.0
2026-07-28T14:46:23-03:00,Curvas,Ingreso a la curva Estados Unidos - Soberanos - Treasury Notes/Bonds - USD,10671.0
2026-07-28T14:46:23-03:00,Curvas,Ingreso a la curva Mexico - Soberanos - Bonos Globales - USD,24633.0
2026-07-28T14:46:23-03:00,Curvas,Ingreso a la curva Paraguay - Soberanos - Bonos Globales - USD,8699.0
2026-07-28T14:46:23-03:00,Curvas,Ingreso a la curva Soberanos - Letras del Tesoro Capitalizables (LECAP) - ARS,1149.0
2026-07-28T14:46:23-03:00,Curvas,Ingreso a la curva Soberanos - Ley Argentina - USD,1278.0
2026-07-28T14:46:23-03:00,Curvas,Ingreso a la curva Soberanos - Tasa Fija + CER - ARS,1302.0
2026-07-28T14:46:23-03:00,Curvas,"Ingreso a la pestaña ""BCRA""",167.0
2026-07-28T14:46:23-03:00,Curvas,"Ingreso a la pestaña ""Corporativos""",168.0
2026-07-28T14:46:23-03:00,Curvas,"Ingreso a la pestaña ""Soberanos""",1051.0
2026-07-28T14:46:23-03:00,Curvas,"Ingreso a la pestaña ""SubSoberanos""",165.0
2026-07-28T14:46:23-03:00,Graficador,Graficar la especie AL30,8169.0
2026-07-28T14:46:23-03:00,Graficador,Graficar todas las curvas,577.0
2026-07-28T14:46:23-03:00,Graficador,Ingresar al menú Graficador,3878.0
2026-07-28T14:46:23-03:00,Mis portafolios,Agregar la cuarta especie al portafolio,10809.0
2026-07-28T14:46:23-03:00,Mis portafolios,Agregar la primera especie al portafolio,8467.0
2026-07-28T14:46:23-03:00,Mis portafolios,Agregar la segunda especie al portafolio,8423.0
2026-07-28T14:46:23-03:00,Mis portafolios,Agregar la tercera especie al portafolio,8466.0
2026-07-28T14:46:23-03:00,Mis portafolios,Crear un nuevo portafolio,6310.0
2026-07-28T14:46:23-03:00,Mis portafolios,Editar el portafolio,3538.0
2026-07-28T14:46:23-03:00,Mis portafolios,Eliminar el portafolio,10196.0
2026-07-28T14:46:23-03:00,Mis portafolios,Eliminar todas las especies del portafolio,204.0
2026-07-28T14:46:23-03:00,Mis portafolios,Ingresar al menú Mis portafolios,912.0
2026-07-28T14:46:23-03:00,Mis portafolios,Navegabilidad entre las pestañas Proyección y Agenda de pagos en el portafolio,2572.0
2026-07-28T14:46:23-03:00,Screener,Ingresar al menú Screener,3610.0
2026-07-28T14:46:23-03:00,Sensibilidad,Eliminar escenario,567.0
2026-07-28T14:46:23-03:00,Sensibilidad,Eliminar especie,215.0
2026-07-28T14:46:23-03:00,Sensibilidad,Ingresar al menú Sensibilidad,843.0
2026-07-28T14:46:23-03:00,Sensibilidad,Realizar Análisis de sensibilidad,8293.0
2026-07-29T14:42:52-03:00,Analizar,Analizar la especie  BDC28,2597.0
2026-07-29T14:42:52-03:00,Analizar,Analizar la especie AL30 ,4046.0
2026-07-29T14:42:52-03:00,Analizar,Analizar la especie PECMO,1620.0
2026-07-29T14:42:52-03:00,Analizar,Analizar la especie TX28,2694.0
2026-07-29T14:42:52-03:00,Analizar,Armado de escenarios en Análisis de Sensibilidad de la especie AL30,11288.0
2026-07-29T14:42:52-03:00,Analizar,Armado de escenarios en Análisis de Sensibilidad de la especie BDC28,14374.0
2026-07-29T14:42:52-03:00,Analizar,Armado de escenarios en Análisis de Sensibilidad de la especie PECMO,12336.0
2026-07-29T14:42:52-03:00,Analizar,Armado de escenarios en Análisis de Sensibilidad de la especie TX28,8638.0
2026-07-29T14:42:52-03:00,Analizar,Ingresar al Home,7385.0
2026-07-29T14:42:52-03:00,Analizar,Ingreso a la pestaña Condiciones de Emisión de la especie  AL30,771.0
2026-07-29T14:42:52-03:00,Analizar,Ingreso a la pestaña Condiciones de Emisión de la especie BDC28,1660.0
2026-07-29T14:42:52-03:00,Analizar,Ingreso a la pestaña Condiciones de Emisión de la especie PECMO,1445.0
2026-07-29T14:42:52-03:00,Analizar,Ingreso a la pestaña Condiciones de Emisión de la especie TX28,1661.0
2026-07-29T14:42:52-03:00,Analizar,Navegabilidad por los botones TIRs y Paridades Históricas de la especie AL30,10828.0
2026-07-29T14:42:52-03:00,Analizar,Navegabilidad por los botones TIRs y Paridades Históricas de la especie BDC28,4075.0
2026-07-29T14:42:52-03:00,Analizar,Navegabilidad por los botones TIRs y Paridades Históricas de la especie PECMO,2656.0
2026-07-29T14:42:52-03:00,Analizar,Navegabilidad por los botones TIRs y Paridades Históricas de la especie TX28,4900.0
2026-07-29T14:42:52-03:00,Analizar,Simular inversión de la especie AL30,2796.0
2026-07-29T14:42:52-03:00,Analizar,Simular inversión de la especie BDC28,7475.0
2026-07-29T14:42:52-03:00,Analizar,Simular inversión de la especie PECMO,4745.0
2026-07-29T14:42:52-03:00,Analizar,Simular inversión de la especie TX28,2875.0
2026-07-29T14:42:52-03:00,Analizar,Validaciones en la pestaña General de la especie PECMO,890.0
2026-07-29T14:42:52-03:00,Arbitraje,Arbitraje de las especies AL30 y TX28,10434.0
2026-07-29T14:42:52-03:00,Arbitraje,Ingresar al menú Arbitraje,853.0
2026-07-29T14:42:52-03:00,Arbitraje,"Navegabilidad entre las pestañas Paridad, Inversión y Scatter",10082.0
2026-07-29T14:42:52-03:00,Calculadora,"Editar P. Simulado, de la primera simulación",2451.0
2026-07-29T14:42:52-03:00,Calculadora,Editar la TIR de la primera simulación,843.0
2026-07-29T14:42:52-03:00,Calculadora,Eliminar todas las simulaciones,2586.0
2026-07-29T14:42:52-03:00,Calculadora,Ingresar al menú Calculadora,3704.0
2026-07-29T14:42:52-03:00,Calculadora,Simular inversiones de la especie AL30,88130.0
2026-07-29T14:42:52-03:00,Comparar,Eliminar las especies AL30 y TX28,2489.0
2026-07-29T14:42:52-03:00,Comparar,Ingresar al menú Comparar,825.0
2026-07-29T14:42:52-03:00,Comparar,Ir a Condiciones de Emisión,1449.0
2026-07-29T14:42:52-03:00,Comparar,Navegabilidad por pestañas gráficas,8053.0
2026-07-29T14:42:52-03:00,Comparar,Realizar comparativa entre las especies AL30 y TX28,10528.0
2026-07-29T14:42:52-03:00,Curvas,Ingresar a la pestaña Internacionales,457.0
2026-07-29T14:42:52-03:00,Curvas,Ingresar al menú Curvas,3049.0
2026-07-29T14:42:52-03:00,Curvas,Ingreso a la curva BCRA - BOPREALs - USD,1118.0
2026-07-29T14:42:52-03:00,Curvas,Ingreso a la curva Brasil - Soberanos - Bonos Globales - USD,11005.0
2026-07-29T14:42:52-03:00,Curvas,Ingreso a la curva Chile - Soberanos - Bonos Globales - USD,12410.0
2026-07-29T14:42:52-03:00,Curvas,Ingreso a la curva Colombia - Soberanos - Bonos Globales - USD,24398.0
2026-07-29T14:42:52-03:00,Curvas,Ingreso a la curva Corporativos - ONs TAMAR - ARS,32651.0
2026-07-29T14:42:52-03:00,Curvas,Ingreso a la curva Estados Unidos - Soberanos - Treasury Notes/Bonds - USD,7398.0
2026-07-29T14:42:52-03:00,Curvas,Ingreso a la curva Mexico - Soberanos - Bonos Globales - USD,59636.0
2026-07-29T14:42:52-03:00,Curvas,Ingreso a la curva Paraguay - Soberanos - Bonos Globales - USD,14651.0
2026-07-29T14:42:52-03:00,Curvas,Ingreso a la curva Soberanos - Letras del Tesoro Capitalizables (LECAP) - ARS,1109.0
2026-07-29T14:42:52-03:00,Curvas,Ingreso a la curva Soberanos - Ley Argentina - USD,995.0
2026-07-29T14:42:52-03:00,Curvas,Ingreso a la curva Soberanos - Tasa Fija + CER - ARS,3854.0
2026-07-29T14:42:52-03:00,Curvas,"Ingreso a la pestaña ""BCRA""",164.0
2026-07-29T14:42:52-03:00,Curvas,"Ingreso a la pestaña ""Corporativos""",168.0
2026-07-29T14:42:52-03:00,Curvas,"Ingreso a la pestaña ""Soberanos""",1810.0
2026-07-29T14:42:52-03:00,Curvas,"Ingreso a la pestaña ""SubSoberanos""",174.0
2026-07-29T14:42:52-03:00,Graficador,Graficar la especie AL30,7473.0
2026-07-29T14:42:52-03:00,Graficador,Graficar todas las curvas,568.0
2026-07-29T14:42:52-03:00,Graficador,Ingresar al menú Graficador,3536.0
2026-07-29T14:42:52-03:00,Mis portafolios,Agregar la cuarta especie al portafolio,9673.0
2026-07-29T14:42:52-03:00,Mis portafolios,Agregar la primera especie al portafolio,7732.0
2026-07-29T14:42:52-03:00,Mis portafolios,Agregar la segunda especie al portafolio,8504.0
2026-07-29T14:42:52-03:00,Mis portafolios,Agregar la tercera especie al portafolio,8363.0
2026-07-29T14:42:52-03:00,Mis portafolios,Crear un nuevo portafolio,4855.0
2026-07-29T14:42:52-03:00,Mis portafolios,Editar el portafolio,3493.0
2026-07-29T14:42:52-03:00,Mis portafolios,Eliminar el portafolio,708.0
2026-07-29T14:42:52-03:00,Mis portafolios,Eliminar todas las especies del portafolio,387.0
2026-07-29T14:42:52-03:00,Mis portafolios,Ingresar al menú Mis portafolios,804.0
2026-07-29T14:42:52-03:00,Mis portafolios,Navegabilidad entre las pestañas Proyección y Agenda de pagos en el portafolio,2375.0
2026-07-29T14:42:52-03:00,Screener,Ingresar al menú Screener,3645.0
2026-07-29T14:42:52-03:00,Sensibilidad,Eliminar escenario,538.0
2026-07-29T14:42:52-03:00,Sensibilidad,Eliminar especie,213.0
2026-07-29T14:42:52-03:00,Sensibilidad,Ingresar al menú Sensibilidad,848.0
2026-07-29T14:42:52-03:00,Sensibilidad,Realizar Análisis de sensibilidad,6661.0
2026-08-03T14:48:57-03:00,Analizar,Analizar la especie  BDC28,2086.0
2026-08-03T14:48:57-03:00,Analizar,Analizar la especie AL30 ,3404.0
2026-08-03T14:48:57-03:00,Analizar,Analizar la especie RZBAO,1452.0
2026-08-03T14:48:57-03:00,Analizar,Analizar la especie TX28,1913.0
2026-08-03T14:48:57-03:00,Analizar,Armado de escenarios en Análisis de Sensibilidad de la especie AL30,11384.0
2026-08-03T14:48:57-03:00,Analizar,Armado de escenarios en Análisis de Sensibilidad de la especie BDC28,13275.0
2026-08-03T14:48:57-03:00,Analizar,Armado de escenarios en Análisis de Sensibilidad de la especie RZBAO,11435.0
2026-08-03T14:48:57-03:00,Analizar,Armado de escenarios en Análisis de Sensibilidad de la especie TX28,8772.0
2026-08-03T14:48:57-03:00,Analizar,Ingresar al Home,20006.0
2026-08-03T14:48:57-03:00,Analizar,Ingreso a la pestaña Condiciones de Emisión de la especie  AL30,641.0
2026-08-03T14:48:57-03:00,Analizar,Ingreso a la pestaña Condiciones de Emisión de la especie BDC28,912.0
2026-08-03T14:48:57-03:00,Analizar,Ingreso a la pestaña Condiciones de Emisión de la especie RZBAO,5023.0
2026-08-03T14:48:57-03:00,Analizar,Ingreso a la pestaña Condiciones de Emisión de la especie TX28,9814.0
2026-08-03T14:48:57-03:00,Analizar,Navegabilidad por los botones TIRs y Paridades Históricas de la especie AL30,6101.0
2026-08-03T14:48:57-03:00,Analizar,Navegabilidad por los botones TIRs y Paridades Históricas de la especie BDC28,5434.0
2026-08-03T14:48:57-03:00,Analizar,Navegabilidad por los botones TIRs y Paridades Históricas de la especie RZBAO,2301.0
2026-08-03T14:48:57-03:00,Analizar,Navegabilidad por los botones TIRs y Paridades Históricas de la especie TX28,5878.0
2026-08-03T14:48:57-03:00,Analizar,Simular inversión de la especie AL30,2777.0
2026-08-03T14:48:57-03:00,Analizar,Simular inversión de la especie BDC28,5580.0
2026-08-03T14:48:57-03:00,Analizar,Simular inversión de la especie RZBAO,3994.0
2026-08-03T14:48:57-03:00,Analizar,Simular inversión de la especie TX28,2262.0
2026-08-03T14:48:57-03:00,Analizar,Validaciones en la pestaña General de la especie RZBAO,892.0
2026-08-03T14:48:57-03:00,Arbitraje,Arbitraje de las especies AL30 y TX28,10733.0
2026-08-03T14:48:57-03:00,Arbitraje,Ingresar al menú Arbitraje,855.0
2026-08-03T14:48:57-03:00,Arbitraje,"Navegabilidad entre las pestañas Paridad, Inversión y Scatter",11226.0
2026-08-03T14:48:57-03:00,Calculadora,"Editar P. Simulado, de la primera simulación",2509.0
2026-08-03T14:48:57-03:00,Calculadora,Editar la TIR de la primera simulación,1843.0
2026-08-03T14:48:57-03:00,Calculadora,Eliminar todas las simulaciones,2741.0
2026-08-03T14:48:57-03:00,Calculadora,Ingresar al menú Calculadora,3479.0
2026-08-03T14:48:57-03:00,Calculadora,Simular inversiones de la especie AL30,87297.0
2026-08-03T14:48:57-03:00,Comparar,Eliminar las especies AL30 y TX28,4829.0
2026-08-03T14:48:57-03:00,Comparar,Ingresar al menú Comparar,798.0
2026-08-03T14:48:57-03:00,Comparar,Ir a Condiciones de Emisión,1378.0
2026-08-03T14:48:57-03:00,Comparar,Navegabilidad por pestañas gráficas,8534.0
2026-08-03T14:48:57-03:00,Comparar,Realizar comparativa entre las especies AL30 y TX28,12178.0
2026-08-03T14:48:57-03:00,Curvas,Ingresar a la pestaña Internacionales,477.0
2026-08-03T14:48:57-03:00,Curvas,Ingresar al menú Curvas,4567.0
2026-08-03T14:48:57-03:00,Curvas,Ingreso a la curva BCRA - BOPREALs - USD,1000.0
2026-08-03T14:48:57-03:00,Curvas,Ingreso a la curva Brasil - Soberanos - Bonos Globales - USD,10919.0
2026-08-03T14:48:57-03:00,Curvas,Ingreso a la curva Chile - Soberanos - Bonos Globales - USD,10864.0
2026-08-03T14:48:57-03:00,Curvas,Ingreso a la curva Colombia - Soberanos - Bonos Globales - USD,14644.0
2026-08-03T14:48:57-03:00,Curvas,Ingreso a la curva Corporativos - ONs TAMAR - ARS,14618.0
2026-08-03T14:48:57-03:00,Curvas,Ingreso a la curva Estados Unidos - Soberanos - Treasury Notes/Bonds - USD,4270.0
2026-08-03T14:48:57-03:00,Curvas,Ingreso a la curva Mexico - Soberanos - Bonos Globales - USD,24744.0
2026-08-03T14:48:57-03:00,Curvas,Ingreso a la curva Paraguay - Soberanos - Bonos Globales - USD,9409.0
2026-08-03T14:48:57-03:00,Curvas,Ingreso a la curva Soberanos - Letras del Tesoro Capitalizables (LECAP) - ARS,1217.0
2026-08-03T14:48:57-03:00,Curvas,Ingreso a la curva Soberanos - Ley Argentina - USD,1356.0
2026-08-03T14:48:57-03:00,Curvas,Ingreso a la curva Soberanos - Tasa Fija + CER - ARS,1325.0
2026-08-03T14:48:57-03:00,Curvas,"Ingreso a la pestaña ""BCRA""",240.0
2026-08-03T14:48:57-03:00,Curvas,"Ingreso a la pestaña ""Corporativos""",193.0
2026-08-03T14:48:57-03:00,Curvas,"Ingreso a la pestaña ""Soberanos""",223.0
2026-08-03T14:48:57-03:00,Curvas,"Ingreso a la pestaña ""SubSoberanos""",179.0
2026-08-03T14:48:57-03:00,Graficador,Graficar la especie AL30,7716.0
2026-08-03T14:48:57-03:00,Graficador,Graficar todas las curvas,484.0
2026-08-03T14:48:57-03:00,Graficador,Ingresar al menú Graficador,3760.0
2026-08-03T14:48:57-03:00,Mis portafolios,Agregar la cuarta especie al portafolio,8301.0
2026-08-03T14:48:57-03:00,Mis portafolios,Agregar la primera especie al portafolio,7904.0
2026-08-03T14:48:57-03:00,Mis portafolios,Agregar la segunda especie al portafolio,9043.0
2026-08-03T14:48:57-03:00,Mis portafolios,Agregar la tercera especie al portafolio,8277.0
2026-08-03T14:48:57-03:00,Mis portafolios,Crear un nuevo portafolio,6159.0
2026-08-03T14:48:57-03:00,Mis portafolios,Editar el portafolio,4090.0
2026-08-03T14:48:57-03:00,Mis portafolios,Eliminar el portafolio,9503.0
2026-08-03T14:48:57-03:00,Mis portafolios,Eliminar todas las especies del portafolio,437.0
2026-08-03T14:48:57-03:00,Mis portafolios,Ingresar al menú Mis portafolios,916.0
2026-08-03T14:48:57-03:00,Mis portafolios,Navegabilidad entre las pestañas Proyección y Agenda de pagos en el portafolio,3370.0
2026-08-03T14:48:57-03:00,Screener,Ingresar al menú Screener,3650.0
2026-08-03T14:48:57-03:00,Sensibilidad,Eliminar escenario,530.0
2026-08-03T14:48:57-03:00,Sensibilidad,Eliminar especie,217.0
2026-08-03T14:48:57-03:00,Sensibilidad,Ingresar al menú Sensibilidad,873.0
2026-08-03T14:48:57-03:00,Sensibilidad,Realizar Análisis de sensibilidad,8204.0
2026-08-04T14:48:15-03:00,Analizar,Analizar la especie  BDC28,3083.0
2026-08-04T14:48:15-03:00,Analizar,Analizar la especie AL30 ,4318.0
2026-08-04T14:48:15-03:00,Analizar,Analizar la especie MR43O,2252.0
2026-08-04T14:48:15-03:00,Analizar,Analizar la especie TX28,2954.0
2026-08-04T14:48:15-03:00,Analizar,Armado de escenarios en Análisis de Sensibilidad de la especie AL30,13148.0
2026-08-04T14:48:15-03:00,Analizar,Armado de escenarios en Análisis de Sensibilidad de la especie BDC28,14011.0
2026-08-04T14:48:15-03:00,Analizar,Armado de escenarios en Análisis de Sensibilidad de la especie MR43O,11241.0
2026-08-04T14:48:15-03:00,Analizar,Armado de escenarios en Análisis de Sensibilidad de la especie TX28,9386.0
2026-08-04T14:48:15-03:00,Analizar,Ingresar al Home,8585.0
2026-08-04T14:48:15-03:00,Analizar,Ingreso a la pestaña Condiciones de Emisión de la especie  AL30,678.0
2026-08-04T14:48:15-03:00,Analizar,Ingreso a la pestaña Condiciones de Emisión de la especie BDC28,1729.0
2026-08-04T14:48:15-03:00,Analizar,Ingreso a la pestaña Condiciones de Emisión de la especie MR43O,1342.0
2026-08-04T14:48:15-03:00,Analizar,Ingreso a la pestaña Condiciones de Emisión de la especie TX28,1643.0
2026-08-04T14:48:15-03:00,Analizar,Navegabilidad por los botones TIRs y Paridades Históricas de la especie AL30,10489.0
2026-08-04T14:48:15-03:00,Analizar,Navegabilidad por los botones TIRs y Paridades Históricas de la especie BDC28,6033.0
2026-08-04T14:48:15-03:00,Analizar,Navegabilidad por los botones TIRs y Paridades Históricas de la especie MR43O,4904.0
2026-08-04T14:48:15-03:00,Analizar,Navegabilidad por los botones TIRs y Paridades Históricas de la especie TX28,7636.0
2026-08-04T14:48:15-03:00,Analizar,Simular inversión de la especie AL30,2698.0
2026-08-04T14:48:15-03:00,Analizar,Simular inversión de la especie BDC28,6487.0
2026-08-04T14:48:15-03:00,Analizar,Simular inversión de la especie MR43O,4736.0
2026-08-04T14:48:15-03:00,Analizar,Simular inversión de la especie TX28,2646.0
2026-08-04T14:48:15-03:00,Analizar,Validaciones en la pestaña General de la especie MR43O,2209.0
2026-08-04T14:48:15-03:00,Arbitraje,Arbitraje de las especies AL30 y TX28,12656.0
2026-08-04T14:48:15-03:00,Arbitraje,Ingresar al menú Arbitraje,933.0
2026-08-04T14:48:15-03:00,Arbitraje,"Navegabilidad entre las pestañas Paridad, Inversión y Scatter",13353.0
2026-08-04T14:48:15-03:00,Calculadora,"Editar P. Simulado, de la primera simulación",3412.0
2026-08-04T14:48:15-03:00,Calculadora,Editar la TIR de la primera simulación,917.0
2026-08-04T14:48:15-03:00,Calculadora,Eliminar todas las simulaciones,2664.0
2026-08-04T14:48:15-03:00,Calculadora,Ingresar al menú Calculadora,3974.0
2026-08-04T14:48:15-03:00,Calculadora,Simular inversiones de la especie AL30,96154.0
2026-08-04T14:48:15-03:00,Comparar,Eliminar las especies AL30 y TX28,2511.0
2026-08-04T14:48:15-03:00,Comparar,Ingresar al menú Comparar,909.0
2026-08-04T14:48:15-03:00,Comparar,Ir a Condiciones de Emisión,1609.0
2026-08-04T14:48:15-03:00,Comparar,Navegabilidad por pestañas gráficas,9743.0
2026-08-04T14:48:15-03:00,Comparar,Realizar comparativa entre las especies AL30 y TX28,13634.0
2026-08-04T14:48:15-03:00,Curvas,Ingresar a la pestaña Internacionales,504.0
2026-08-04T14:48:15-03:00,Curvas,Ingresar al menú Curvas,3567.0
2026-08-04T14:48:15-03:00,Curvas,Ingreso a la curva BCRA - BOPREALs - USD,1174.0
2026-08-04T14:48:15-03:00,Curvas,Ingreso a la curva Brasil - Soberanos - Bonos Globales - USD,11797.0
2026-08-04T14:48:15-03:00,Curvas,Ingreso a la curva Chile - Soberanos - Bonos Globales - USD,10098.0
2026-08-04T14:48:15-03:00,Curvas,Ingreso a la curva Colombia - Soberanos - Bonos Globales - USD,15796.0
2026-08-04T14:48:15-03:00,Curvas,Ingreso a la curva Corporativos - Alimentos - USD,12186.0
2026-08-04T14:48:15-03:00,Curvas,Ingreso a la curva Estados Unidos - Soberanos - Treasury Notes/Bonds - USD,7011.0
2026-08-04T14:48:15-03:00,Curvas,Ingreso a la curva Mexico - Soberanos - Bonos Globales - USD,20392.0
2026-08-04T14:48:15-03:00,Curvas,Ingreso a la curva Paraguay - Soberanos - Bonos Globales - USD,6314.0
2026-08-04T14:48:15-03:00,Curvas,Ingreso a la curva Soberanos - Letras del Tesoro Capitalizables (LECAP) - ARS,1482.0
2026-08-04T14:48:15-03:00,Curvas,Ingreso a la curva Soberanos - Ley Argentina - USD,1322.0
2026-08-04T14:48:15-03:00,Curvas,Ingreso a la curva Soberanos - Tasa Fija + CER - ARS,1438.0
2026-08-04T14:48:15-03:00,Curvas,"Ingreso a la pestaña ""BCRA""",167.0
2026-08-04T14:48:15-03:00,Curvas,"Ingreso a la pestaña ""Corporativos""",173.0
2026-08-04T14:48:15-03:00,Curvas,"Ingreso a la pestaña ""Soberanos""",783.0
2026-08-04T14:48:15-03:00,Curvas,"Ingreso a la pestaña ""SubSoberanos""",176.0
2026-08-04T14:48:15-03:00,Graficador,Graficar la especie AL30,7884.0
2026-08-04T14:48:15-03:00,Graficador,Graficar todas las curvas,681.0
2026-08-04T14:48:15-03:00,Graficador,Ingresar al menú Graficador,4102.0
2026-08-04T14:48:15-03:00,Mis portafolios,Agregar la cuarta especie al portafolio,9599.0
2026-08-04T14:48:15-03:00,Mis portafolios,Agregar la primera especie al portafolio,8601.0
2026-08-04T14:48:15-03:00,Mis portafolios,Agregar la segunda especie al portafolio,9705.0
2026-08-04T14:48:15-03:00,Mis portafolios,Agregar la tercera especie al portafolio,10962.0
2026-08-04T14:48:15-03:00,Mis portafolios,Crear un nuevo portafolio,7056.0
2026-08-04T14:48:15-03:00,Mis portafolios,Editar el portafolio,3996.0
2026-08-04T14:48:15-03:00,Mis portafolios,Eliminar el portafolio,10151.0
2026-08-04T14:48:15-03:00,Mis portafolios,Eliminar todas las especies del portafolio,515.0
2026-08-04T14:48:15-03:00,Mis portafolios,Ingresar al menú Mis portafolios,973.0
2026-08-04T14:48:15-03:00,Mis portafolios,Navegabilidad entre las pestañas Proyección y Agenda de pagos en el portafolio,2782.0
2026-08-04T14:48:15-03:00,Screener,Ingresar al menú Screener,3914.0
2026-08-04T14:48:15-03:00,Sensibilidad,Eliminar escenario,704.0
2026-08-04T14:48:15-03:00,Sensibilidad,Eliminar especie,223.0
2026-08-04T14:48:15-03:00,Sensibilidad,Ingresar al menú Sensibilidad,3009.0
2026-08-04T14:48:15-03:00,Sensibilidad,Realizar Análisis de sensibilidad,8785.0
2026-08-05T14:55:50-03:00,Analizar,Analizar la especie  BDC28,2011.0
2026-08-05T14:55:50-03:00,Analizar,Analizar la especie AL30 ,3548.0
2026-08-05T14:55:50-03:00,Analizar,Analizar la especie MR43O,1446.0
2026-08-05T14:55:50-03:00,Analizar,Analizar la especie TX28,1946.0
2026-08-05T14:55:50-03:00,Analizar,Armado de escenarios en Análisis de Sensibilidad de la especie AL30,13104.0
2026-08-05T14:55:50-03:00,Analizar,Armado de escenarios en Análisis de Sensibilidad de la especie BDC28,16831.0
2026-08-05T14:55:50-03:00,Analizar,Armado de escenarios en Análisis de Sensibilidad de la especie MR43O,13136.0
2026-08-05T14:55:50-03:00,Analizar,Armado de escenarios en Análisis de Sensibilidad de la especie TX28,8127.0
2026-08-05T14:55:50-03:00,Analizar,Ingresar al Home,14931.0
2026-08-05T14:55:50-03:00,Analizar,Ingreso a la pestaña Condiciones de Emisión de la especie  AL30,641.0
2026-08-05T14:55:50-03:00,Analizar,Ingreso a la pestaña Condiciones de Emisión de la especie BDC28,11836.0
2026-08-05T14:55:50-03:00,Analizar,Ingreso a la pestaña Condiciones de Emisión de la especie MR43O,718.0
2026-08-05T14:55:50-03:00,Analizar,Ingreso a la pestaña Condiciones de Emisión de la especie TX28,10322.0
2026-08-05T14:55:50-03:00,Analizar,Navegabilidad por los botones TIRs y Paridades Históricas de la especie AL30,5651.0
2026-08-05T14:55:50-03:00,Analizar,Navegabilidad por los botones TIRs y Paridades Históricas de la especie BDC28,5892.0
2026-08-05T14:55:50-03:00,Analizar,Navegabilidad por los botones TIRs y Paridades Históricas de la especie MR43O,3973.0
2026-08-05T14:55:50-03:00,Analizar,Navegabilidad por los botones TIRs y Paridades Históricas de la especie TX28,4910.0
2026-08-05T14:55:50-03:00,Analizar,Simular inversión de la especie AL30,2701.0
2026-08-05T14:55:50-03:00,Analizar,Simular inversión de la especie BDC28,10028.0
2026-08-05T14:55:50-03:00,Analizar,Simular inversión de la especie MR43O,5073.0
2026-08-05T14:55:50-03:00,Analizar,Simular inversión de la especie TX28,2425.0
2026-08-05T14:55:50-03:00,Analizar,Validaciones en la pestaña General de la especie MR43O,224.0
2026-08-05T14:55:50-03:00,Arbitraje,Arbitraje de las especies AL30 y TX28,12874.0
2026-08-05T14:55:50-03:00,Arbitraje,Ingresar al menú Arbitraje,866.0
2026-08-05T14:55:50-03:00,Arbitraje,"Navegabilidad entre las pestañas Paridad, Inversión y Scatter",13189.0
2026-08-05T14:55:50-03:00,Calculadora,"Editar P. Simulado, de la primera simulación",2504.0
2026-08-05T14:55:50-03:00,Calculadora,Editar la TIR de la primera simulación,1006.0
2026-08-05T14:55:50-03:00,Calculadora,Eliminar todas las simulaciones,2436.0
2026-08-05T14:55:50-03:00,Calculadora,Ingresar al menú Calculadora,4316.0
2026-08-05T14:55:50-03:00,Calculadora,Simular inversiones de la especie AL30,95984.0
2026-08-05T14:55:50-03:00,Comparar,Eliminar las especies AL30 y TX28,2102.0
2026-08-05T14:55:50-03:00,Comparar,Ingresar al menú Comparar,815.0
2026-08-05T14:55:50-03:00,Comparar,Ir a Condiciones de Emisión,1448.0
2026-08-05T14:55:50-03:00,Comparar,Navegabilidad por pestañas gráficas,7829.0
2026-08-05T14:55:50-03:00,Comparar,Realizar comparativa entre las especies AL30 y TX28,11794.0
2026-08-05T14:55:50-03:00,Curvas,Ingresar a la pestaña Internacionales,475.0
2026-08-05T14:55:50-03:00,Curvas,Ingresar al menú Curvas,3045.0
2026-08-05T14:55:50-03:00,Curvas,Ingreso a la curva BCRA - BOPREALs - USD,1032.0
2026-08-05T14:55:50-03:00,Curvas,Ingreso a la curva Brasil - Soberanos - Bonos Globales - USD,11059.0
2026-08-05T14:55:50-03:00,Curvas,Ingreso a la curva Chile - Soberanos - Bonos Globales - USD,97539.0
2026-08-05T14:55:50-03:00,Curvas,Ingreso a la curva Colombia - Soberanos - Bonos Globales - USD,133413.0
2026-08-05T14:55:50-03:00,Curvas,Ingreso a la curva Corporativos - Alimentos - USD,11020.0
2026-08-05T14:55:50-03:00,Curvas,Ingreso a la curva Estados Unidos - Soberanos - Treasury Notes/Bonds - USD,15320.0
2026-08-05T14:55:50-03:00,Curvas,Ingreso a la curva Mexico - Soberanos - Bonos Globales - USD,114168.0
2026-08-05T14:55:50-03:00,Curvas,Ingreso a la curva Paraguay - Soberanos - Bonos Globales - USD,109220.0
2026-08-05T14:55:50-03:00,Curvas,Ingreso a la curva Soberanos - Letras del Tesoro Capitalizables (LECAP) - ARS,1210.0
2026-08-05T14:55:50-03:00,Curvas,Ingreso a la curva Soberanos - Ley Argentina - USD,1090.0
2026-08-05T14:55:50-03:00,Curvas,Ingreso a la curva Soberanos - Tasa Fija + CER - ARS,1246.0
2026-08-05T14:55:50-03:00,Curvas,"Ingreso a la pestaña ""BCRA""",213.0
2026-08-05T14:55:50-03:00,Curvas,"Ingreso a la pestaña ""Corporativos""",175.0
2026-08-05T14:55:50-03:00,Curvas,"Ingreso a la pestaña ""Soberanos""",2115.0
2026-08-05T14:55:50-03:00,Curvas,"Ingreso a la pestaña ""SubSoberanos""",197.0
2026-08-05T14:55:50-03:00,Graficador,Graficar la especie AL30,7990.0
2026-08-05T14:55:50-03:00,Graficador,Graficar todas las curvas,578.0
2026-08-05T14:55:50-03:00,Graficador,Ingresar al menú Graficador,3666.0
2026-08-05T14:55:50-03:00,Mis portafolios,Agregar la cuarta especie al portafolio,11996.0
2026-08-05T14:55:50-03:00,Mis portafolios,Agregar la primera especie al portafolio,8186.0
2026-08-05T14:55:50-03:00,Mis portafolios,Agregar la segunda especie al portafolio,8734.0
2026-08-05T14:55:50-03:00,Mis portafolios,Agregar la tercera especie al portafolio,9425.0
2026-08-05T14:55:50-03:00,Mis portafolios,Crear un nuevo portafolio,6575.0
2026-08-05T14:55:50-03:00,Mis portafolios,Editar el portafolio,3287.0
2026-08-05T14:55:50-03:00,Mis portafolios,Eliminar el portafolio,3319.0
2026-08-05T14:55:50-03:00,Mis portafolios,Eliminar todas las especies del portafolio,257.0
2026-08-05T14:55:50-03:00,Mis portafolios,Ingresar al menú Mis portafolios,848.0
2026-08-05T14:55:50-03:00,Mis portafolios,Navegabilidad entre las pestañas Proyección y Agenda de pagos en el portafolio,6685.0
2026-08-05T14:55:50-03:00,Screener,Ingresar al menú Screener,3768.0
2026-08-05T14:55:50-03:00,Sensibilidad,Eliminar escenario,508.0
2026-08-05T14:55:50-03:00,Sensibilidad,Eliminar especie,263.0
2026-08-05T14:55:50-03:00,Sensibilidad,Ingresar al menú Sensibilidad,811.0
2026-08-05T14:55:50-03:00,Sensibilidad,Realizar Análisis de sensibilidad,8018.0
2026-08-07T15:00:34-03:00,Analizar,Analizar la especie  BDC28,3125.0
2026-08-07T15:00:34-03:00,Analizar,Analizar la especie AL30 ,3966.0
2026-08-07T15:00:34-03:00,Analizar,Analizar la especie MR43O,2183.0
2026-08-07T15:00:34-03:00,Analizar,Analizar la especie TX28,3194.0
2026-08-07T15:00:34-03:00,Analizar,Armado de escenarios en Análisis de Sensibilidad de la especie AL30,15504.0
2026-08-07T15:00:34-03:00,Analizar,Armado de escenarios en Análisis de Sensibilidad de la especie BDC28,16379.0
2026-08-07T15:00:34-03:00,Analizar,Armado de escenarios en Análisis de Sensibilidad de la especie MR43O,12709.0
2026-08-07T15:00:34-03:00,Analizar,Armado de escenarios en Análisis de Sensibilidad de la especie TX28,9937.0
2026-08-07T15:00:34-03:00,Analizar,Ingresar al Home,8391.0
2026-08-07T15:00:34-03:00,Analizar,Ingreso a la pestaña Condiciones de Emisión de la especie  AL30,741.0
2026-08-07T15:00:34-03:00,Analizar,Ingreso a la pestaña Condiciones de Emisión de la especie BDC28,1702.0
2026-08-07T15:00:34-03:00,Analizar,Ingreso a la pestaña Condiciones de Emisión de la especie MR43O,1156.0
2026-08-07T15:00:34-03:00,Analizar,Ingreso a la pestaña Condiciones de Emisión de la especie TX28,1901.0
2026-08-07T15:00:34-03:00,Analizar,Navegabilidad por los botones TIRs y Paridades Históricas de la especie AL30,7956.0
2026-08-07T15:00:34-03:00,Analizar,Navegabilidad por los botones TIRs y Paridades Históricas de la especie BDC28,4706.0
2026-08-07T15:00:34-03:00,Analizar,Navegabilidad por los botones TIRs y Paridades Históricas de la especie MR43O,10205.0
2026-08-07T15:00:34-03:00,Analizar,Navegabilidad por los botones TIRs y Paridades Históricas de la especie TX28,4662.0
2026-08-07T15:00:34-03:00,Analizar,Simular inversión de la especie AL30,2965.0
2026-08-07T15:00:34-03:00,Analizar,Simular inversión de la especie BDC28,11948.0
2026-08-07T15:00:34-03:00,Analizar,Simular inversión de la especie MR43O,14366.0
2026-08-07T15:00:34-03:00,Analizar,Simular inversión de la especie TX28,3125.0
2026-08-07T15:00:34-03:00,Analizar,Validaciones en la pestaña General de la especie MR43O,1211.0
2026-08-07T15:00:34-03:00,Arbitraje,Arbitraje de las especies AL30 y TX28,11162.0
2026-08-07T15:00:34-03:00,Arbitraje,Ingresar al menú Arbitraje,936.0
2026-08-07T15:00:34-03:00,Arbitraje,"Navegabilidad entre las pestañas Paridad, Inversión y Scatter",13004.0
2026-08-07T15:00:34-03:00,Calculadora,"Editar P. Simulado, de la primera simulación",2677.0
2026-08-07T15:00:34-03:00,Calculadora,Editar la TIR de la primera simulación,1876.0
2026-08-07T15:00:34-03:00,Calculadora,Eliminar todas las simulaciones,2259.0
2026-08-07T15:00:34-03:00,Calculadora,Ingresar al menú Calculadora,3636.0
2026-08-07T15:00:34-03:00,Calculadora,Simular inversiones de la especie AL30,83028.0
2026-08-07T15:00:34-03:00,Comparar,Eliminar las especies AL30 y TX28,3374.0
2026-08-07T15:00:34-03:00,Comparar,Ingresar al menú Comparar,901.0
2026-08-07T15:00:34-03:00,Comparar,Ir a Condiciones de Emisión,1834.0
2026-08-07T15:00:34-03:00,Comparar,Navegabilidad por pestañas gráficas,17958.0
2026-08-07T15:00:34-03:00,Comparar,Realizar comparativa entre las especies AL30 y TX28,14560.0
2026-08-07T15:00:34-03:00,Curvas,Ingresar a la pestaña Internacionales,438.0
2026-08-07T15:00:34-03:00,Curvas,Ingresar al menú Curvas,4450.0
2026-08-07T15:00:34-03:00,Curvas,Ingreso a la curva BCRA - BOPREALs - USD,1116.0
2026-08-07T15:00:34-03:00,Curvas,Ingreso a la curva Brasil - Soberanos - Bonos Globales - USD,26639.0
2026-08-07T15:00:34-03:00,Curvas,Ingreso a la curva Chile - Soberanos - Bonos Globales - USD,26498.0
2026-08-07T15:00:34-03:00,Curvas,Ingreso a la curva Colombia - Soberanos - Bonos Globales - USD,30483.0
2026-08-07T15:00:34-03:00,Curvas,Ingreso a la curva Corporativos - Alimentos - USD,24315.0
2026-08-07T15:00:34-03:00,Curvas,Ingreso a la curva Estados Unidos - Soberanos - Treasury Notes/Bonds - USD,14926.0
2026-08-07T15:00:34-03:00,Curvas,Ingreso a la curva Mexico - Soberanos - Bonos Globales - USD,69922.0
2026-08-07T15:00:34-03:00,Curvas,Ingreso a la curva Paraguay - Soberanos - Bonos Globales - USD,14870.0
2026-08-07T15:00:34-03:00,Curvas,Ingreso a la curva Soberanos - Letras del Tesoro Capitalizables (LECAP) - ARS,1013.0
2026-08-07T15:00:34-03:00,Curvas,Ingreso a la curva Soberanos - Ley Argentina - USD,1103.0
2026-08-07T15:00:34-03:00,Curvas,Ingreso a la curva Soberanos - Tasa Fija + CER - ARS,1168.0
2026-08-07T15:00:34-03:00,Curvas,"Ingreso a la pestaña ""BCRA""",161.0
2026-08-07T15:00:34-03:00,Curvas,"Ingreso a la pestaña ""Corporativos""",283.0
2026-08-07T15:00:34-03:00,Curvas,"Ingreso a la pestaña ""Soberanos""",218.0
2026-08-07T15:00:34-03:00,Curvas,"Ingreso a la pestaña ""SubSoberanos""",158.0
2026-08-07T15:00:34-03:00,Graficador,Graficar la especie AL30,7829.0
2026-08-07T15:00:34-03:00,Graficador,Graficar todas las curvas,1156.0
2026-08-07T15:00:34-03:00,Graficador,Ingresar al menú Graficador,3504.0
2026-08-07T15:00:34-03:00,Mis portafolios,Agregar la cuarta especie al portafolio,9420.0
2026-08-07T15:00:34-03:00,Mis portafolios,Agregar la primera especie al portafolio,9310.0
2026-08-07T15:00:34-03:00,Mis portafolios,Agregar la segunda especie al portafolio,11263.0
2026-08-07T15:00:34-03:00,Mis portafolios,Agregar la tercera especie al portafolio,12943.0
2026-08-07T15:00:34-03:00,Mis portafolios,Crear un nuevo portafolio,5862.0
2026-08-07T15:00:34-03:00,Mis portafolios,Editar el portafolio,4855.0
2026-08-07T15:00:34-03:00,Mis portafolios,Eliminar el portafolio,13120.0
2026-08-07T15:00:34-03:00,Mis portafolios,Eliminar todas las especies del portafolio,445.0
2026-08-07T15:00:34-03:00,Mis portafolios,Ingresar al menú Mis portafolios,953.0
2026-08-07T15:00:34-03:00,Mis portafolios,Navegabilidad entre las pestañas Proyección y Agenda de pagos en el portafolio,3164.0
2026-08-07T15:00:34-03:00,Screener,Ingresar al menú Screener,3268.0
2026-08-07T15:00:34-03:00,Sensibilidad,Eliminar escenario,501.0
2026-08-07T15:00:34-03:00,Sensibilidad,Eliminar especie,218.0
2026-08-07T15:00:34-03:00,Sensibilidad,Ingresar al menú Sensibilidad,887.0
2026-08-07T15:00:34-03:00,Sensibilidad,Realizar Análisis de sensibilidad,7600.0
2026-08-10T15:02:41-03:00,Analizar,Analizar la especie  BDC28,2635.0
2026-08-10T15:02:41-03:00,Analizar,Analizar la especie AL30 ,3936.0
2026-08-10T15:02:41-03:00,Analizar,Analizar la especie MR43O,1895.0
2026-08-10T15:02:41-03:00,Analizar,Analizar la especie TX28,2627.0
2026-08-10T15:02:41-03:00,Analizar,Armado de escenarios en Análisis de Sensibilidad de la especie AL30,12183.0
2026-08-10T15:02:41-03:00,Analizar,Armado de escenarios en Análisis de Sensibilidad de la especie BDC28,24032.0
2026-08-10T15:02:41-03:00,Analizar,Armado de escenarios en Análisis de Sensibilidad de la especie MR43O,18677.0
2026-08-10T15:02:41-03:00,Analizar,Armado de escenarios en Análisis de Sensibilidad de la especie TX28,7982.0
2026-08-10T15:02:41-03:00,Analizar,Ingresar al Home,6679.0
2026-08-10T15:02:41-03:00,Analizar,Ingreso a la pestaña Condiciones de Emisión de la especie  AL30,680.0
2026-08-10T15:02:41-03:00,Analizar,Ingreso a la pestaña Condiciones de Emisión de la especie BDC28,2100.0
2026-08-10T15:02:41-03:00,Analizar,Ingreso a la pestaña Condiciones de Emisión de la especie MR43O,773.0
2026-08-10T15:02:41-03:00,Analizar,Ingreso a la pestaña Condiciones de Emisión de la especie TX28,874.0
2026-08-10T15:02:41-03:00,Analizar,Navegabilidad por los botones TIRs y Paridades Históricas de la especie AL30,15829.0
2026-08-10T15:02:41-03:00,Analizar,Navegabilidad por los botones TIRs y Paridades Históricas de la especie BDC28,6786.0
2026-08-10T15:02:41-03:00,Analizar,Navegabilidad por los botones TIRs y Paridades Históricas de la especie MR43O,2923.0
2026-08-10T15:02:41-03:00,Analizar,Navegabilidad por los botones TIRs y Paridades Históricas de la especie TX28,5177.0
2026-08-10T15:02:41-03:00,Analizar,Simular inversión de la especie AL30,2548.0
2026-08-10T15:02:41-03:00,Analizar,Simular inversión de la especie BDC28,3694.0
2026-08-10T15:02:41-03:00,Analizar,Simular inversión de la especie MR43O,3134.0
2026-08-10T15:02:41-03:00,Analizar,Simular inversión de la especie TX28,2224.0
2026-08-10T15:02:41-03:00,Analizar,Validaciones en la pestaña General de la especie MR43O,266.0
2026-08-10T15:02:41-03:00,Arbitraje,Arbitraje de las especies AL30 y TX28,9974.0
2026-08-10T15:02:41-03:00,Arbitraje,Ingresar al menú Arbitraje,845.0
2026-08-10T15:02:41-03:00,Arbitraje,"Navegabilidad entre las pestañas Paridad, Inversión y Scatter",10171.0
2026-08-10T15:02:41-03:00,Calculadora,"Editar P. Simulado, de la primera simulación",2254.0
2026-08-10T15:02:41-03:00,Calculadora,Editar la TIR de la primera simulación,843.0
2026-08-10T15:02:41-03:00,Calculadora,Eliminar todas las simulaciones,1751.0
2026-08-10T15:02:41-03:00,Calculadora,Ingresar al menú Calculadora,3228.0
2026-08-10T15:02:41-03:00,Calculadora,Simular inversiones de la especie AL30,73776.0
2026-08-10T15:02:41-03:00,Comparar,Eliminar las especies AL30 y TX28,3392.0
2026-08-10T15:02:41-03:00,Comparar,Ingresar al menú Comparar,818.0
2026-08-10T15:02:41-03:00,Comparar,Ir a Condiciones de Emisión,8051.0
2026-08-10T15:02:41-03:00,Comparar,Navegabilidad por pestañas gráficas,8827.0
2026-08-10T15:02:41-03:00,Comparar,Realizar comparativa entre las especies AL30 y TX28,16755.0
2026-08-10T15:02:41-03:00,Curvas,Ingresar a la pestaña Internacionales,427.0
2026-08-10T15:02:41-03:00,Curvas,Ingresar al menú Curvas,2532.0
2026-08-10T15:02:41-03:00,Curvas,Ingreso a la curva BCRA - BOPREALs - USD,909.0
2026-08-10T15:02:41-03:00,Curvas,Ingreso a la curva Brasil - Soberanos - Bonos Globales - USD,9641.0
2026-08-10T15:02:41-03:00,Curvas,Ingreso a la curva Chile - Soberanos - Bonos Globales - USD,18048.0
2026-08-10T15:02:41-03:00,Curvas,Ingreso a la curva Colombia - Soberanos - Bonos Globales - USD,31133.0
2026-08-10T15:02:41-03:00,Curvas,Ingreso a la curva Corporativos - Alimentos - USD,4547.0
2026-08-10T15:02:41-03:00,Curvas,Ingreso a la curva Estados Unidos - Soberanos - Treasury Notes/Bonds - USD,6085.0
2026-08-10T15:02:41-03:00,Curvas,Ingreso a la curva Mexico - Soberanos - Bonos Globales - USD,46206.0
2026-08-10T15:02:41-03:00,Curvas,Ingreso a la curva Paraguay - Soberanos - Bonos Globales - USD,10067.0
2026-08-10T15:02:41-03:00,Curvas,Ingreso a la curva Soberanos - Letras del Tesoro Capitalizables (LECAP) - ARS,981.0
2026-08-10T15:02:41-03:00,Curvas,Ingreso a la curva Soberanos - Ley Argentina - USD,895.0
2026-08-10T15:02:41-03:00,Curvas,Ingreso a la curva Soberanos - Tasa Fija + CER - ARS,959.0
2026-08-10T15:02:41-03:00,Curvas,"Ingreso a la pestaña ""BCRA""",150.0
2026-08-10T15:02:41-03:00,Curvas,"Ingreso a la pestaña ""Corporativos""",148.0
2026-08-10T15:02:41-03:00,Curvas,"Ingreso a la pestaña ""Soberanos""",1568.0
2026-08-10T15:02:41-03:00,Curvas,"Ingreso a la pestaña ""SubSoberanos""",158.0
2026-08-10T15:02:41-03:00,Graficador,Graficar la especie AL30,6275.0
2026-08-10T15:02:41-03:00,Graficador,Graficar todas las curvas,1162.0
2026-08-10T15:02:41-03:00,Graficador,Ingresar al menú Graficador,3793.0
2026-08-10T15:02:41-03:00,Mis portafolios,Agregar la cuarta especie al portafolio,8322.0
2026-08-10T15:02:41-03:00,Mis portafolios,Agregar la primera especie al portafolio,7550.0
2026-08-10T15:02:41-03:00,Mis portafolios,Agregar la segunda especie al portafolio,9261.0
2026-08-10T15:02:41-03:00,Mis portafolios,Agregar la tercera especie al portafolio,10177.0
2026-08-10T15:02:41-03:00,Mis portafolios,Crear un nuevo portafolio,5398.0
2026-08-10T15:02:41-03:00,Mis portafolios,Editar el portafolio,3842.0
2026-08-10T15:02:41-03:00,Mis portafolios,Eliminar el portafolio,4814.0
2026-08-10T15:02:41-03:00,Mis portafolios,Eliminar todas las especies del portafolio,196.0
2026-08-10T15:02:41-03:00,Mis portafolios,Ingresar al menú Mis portafolios,852.0
2026-08-10T15:02:41-03:00,Mis portafolios,Navegabilidad entre las pestañas Proyección y Agenda de pagos en el portafolio,2431.0
2026-08-10T15:02:41-03:00,Screener,Ingresar al menú Screener,2915.0
2026-08-10T15:02:41-03:00,Sensibilidad,Eliminar escenario,477.0
2026-08-10T15:02:41-03:00,Sensibilidad,Eliminar especie,187.0
2026-08-10T15:02:41-03:00,Sensibilidad,Ingresar al menú Sensibilidad,819.0
2026-08-10T15:02:41-03:00,Sensibilidad,Realizar Análisis de sensibilidad,7024.0
2026-08-11T15:09:02-03:00,Analizar,Analizar la especie  BDC28,3529.0
2026-08-11T15:09:02-03:00,Analizar,Analizar la especie AL30 ,3940.0
2026-08-11T15:09:02-03:00,Analizar,Analizar la especie MR43O,2103.0
2026-08-11T15:09:02-03:00,Analizar,Analizar la especie TX28,3402.0
2026-08-11T15:09:02-03:00,Analizar,Armado de escenarios en Análisis de Sensibilidad de la especie AL30,13054.0
2026-08-11T15:09:02-03:00,Analizar,Armado de escenarios en Análisis de Sensibilidad de la especie BDC28,13848.0
2026-08-11T15:09:02-03:00,Analizar,Armado de escenarios en Análisis de Sensibilidad de la especie MR43O,12100.0
2026-08-11T15:09:02-03:00,Analizar,Armado de escenarios en Análisis de Sensibilidad de la especie TX28,9968.0
2026-08-11T15:09:02-03:00,Analizar,Ingresar al Home,8852.0
2026-08-11T15:09:02-03:00,Analizar,Ingreso a la pestaña Condiciones de Emisión de la especie  AL30,710.0
2026-08-11T15:09:02-03:00,Analizar,Ingreso a la pestaña Condiciones de Emisión de la especie BDC28,2265.0
2026-08-11T15:09:02-03:00,Analizar,Ingreso a la pestaña Condiciones de Emisión de la especie MR43O,1177.0
2026-08-11T15:09:02-03:00,Analizar,Ingreso a la pestaña Condiciones de Emisión de la especie TX28,1783.0
2026-08-11T15:09:02-03:00,Analizar,Navegabilidad por los botones TIRs y Paridades Históricas de la especie AL30,10594.0
2026-08-11T15:09:02-03:00,Analizar,Navegabilidad por los botones TIRs y Paridades Históricas de la especie BDC28,5002.0
2026-08-11T15:09:02-03:00,Analizar,Navegabilidad por los botones TIRs y Paridades Históricas de la especie MR43O,2850.0
2026-08-11T15:09:02-03:00,Analizar,Navegabilidad por los botones TIRs y Paridades Históricas de la especie TX28,5134.0
2026-08-11T15:09:02-03:00,Analizar,Simular inversión de la especie AL30,2567.0
2026-08-11T15:09:02-03:00,Analizar,Simular inversión de la especie BDC28,5067.0
2026-08-11T15:09:02-03:00,Analizar,Simular inversión de la especie MR43O,4083.0
2026-08-11T15:09:02-03:00,Analizar,Simular inversión de la especie TX28,2847.0
2026-08-11T15:09:02-03:00,Analizar,Validaciones en la pestaña General de la especie MR43O,955.0
2026-08-11T15:09:02-03:00,Arbitraje,Arbitraje de las especies AL30 y TX28,11783.0
2026-08-11T15:09:02-03:00,Arbitraje,Ingresar al menú Arbitraje,988.0
2026-08-11T15:09:02-03:00,Arbitraje,"Navegabilidad entre las pestañas Paridad, Inversión y Scatter",18953.0
2026-08-11T15:09:02-03:00,Calculadora,"Editar P. Simulado, de la primera simulación",2910.0
2026-08-11T15:09:02-03:00,Calculadora,Editar la TIR de la primera simulación,1732.0
2026-08-11T15:09:02-03:00,Calculadora,Eliminar todas las simulaciones,2279.0
2026-08-11T15:09:02-03:00,Calculadora,Ingresar al menú Calculadora,4034.0
2026-08-11T15:09:02-03:00,Calculadora,Simular inversiones de la especie AL30,91719.0
2026-08-11T15:09:02-03:00,Comparar,Eliminar las especies AL30 y TX28,2341.0
2026-08-11T15:09:02-03:00,Comparar,Ingresar al menú Comparar,994.0
2026-08-11T15:09:02-03:00,Comparar,Ir a Condiciones de Emisión,1690.0
2026-08-11T15:09:02-03:00,Comparar,Navegabilidad por pestañas gráficas,8871.0
2026-08-11T15:09:02-03:00,Comparar,Realizar comparativa entre las especies AL30 y TX28,12002.0
2026-08-11T15:09:02-03:00,Curvas,Ingresar a la pestaña Internacionales,434.0
2026-08-11T15:09:02-03:00,Curvas,Ingresar al menú Curvas,3174.0
2026-08-11T15:09:02-03:00,Curvas,Ingreso a la curva BCRA - BOPREALs - USD,942.0
2026-08-11T15:09:02-03:00,Curvas,Ingreso a la curva Brasil - Soberanos - Bonos Globales - USD,10146.0
2026-08-11T15:09:02-03:00,Curvas,Ingreso a la curva Chile - Soberanos - Bonos Globales - USD,17133.0
2026-08-11T15:09:02-03:00,Curvas,Ingreso a la curva Colombia - Soberanos - Bonos Globales - USD,16491.0
2026-08-11T15:09:02-03:00,Curvas,Ingreso a la curva Corporativos - Alimentos - USD,5625.0
2026-08-11T15:09:02-03:00,Curvas,Ingreso a la curva Estados Unidos - Soberanos - Treasury Notes/Bonds - USD,9165.0
2026-08-11T15:09:02-03:00,Curvas,Ingreso a la curva Mexico - Soberanos - Bonos Globales - USD,23342.0
2026-08-11T15:09:02-03:00,Curvas,Ingreso a la curva Paraguay - Soberanos - Bonos Globales - USD,8732.0
2026-08-11T15:09:02-03:00,Curvas,Ingreso a la curva Soberanos - Letras del Tesoro Capitalizables (LECAP) - ARS,986.0
2026-08-11T15:09:02-03:00,Curvas,Ingreso a la curva Soberanos - Ley Argentina - USD,1092.0
2026-08-11T15:09:02-03:00,Curvas,Ingreso a la curva Soberanos - Tasa Fija + CER - ARS,1398.0
2026-08-11T15:09:02-03:00,Curvas,"Ingreso a la pestaña ""BCRA""",164.0
2026-08-11T15:09:02-03:00,Curvas,"Ingreso a la pestaña ""Corporativos""",169.0
2026-08-11T15:09:02-03:00,Curvas,"Ingreso a la pestaña ""Soberanos""",1584.0
2026-08-11T15:09:02-03:00,Curvas,"Ingreso a la pestaña ""SubSoberanos""",189.0
2026-08-11T15:09:02-03:00,Graficador,Graficar la especie AL30,8707.0
2026-08-11T15:09:02-03:00,Graficador,Graficar todas las curvas,650.0
2026-08-11T15:09:02-03:00,Graficador,Ingresar al menú Graficador,3986.0
2026-08-11T15:09:02-03:00,Mis portafolios,Agregar la cuarta especie al portafolio,9480.0
2026-08-11T15:09:02-03:00,Mis portafolios,Agregar la primera especie al portafolio,8792.0
2026-08-11T15:09:02-03:00,Mis portafolios,Agregar la segunda especie al portafolio,10522.0
2026-08-11T15:09:02-03:00,Mis portafolios,Agregar la tercera especie al portafolio,9366.0
2026-08-11T15:09:02-03:00,Mis portafolios,Crear un nuevo portafolio,7052.0
2026-08-11T15:09:02-03:00,Mis portafolios,Editar el portafolio,4141.0
2026-08-11T15:09:02-03:00,Mis portafolios,Eliminar el portafolio,1140.0
2026-08-11T15:09:02-03:00,Mis portafolios,Eliminar todas las especies del portafolio,195.0
2026-08-11T15:09:02-03:00,Mis portafolios,Ingresar al menú Mis portafolios,1093.0
2026-08-11T15:09:02-03:00,Mis portafolios,Navegabilidad entre las pestañas Proyección y Agenda de pagos en el portafolio,2671.0
2026-08-11T15:09:02-03:00,Screener,Ingresar al menú Screener,3323.0
2026-08-11T15:09:02-03:00,Sensibilidad,Eliminar escenario,605.0
2026-08-11T15:09:02-03:00,Sensibilidad,Eliminar especie,214.0
2026-08-11T15:09:02-03:00,Sensibilidad,Ingresar al menú Sensibilidad,915.0
2026-08-11T15:09:02-03:00,Sensibilidad,Realizar Análisis de sensibilidad,8406.0
2026-08-12T15:09:39-03:00,Analizar,Analizar la especie  BDC28,1974.0
2026-08-12T15:09:39-03:00,Analizar,Analizar la especie AL30 ,3752.0
2026-08-12T15:09:39-03:00,Analizar,Analizar la especie MR43O,1578.0
2026-08-12T15:09:39-03:00,Analizar,Analizar la especie TX28,2474.0
2026-08-12T15:09:39-03:00,Analizar,Armado de escenarios en Análisis de Sensibilidad de la especie AL30,14595.0
2026-08-12T15:09:39-03:00,Analizar,Armado de escenarios en Análisis de Sensibilidad de la especie BDC28,15534.0
2026-08-12T15:09:39-03:00,Analizar,Armado de escenarios en Análisis de Sensibilidad de la especie MR43O,11237.0
2026-08-12T15:09:39-03:00,Analizar,Armado de escenarios en Análisis de Sensibilidad de la especie TX28,17172.0
2026-08-12T15:09:39-03:00,Analizar,Ingresar al Home,18901.0
2026-08-12T15:09:39-03:00,Analizar,Ingreso a la pestaña Condiciones de Emisión de la especie  AL30,679.0
2026-08-12T15:09:39-03:00,Analizar,Ingreso a la pestaña Condiciones de Emisión de la especie BDC28,925.0
2026-08-12T15:09:39-03:00,Analizar,Ingreso a la pestaña Condiciones de Emisión de la especie MR43O,806.0
2026-08-12T15:09:39-03:00,Analizar,Ingreso a la pestaña Condiciones de Emisión de la especie TX28,10608.0
2026-08-12T15:09:39-03:00,Analizar,Navegabilidad por los botones TIRs y Paridades Históricas de la especie AL30,5802.0
2026-08-12T15:09:39-03:00,Analizar,Navegabilidad por los botones TIRs y Paridades Históricas de la especie BDC28,8611.0
2026-08-12T15:09:39-03:00,Analizar,Navegabilidad por los botones TIRs y Paridades Históricas de la especie MR43O,2214.0
2026-08-12T15:09:39-03:00,Analizar,Navegabilidad por los botones TIRs y Paridades Históricas de la especie TX28,7962.0
2026-08-12T15:09:39-03:00,Analizar,Simular inversión de la especie AL30,2604.0
2026-08-12T15:09:39-03:00,Analizar,Simular inversión de la especie BDC28,13177.0
2026-08-12T15:09:39-03:00,Analizar,Simular inversión de la especie MR43O,3483.0
2026-08-12T15:09:39-03:00,Analizar,Simular inversión de la especie TX28,2033.0
2026-08-12T15:09:39-03:00,Analizar,Validaciones en la pestaña General de la especie MR43O,275.0
2026-08-12T15:09:39-03:00,Arbitraje,Arbitraje de las especies AL30 y TX28,11044.0
2026-08-12T15:09:39-03:00,Arbitraje,Ingresar al menú Arbitraje,833.0
2026-08-12T15:09:39-03:00,Arbitraje,"Navegabilidad entre las pestañas Paridad, Inversión y Scatter",11855.0
2026-08-12T15:09:39-03:00,Calculadora,"Editar P. Simulado, de la primera simulación",2400.0
2026-08-12T15:09:39-03:00,Calculadora,Editar la TIR de la primera simulación,1160.0
2026-08-12T15:09:39-03:00,Calculadora,Eliminar todas las simulaciones,2888.0
2026-08-12T15:09:39-03:00,Calculadora,Ingresar al menú Calculadora,3938.0
2026-08-12T15:09:39-03:00,Calculadora,Simular inversiones de la especie AL30,90541.0
2026-08-12T15:09:39-03:00,Comparar,Eliminar las especies AL30 y TX28,2375.0
2026-08-12T15:09:39-03:00,Comparar,Ingresar al menú Comparar,915.0
2026-08-12T15:09:39-03:00,Comparar,Ir a Condiciones de Emisión,1454.0
2026-08-12T15:09:39-03:00,Comparar,Navegabilidad por pestañas gráficas,12734.0
2026-08-12T15:09:39-03:00,Comparar,Realizar comparativa entre las especies AL30 y TX28,13422.0
2026-08-12T15:09:39-03:00,Curvas,Ingresar a la pestaña Internacionales,508.0
2026-08-12T15:09:39-03:00,Curvas,Ingresar al menú Curvas,4202.0
2026-08-12T15:09:39-03:00,Curvas,Ingreso a la curva BCRA - BOPREALs - USD,1002.0
2026-08-12T15:09:39-03:00,Curvas,Ingreso a la curva Brasil - Soberanos - Bonos Globales - USD,11310.0
2026-08-12T15:09:39-03:00,Curvas,Ingreso a la curva Chile - Soberanos - Bonos Globales - USD,23891.0
2026-08-12T15:09:39-03:00,Curvas,Ingreso a la curva Colombia - Soberanos - Bonos Globales - USD,27273.0
2026-08-12T15:09:39-03:00,Curvas,Ingreso a la curva Corporativos - Alimentos - USD,9227.0
2026-08-12T15:09:39-03:00,Curvas,Ingreso a la curva Estados Unidos - Soberanos - Treasury Notes/Bonds - USD,17886.0
2026-08-12T15:09:39-03:00,Curvas,Ingreso a la curva Mexico - Soberanos - Bonos Globales - USD,62069.0
2026-08-12T15:09:39-03:00,Curvas,Ingreso a la curva Paraguay - Soberanos - Bonos Globales - USD,15193.0
2026-08-12T15:09:39-03:00,Curvas,Ingreso a la curva Soberanos - Letras del Tesoro Capitalizables (LECAP) - ARS,1126.0
2026-08-12T15:09:39-03:00,Curvas,Ingreso a la curva Soberanos - Ley Argentina - USD,1133.0
2026-08-12T15:09:39-03:00,Curvas,Ingreso a la curva Soberanos - Tasa Fija + CER - ARS,1164.0
2026-08-12T15:09:39-03:00,Curvas,"Ingreso a la pestaña ""BCRA""",171.0
2026-08-12T15:09:39-03:00,Curvas,"Ingreso a la pestaña ""Corporativos""",268.0
2026-08-12T15:09:39-03:00,Curvas,"Ingreso a la pestaña ""Soberanos""",270.0
2026-08-12T15:09:39-03:00,Curvas,"Ingreso a la pestaña ""SubSoberanos""",164.0
2026-08-12T15:09:39-03:00,Graficador,Graficar la especie AL30,7869.0
2026-08-12T15:09:39-03:00,Graficador,Graficar todas las curvas,560.0
2026-08-12T15:09:39-03:00,Graficador,Ingresar al menú Graficador,3913.0
2026-08-12T15:09:39-03:00,Mis portafolios,Agregar la cuarta especie al portafolio,9751.0
2026-08-12T15:09:39-03:00,Mis portafolios,Agregar la primera especie al portafolio,8377.0
2026-08-12T15:09:39-03:00,Mis portafolios,Agregar la segunda especie al portafolio,8884.0
2026-08-12T15:09:39-03:00,Mis portafolios,Agregar la tercera especie al portafolio,9135.0
2026-08-12T15:09:39-03:00,Mis portafolios,Crear un nuevo portafolio,6981.0
2026-08-12T15:09:39-03:00,Mis portafolios,Editar el portafolio,3621.0
2026-08-12T15:09:39-03:00,Mis portafolios,Eliminar el portafolio,794.0
2026-08-12T15:09:39-03:00,Mis portafolios,Eliminar todas las especies del portafolio,222.0
2026-08-12T15:09:39-03:00,Mis portafolios,Ingresar al menú Mis portafolios,896.0
2026-08-12T15:09:39-03:00,Mis portafolios,Navegabilidad entre las pestañas Proyección y Agenda de pagos en el portafolio,2450.0
2026-08-12T15:09:39-03:00,Screener,Ingresar al menú Screener,4134.0
2026-08-12T15:09:39-03:00,Sensibilidad,Eliminar escenario,565.0
2026-08-12T15:09:39-03:00,Sensibilidad,Eliminar especie,212.0
2026-08-12T15:09:39-03:00,Sensibilidad,Ingresar al menú Sensibilidad,871.0
2026-08-12T15:09:39-03:00,Sensibilidad,Realizar Análisis de sensibilidad,7094.0
2026-08-13T15:09:45-03:00,Analizar,Analizar la especie  BDC28,3185.0
2026-08-13T15:09:45-03:00,Analizar,Analizar la especie AL30 ,3778.0
2026-08-13T15:09:45-03:00,Analizar,Analizar la especie MR43O,1570.0
2026-08-13T15:09:45-03:00,Analizar,Analizar la especie TX28,2879.0
2026-08-13T15:09:45-03:00,Analizar,Armado de escenarios en Análisis de Sensibilidad de la especie AL30,11490.0
2026-08-13T15:09:45-03:00,Analizar,Armado de escenarios en Análisis de Sensibilidad de la especie BDC28,13748.0
2026-08-13T15:09:45-03:00,Analizar,Armado de escenarios en Análisis de Sensibilidad de la especie MR43O,11566.0
2026-08-13T15:09:45-03:00,Analizar,Armado de escenarios en Análisis de Sensibilidad de la especie TX28,7888.0
2026-08-13T15:09:45-03:00,Analizar,Ingresar al Home,8047.0
2026-08-13T15:09:45-03:00,Analizar,Ingreso a la pestaña Condiciones de Emisión de la especie  AL30,628.0
2026-08-13T15:09:45-03:00,Analizar,Ingreso a la pestaña Condiciones de Emisión de la especie BDC28,1698.0
2026-08-13T15:09:45-03:00,Analizar,Ingreso a la pestaña Condiciones de Emisión de la especie MR43O,1224.0
2026-08-13T15:09:45-03:00,Analizar,Ingreso a la pestaña Condiciones de Emisión de la especie TX28,1603.0
2026-08-13T15:09:45-03:00,Analizar,Navegabilidad por los botones TIRs y Paridades Históricas de la especie AL30,14211.0
2026-08-13T15:09:45-03:00,Analizar,Navegabilidad por los botones TIRs y Paridades Históricas de la especie BDC28,8144.0
2026-08-13T15:09:45-03:00,Analizar,Navegabilidad por los botones TIRs y Paridades Históricas de la especie MR43O,3892.0
2026-08-13T15:09:45-03:00,Analizar,Navegabilidad por los botones TIRs y Paridades Históricas de la especie TX28,7810.0
2026-08-13T15:09:45-03:00,Analizar,Simular inversión de la especie AL30,2748.0
2026-08-13T15:09:45-03:00,Analizar,Simular inversión de la especie BDC28,6390.0
2026-08-13T15:09:45-03:00,Analizar,Simular inversión de la especie MR43O,4884.0
2026-08-13T15:09:45-03:00,Analizar,Simular inversión de la especie TX28,2599.0
2026-08-13T15:09:45-03:00,Analizar,Validaciones en la pestaña General de la especie MR43O,997.0
2026-08-13T15:09:45-03:00,Arbitraje,Arbitraje de las especies AL30 y TX28,11438.0
2026-08-13T15:09:45-03:00,Arbitraje,Ingresar al menú Arbitraje,923.0
2026-08-13T15:09:45-03:00,Arbitraje,"Navegabilidad entre las pestañas Paridad, Inversión y Scatter",11490.0
2026-08-13T15:09:45-03:00,Calculadora,"Editar P. Simulado, de la primera simulación",2107.0
2026-08-13T15:09:45-03:00,Calculadora,Editar la TIR de la primera simulación,1208.0
2026-08-13T15:09:45-03:00,Calculadora,Eliminar todas las simulaciones,2535.0
2026-08-13T15:09:45-03:00,Calculadora,Ingresar al menú Calculadora,3847.0
2026-08-13T15:09:45-03:00,Calculadora,Simular inversiones de la especie AL30,91329.0
2026-08-13T15:09:45-03:00,Comparar,Eliminar las especies AL30 y TX28,4900.0
2026-08-13T15:09:45-03:00,Comparar,Ingresar al menú Comparar,985.0
2026-08-13T15:09:45-03:00,Comparar,Ir a Condiciones de Emisión,1611.0
2026-08-13T15:09:45-03:00,Comparar,Navegabilidad por pestañas gráficas,10716.0
2026-08-13T15:09:45-03:00,Comparar,Realizar comparativa entre las especies AL30 y TX28,13121.0
2026-08-13T15:09:45-03:00,Curvas,Ingresar a la pestaña Internacionales,520.0
2026-08-13T15:09:45-03:00,Curvas,Ingresar al menú Curvas,4586.0
2026-08-13T15:09:45-03:00,Curvas,Ingreso a la curva BCRA - BOPREALs - USD,1078.0
2026-08-13T15:09:45-03:00,Curvas,Ingreso a la curva Brasil - Soberanos - Bonos Globales - USD,10611.0
2026-08-13T15:09:45-03:00,Curvas,Ingreso a la curva Chile - Soberanos - Bonos Globales - USD,10060.0
2026-08-13T15:09:45-03:00,Curvas,Ingreso a la curva Colombia - Soberanos - Bonos Globales - USD,30803.0
2026-08-13T15:09:45-03:00,Curvas,Ingreso a la curva Corporativos - Alimentos - USD,4329.0
2026-08-13T15:09:45-03:00,Curvas,Ingreso a la curva Estados Unidos - Soberanos - Treasury Notes/Bonds - USD,11484.0
2026-08-13T15:09:45-03:00,Curvas,Ingreso a la curva Mexico - Soberanos - Bonos Globales - USD,48980.0
2026-08-13T15:09:45-03:00,Curvas,Ingreso a la curva Paraguay - Soberanos - Bonos Globales - USD,12095.0
2026-08-13T15:09:45-03:00,Curvas,Ingreso a la curva Soberanos - Letras del Tesoro Capitalizables (LECAP) - ARS,1228.0
2026-08-13T15:09:45-03:00,Curvas,Ingreso a la curva Soberanos - Ley Argentina - USD,1284.0
2026-08-13T15:09:45-03:00,Curvas,Ingreso a la curva Soberanos - Tasa Fija + CER - ARS,1198.0
2026-08-13T15:09:45-03:00,Curvas,"Ingreso a la pestaña ""BCRA""",196.0
2026-08-13T15:09:45-03:00,Curvas,"Ingreso a la pestaña ""Corporativos""",266.0
2026-08-13T15:09:45-03:00,Curvas,"Ingreso a la pestaña ""Soberanos""",272.0
2026-08-13T15:09:45-03:00,Curvas,"Ingreso a la pestaña ""SubSoberanos""",199.0
2026-08-13T15:09:45-03:00,Graficador,Graficar la especie AL30,8050.0
2026-08-13T15:09:45-03:00,Graficador,Graficar todas las curvas,556.0
2026-08-13T15:09:45-03:00,Graficador,Ingresar al menú Graficador,4275.0
2026-08-13T15:09:45-03:00,Mis portafolios,Agregar la cuarta especie al portafolio,9459.0
2026-08-13T15:09:45-03:00,Mis portafolios,Agregar la primera especie al portafolio,8166.0
2026-08-13T15:09:45-03:00,Mis portafolios,Agregar la segunda especie al portafolio,8198.0
2026-08-13T15:09:45-03:00,Mis portafolios,Agregar la tercera especie al portafolio,8511.0
2026-08-13T15:09:45-03:00,Mis portafolios,Crear un nuevo portafolio,6589.0
2026-08-13T15:09:45-03:00,Mis portafolios,Editar el portafolio,3756.0
2026-08-13T15:09:45-03:00,Mis portafolios,Eliminar el portafolio,830.0
2026-08-13T15:09:45-03:00,Mis portafolios,Eliminar todas las especies del portafolio,217.0
2026-08-13T15:09:45-03:00,Mis portafolios,Ingresar al menú Mis portafolios,985.0
2026-08-13T15:09:45-03:00,Mis portafolios,Navegabilidad entre las pestañas Proyección y Agenda de pagos en el portafolio,2597.0
2026-08-13T15:09:45-03:00,Screener,Ingresar al menú Screener,3991.0
2026-08-13T15:09:45-03:00,Sensibilidad,Eliminar escenario,508.0
2026-08-13T15:09:45-03:00,Sensibilidad,Eliminar especie,217.0
2026-08-13T15:09:45-03:00,Sensibilidad,Ingresar al menú Sensibilidad,1473.0
2026-08-13T15:09:45-03:00,Sensibilidad,Realizar Análisis de sensibilidad,8631.0
2026-08-14T15:00:34-03:00,Analizar,Analizar la especie  BDC28,1927.0
2026-08-14T15:00:34-03:00,Analizar,Analizar la especie AL30 ,3120.0
2026-08-14T15:00:34-03:00,Analizar,Analizar la especie MR43O,1342.0
2026-08-14T15:00:34-03:00,Analizar,Analizar la especie TX28,14428.0
2026-08-14T15:00:34-03:00,Analizar,Armado de escenarios en Análisis de Sensibilidad de la especie AL30,10898.0
2026-08-14T15:00:34-03:00,Analizar,Armado de escenarios en Análisis de Sensibilidad de la especie BDC28,14569.0
2026-08-14T15:00:34-03:00,Analizar,Armado de escenarios en Análisis de Sensibilidad de la especie MR43O,10108.0
2026-08-14T15:00:34-03:00,Analizar,Armado de escenarios en Análisis de Sensibilidad de la especie TX28,8927.0
2026-08-14T15:00:34-03:00,Analizar,Ingresar al Home,17099.0
2026-08-14T15:00:34-03:00,Analizar,Ingreso a la pestaña Condiciones de Emisión de la especie  AL30,666.0
2026-08-14T15:00:34-03:00,Analizar,Ingreso a la pestaña Condiciones de Emisión de la especie BDC28,740.0
2026-08-14T15:00:34-03:00,Analizar,Ingreso a la pestaña Condiciones de Emisión de la especie MR43O,682.0
2026-08-14T15:00:34-03:00,Analizar,Ingreso a la pestaña Condiciones de Emisión de la especie TX28,10121.0
2026-08-14T15:00:34-03:00,Analizar,Navegabilidad por los botones TIRs y Paridades Históricas de la especie AL30,5188.0
2026-08-14T15:00:34-03:00,Analizar,Navegabilidad por los botones TIRs y Paridades Históricas de la especie BDC28,6122.0
2026-08-14T15:00:34-03:00,Analizar,Navegabilidad por los botones TIRs y Paridades Históricas de la especie MR43O,2197.0
2026-08-14T15:00:34-03:00,Analizar,Navegabilidad por los botones TIRs y Paridades Históricas de la especie TX28,4084.0
2026-08-14T15:00:34-03:00,Analizar,Simular inversión de la especie AL30,2473.0
2026-08-14T15:00:34-03:00,Analizar,Simular inversión de la especie BDC28,25513.0
2026-08-14T15:00:34-03:00,Analizar,Simular inversión de la especie MR43O,4675.0
2026-08-14T15:00:34-03:00,Analizar,Simular inversión de la especie TX28,2222.0
2026-08-14T15:00:34-03:00,Analizar,Validaciones en la pestaña General de la especie MR43O,1065.0
2026-08-14T15:00:34-03:00,Arbitraje,Arbitraje de las especies AL30 y TX28,9193.0
2026-08-14T15:00:34-03:00,Arbitraje,Ingresar al menú Arbitraje,2828.0
2026-08-14T15:00:34-03:00,Arbitraje,"Navegabilidad entre las pestañas Paridad, Inversión y Scatter",14327.0
2026-08-14T15:00:34-03:00,Calculadora,"Editar P. Simulado, de la primera simulación",2157.0
2026-08-14T15:00:34-03:00,Calculadora,Editar la TIR de la primera simulación,1667.0
2026-08-14T15:00:34-03:00,Calculadora,Eliminar todas las simulaciones,1699.0
2026-08-14T15:00:34-03:00,Calculadora,Ingresar al menú Calculadora,2948.0
2026-08-14T15:00:34-03:00,Calculadora,Simular inversiones de la especie AL30,70807.0
2026-08-14T15:00:34-03:00,Comparar,Eliminar las especies AL30 y TX28,2392.0
2026-08-14T15:00:34-03:00,Comparar,Ingresar al menú Comparar,794.0
2026-08-14T15:00:34-03:00,Comparar,Ir a Condiciones de Emisión,1682.0
2026-08-14T15:00:34-03:00,Comparar,Navegabilidad por pestañas gráficas,10119.0
2026-08-14T15:00:34-03:00,Comparar,Realizar comparativa entre las especies AL30 y TX28,14117.0
2026-08-14T15:00:34-03:00,Curvas,Ingresar a la pestaña Internacionales,380.0
2026-08-14T15:00:34-03:00,Curvas,Ingresar al menú Curvas,2328.0
2026-08-14T15:00:34-03:00,Curvas,Ingreso a la curva BCRA - BOPREALs - USD,715.0
2026-08-14T15:00:34-03:00,Curvas,Ingreso a la curva Brasil - Soberanos - Bonos Globales - USD,3533.0
2026-08-14T15:00:34-03:00,Curvas,Ingreso a la curva Chile - Soberanos - Bonos Globales - USD,9443.0
2026-08-14T15:00:34-03:00,Curvas,Ingreso a la curva Colombia - Soberanos - Bonos Globales - USD,11909.0
2026-08-14T15:00:34-03:00,Curvas,Ingreso a la curva Corporativos - Alimentos - USD,11405.0
2026-08-14T15:00:34-03:00,Curvas,Ingreso a la curva Estados Unidos - Soberanos - Treasury Notes/Bonds - USD,5810.0
2026-08-14T15:00:34-03:00,Curvas,Ingreso a la curva Mexico - Soberanos - Bonos Globales - USD,19653.0
2026-08-14T15:00:34-03:00,Curvas,Ingreso a la curva Paraguay - Soberanos - Bonos Globales - USD,6188.0
2026-08-14T15:00:34-03:00,Curvas,Ingreso a la curva Soberanos - Letras del Tesoro Capitalizables (LECAP) - ARS,749.0
2026-08-14T15:00:34-03:00,Curvas,Ingreso a la curva Soberanos - Ley Argentina - USD,848.0
2026-08-14T15:00:34-03:00,Curvas,Ingreso a la curva Soberanos - Tasa Fija + CER - ARS,913.0
2026-08-14T15:00:34-03:00,Curvas,"Ingreso a la pestaña ""BCRA""",147.0
2026-08-14T15:00:34-03:00,Curvas,"Ingreso a la pestaña ""Corporativos""",150.0
2026-08-14T15:00:34-03:00,Curvas,"Ingreso a la pestaña ""Soberanos""",1826.0
2026-08-14T15:00:34-03:00,Curvas,"Ingreso a la pestaña ""SubSoberanos""",161.0
2026-08-14T15:00:34-03:00,Graficador,Graficar la especie AL30,5022.0
2026-08-14T15:00:34-03:00,Graficador,Graficar todas las curvas,429.0
2026-08-14T15:00:34-03:00,Graficador,Ingresar al menú Graficador,2961.0
2026-08-14T15:00:34-03:00,Mis portafolios,Agregar la cuarta especie al portafolio,7432.0
2026-08-14T15:00:34-03:00,Mis portafolios,Agregar la primera especie al portafolio,6115.0
2026-08-14T15:00:34-03:00,Mis portafolios,Agregar la segunda especie al portafolio,6694.0
2026-08-14T15:00:34-03:00,Mis portafolios,Agregar la tercera especie al portafolio,7977.0
2026-08-14T15:00:34-03:00,Mis portafolios,Crear un nuevo portafolio,4870.0
2026-08-14T15:00:34-03:00,Mis portafolios,Editar el portafolio,4909.0
2026-08-14T15:00:34-03:00,Mis portafolios,Eliminar el portafolio,1806.0
2026-08-14T15:00:34-03:00,Mis portafolios,Eliminar todas las especies del portafolio,183.0
2026-08-14T15:00:34-03:00,Mis portafolios,Ingresar al menú Mis portafolios,774.0
2026-08-14T15:00:34-03:00,Mis portafolios,Navegabilidad entre las pestañas Proyección y Agenda de pagos en el portafolio,2283.0
2026-08-14T15:00:34-03:00,Screener,Ingresar al menú Screener,2610.0
2026-08-14T15:00:34-03:00,Sensibilidad,Eliminar escenario,472.0
2026-08-14T15:00:34-03:00,Sensibilidad,Eliminar especie,180.0
2026-08-14T15:00:34-03:00,Sensibilidad,Ingresar al menú Sensibilidad,735.0
2026-08-14T15:00:34-03:00,Sensibilidad,Realizar Análisis de sensibilidad,6800.0
2026-08-18T14:38:11-03:00,Analizar,Analizar la especie  BDC28,2258.0
2026-08-18T14:38:11-03:00,Analizar,Analizar la especie AL30 ,3227.0
2026-08-18T14:38:11-03:00,Analizar,Analizar la especie MR43O,1665.0
2026-08-18T14:38:11-03:00,Analizar,Analizar la especie TX28,2052.0
2026-08-18T14:38:11-03:00,Analizar,Armado de escenarios en Análisis de Sensibilidad de la especie AL30,11161.0
2026-08-18T14:38:11-03:00,Analizar,Armado de escenarios en Análisis de Sensibilidad de la especie BDC28,15011.0
2026-08-18T14:38:11-03:00,Analizar,Armado de escenarios en Análisis de Sensibilidad de la especie MR43O,9675.0
2026-08-18T14:38:11-03:00,Analizar,Armado de escenarios en Análisis de Sensibilidad de la especie TX28,9984.0
2026-08-18T14:38:11-03:00,Analizar,Ingresar al Home,7970.0
2026-08-18T14:38:11-03:00,Analizar,Ingreso a la pestaña Condiciones de Emisión de la especie  AL30,651.0
2026-08-18T14:38:11-03:00,Analizar,Ingreso a la pestaña Condiciones de Emisión de la especie BDC28,860.0
2026-08-18T14:38:11-03:00,Analizar,Ingreso a la pestaña Condiciones de Emisión de la especie MR43O,857.0
2026-08-18T14:38:11-03:00,Analizar,Ingreso a la pestaña Condiciones de Emisión de la especie TX28,1002.0
2026-08-18T14:38:11-03:00,Analizar,Navegabilidad por los botones TIRs y Paridades Históricas de la especie AL30,18653.0
2026-08-18T14:38:11-03:00,Analizar,Navegabilidad por los botones TIRs y Paridades Históricas de la especie BDC28,5332.0
2026-08-18T14:38:11-03:00,Analizar,Navegabilidad por los botones TIRs y Paridades Históricas de la especie MR43O,8662.0
2026-08-18T14:38:11-03:00,Analizar,Navegabilidad por los botones TIRs y Paridades Históricas de la especie TX28,5357.0
2026-08-18T14:38:11-03:00,Analizar,Simular inversión de la especie AL30,2659.0
2026-08-18T14:38:11-03:00,Analizar,Simular inversión de la especie BDC28,9157.0
2026-08-18T14:38:11-03:00,Analizar,Simular inversión de la especie MR43O,3773.0
2026-08-18T14:38:11-03:00,Analizar,Simular inversión de la especie TX28,2483.0
2026-08-18T14:38:11-03:00,Analizar,Validaciones en la pestaña General de la especie MR43O,1033.0
2026-08-18T14:38:11-03:00,Arbitraje,Arbitraje de las especies AL30 y TX28,10977.0
2026-08-18T14:38:11-03:00,Arbitraje,Ingresar al menú Arbitraje,766.0
2026-08-18T14:38:11-03:00,Arbitraje,"Navegabilidad entre las pestañas Paridad, Inversión y Scatter",10929.0
2026-08-18T14:38:11-03:00,Calculadora,"Editar P. Simulado, de la primera simulación",2584.0
2026-08-18T14:38:11-03:00,Calculadora,Editar la TIR de la primera simulación,1100.0
2026-08-18T14:38:11-03:00,Calculadora,Eliminar todas las simulaciones,2758.0
2026-08-18T14:38:11-03:00,Calculadora,Ingresar al menú Calculadora,3761.0
2026-08-18T14:38:11-03:00,Calculadora,Simular inversiones de la especie AL30,88208.0
2026-08-18T14:38:11-03:00,Comparar,Eliminar las especies AL30 y TX28,10025.0
2026-08-18T14:38:11-03:00,Comparar,Ingresar al menú Comparar,957.0
2026-08-18T14:38:11-03:00,Comparar,Ir a Condiciones de Emisión,2581.0
2026-08-18T14:38:11-03:00,Comparar,Navegabilidad por pestañas gráficas,8504.0
2026-08-18T14:38:11-03:00,Comparar,Realizar comparativa entre las especies AL30 y TX28,14278.0
2026-08-18T14:38:11-03:00,Curvas,Ingresar a la pestaña Internacionales,454.0
2026-08-18T14:38:11-03:00,Curvas,Ingresar al menú Curvas,4460.0
2026-08-18T14:38:11-03:00,Curvas,Ingreso a la curva BCRA - BOPREALs - USD,1023.0
2026-08-18T14:38:11-03:00,Curvas,Ingreso a la curva Brasil - Soberanos - Bonos Globales - USD,4333.0
2026-08-18T14:38:11-03:00,Curvas,Ingreso a la curva Chile - Soberanos - Bonos Globales - USD,10268.0
2026-08-18T14:38:11-03:00,Curvas,Ingreso a la curva Colombia - Soberanos - Bonos Globales - USD,13724.0
2026-08-18T14:38:11-03:00,Curvas,Ingreso a la curva Corporativos - Alimentos - USD,10224.0
2026-08-18T14:38:11-03:00,Curvas,Ingreso a la curva Estados Unidos - Soberanos - Treasury Notes/Bonds - USD,3795.0
2026-08-18T14:38:11-03:00,Curvas,Ingreso a la curva Mexico - Soberanos - Bonos Globales - USD,22033.0
2026-08-18T14:38:11-03:00,Curvas,Ingreso a la curva Paraguay - Soberanos - Bonos Globales - USD,7019.0
2026-08-18T14:38:11-03:00,Curvas,Ingreso a la curva Soberanos - Letras del Tesoro Capitalizables (LECAP) - ARS,1159.0
2026-08-18T14:38:11-03:00,Curvas,Ingreso a la curva Soberanos - Ley Argentina - USD,997.0
2026-08-18T14:38:11-03:00,Curvas,Ingreso a la curva Soberanos - Tasa Fija + CER - ARS,1135.0
2026-08-18T14:38:11-03:00,Curvas,"Ingreso a la pestaña ""BCRA""",182.0
2026-08-18T14:38:11-03:00,Curvas,"Ingreso a la pestaña ""Corporativos""",261.0
2026-08-18T14:38:11-03:00,Curvas,"Ingreso a la pestaña ""Soberanos""",230.0
2026-08-18T14:38:11-03:00,Curvas,"Ingreso a la pestaña ""SubSoberanos""",172.0
2026-08-18T14:38:11-03:00,Graficador,Graficar la especie AL30,7686.0
2026-08-18T14:38:11-03:00,Graficador,Graficar todas las curvas,514.0
2026-08-18T14:38:11-03:00,Graficador,Ingresar al menú Graficador,3753.0
2026-08-18T14:38:11-03:00,Mis portafolios,Agregar la cuarta especie al portafolio,13163.0
2026-08-18T14:38:11-03:00,Mis portafolios,Agregar la primera especie al portafolio,11674.0
2026-08-18T14:38:11-03:00,Mis portafolios,Agregar la segunda especie al portafolio,8826.0
2026-08-18T14:38:11-03:00,Mis portafolios,Agregar la tercera especie al portafolio,8873.0
2026-08-18T14:38:11-03:00,Mis portafolios,Crear un nuevo portafolio,5236.0
2026-08-18T14:38:11-03:00,Mis portafolios,Editar el portafolio,4987.0
2026-08-18T14:38:11-03:00,Mis portafolios,Eliminar el portafolio,6866.0
2026-08-18T14:38:11-03:00,Mis portafolios,Eliminar todas las especies del portafolio,216.0
2026-08-18T14:38:11-03:00,Mis portafolios,Ingresar al menú Mis portafolios,872.0
2026-08-18T14:38:11-03:00,Mis portafolios,Navegabilidad entre las pestañas Proyección y Agenda de pagos en el portafolio,19362.0
2026-08-18T14:38:11-03:00,Screener,Ingresar al menú Screener,3843.0
2026-08-18T14:38:11-03:00,Sensibilidad,Eliminar escenario,511.0
2026-08-18T14:38:11-03:00,Sensibilidad,Eliminar especie,213.0
2026-08-18T14:38:11-03:00,Sensibilidad,Ingresar al menú Sensibilidad,846.0
2026-08-18T14:38:11-03:00,Sensibilidad,Realizar Análisis de sensibilidad,7790.0
2026-08-19T14:38:21-03:00,Analizar,Analizar la especie  BDC28,2840.0
2026-08-19T14:38:21-03:00,Analizar,Analizar la especie AL30 ,3083.0
2026-08-19T14:38:21-03:00,Analizar,Analizar la especie MR43O,1597.0
2026-08-19T14:38:21-03:00,Analizar,Analizar la especie TX28,2729.0
2026-08-19T14:38:21-03:00,Analizar,Armado de escenarios en Análisis de Sensibilidad de la especie AL30,14275.0
2026-08-19T14:38:21-03:00,Analizar,Armado de escenarios en Análisis de Sensibilidad de la especie BDC28,13831.0
2026-08-19T14:38:21-03:00,Analizar,Armado de escenarios en Análisis de Sensibilidad de la especie MR43O,12167.0
2026-08-19T14:38:21-03:00,Analizar,Armado de escenarios en Análisis de Sensibilidad de la especie TX28,8574.0
2026-08-19T14:38:21-03:00,Analizar,Ingresar al Home,6615.0
2026-08-19T14:38:21-03:00,Analizar,Ingreso a la pestaña Condiciones de Emisión de la especie  AL30,1533.0
2026-08-19T14:38:21-03:00,Analizar,Ingreso a la pestaña Condiciones de Emisión de la especie BDC28,1858.0
2026-08-19T14:38:21-03:00,Analizar,Ingreso a la pestaña Condiciones de Emisión de la especie MR43O,1221.0
2026-08-19T14:38:21-03:00,Analizar,Ingreso a la pestaña Condiciones de Emisión de la especie TX28,1806.0
2026-08-19T14:38:21-03:00,Analizar,Navegabilidad por los botones TIRs y Paridades Históricas de la especie AL30,8287.0
2026-08-19T14:38:21-03:00,Analizar,Navegabilidad por los botones TIRs y Paridades Históricas de la especie BDC28,4774.0
2026-08-19T14:38:21-03:00,Analizar,Navegabilidad por los botones TIRs y Paridades Históricas de la especie MR43O,2359.0
2026-08-19T14:38:21-03:00,Analizar,Navegabilidad por los botones TIRs y Paridades Históricas de la especie TX28,4152.0
2026-08-19T14:38:21-03:00,Analizar,Simular inversión de la especie AL30,2799.0
2026-08-19T14:38:21-03:00,Analizar,Simular inversión de la especie BDC28,10010.0
2026-08-19T14:38:21-03:00,Analizar,Simular inversión de la especie MR43O,6232.0
2026-08-19T14:38:21-03:00,Analizar,Simular inversión de la especie TX28,3041.0
2026-08-19T14:38:21-03:00,Analizar,Validaciones en la pestaña General de la especie MR43O,2783.0
2026-08-19T14:38:21-03:00,Arbitraje,Arbitraje de las especies AL30 y TX28,11418.0
2026-08-19T14:38:21-03:00,Arbitraje,Ingresar al menú Arbitraje,822.0
2026-08-19T14:38:21-03:00,Arbitraje,"Navegabilidad entre las pestañas Paridad, Inversión y Scatter",10721.0
2026-08-19T14:38:21-03:00,Calculadora,"Editar P. Simulado, de la primera simulación",2181.0
2026-08-19T14:38:21-03:00,Calculadora,Editar la TIR de la primera simulación,868.0
2026-08-19T14:38:21-03:00,Calculadora,Eliminar todas las simulaciones,2149.0
2026-08-19T14:38:21-03:00,Calculadora,Ingresar al menú Calculadora,3426.0
2026-08-19T14:38:21-03:00,Calculadora,Simular inversiones de la especie AL30,73010.0
2026-08-19T14:38:21-03:00,Comparar,Eliminar las especies AL30 y TX28,2709.0
2026-08-19T14:38:21-03:00,Comparar,Ingresar al menú Comparar,796.0
2026-08-19T14:38:21-03:00,Comparar,Ir a Condiciones de Emisión,2077.0
2026-08-19T14:38:21-03:00,Comparar,Navegabilidad por pestañas gráficas,8195.0
2026-08-19T14:38:21-03:00,Comparar,Realizar comparativa entre las especies AL30 y TX28,19026.0
2026-08-19T14:38:21-03:00,Curvas,Ingresar a la pestaña Internacionales,419.0
2026-08-19T14:38:21-03:00,Curvas,Ingresar al menú Curvas,3862.0
2026-08-19T14:38:21-03:00,Curvas,Ingreso a la curva BCRA - BOPREALs - USD,9408.0
2026-08-19T14:38:21-03:00,Curvas,Ingreso a la curva Brasil - Soberanos - Bonos Globales - USD,55200.0
2026-08-19T14:38:21-03:00,Curvas,Ingreso a la curva Chile - Soberanos - Bonos Globales - USD,40055.0
2026-08-19T14:38:21-03:00,Curvas,Ingreso a la curva Colombia - Soberanos - Bonos Globales - USD,16084.0
2026-08-19T14:38:21-03:00,Curvas,Ingreso a la curva Corporativos - Alimentos - USD,21991.0
2026-08-19T14:38:21-03:00,Curvas,Ingreso a la curva Estados Unidos - Soberanos - Treasury Notes/Bonds - USD,6673.0
2026-08-19T14:38:21-03:00,Curvas,Ingreso a la curva Mexico - Soberanos - Bonos Globales - USD,63602.0
2026-08-19T14:38:21-03:00,Curvas,Ingreso a la curva Paraguay - Soberanos - Bonos Globales - USD,14378.0
2026-08-19T14:38:21-03:00,Curvas,Ingreso a la curva Soberanos - Letras del Tesoro Capitalizables (LECAP) - ARS,18640.0
2026-08-19T14:38:21-03:00,Curvas,Ingreso a la curva Soberanos - Ley Argentina - USD,1997.0
2026-08-19T14:38:21-03:00,Curvas,Ingreso a la curva Soberanos - Tasa Fija + CER - ARS,8014.0
2026-08-19T14:38:21-03:00,Curvas,"Ingreso a la pestaña ""BCRA""",156.0
2026-08-19T14:38:21-03:00,Curvas,"Ingreso a la pestaña ""Corporativos""",153.0
2026-08-19T14:38:21-03:00,Curvas,"Ingreso a la pestaña ""Soberanos""",210.0
2026-08-19T14:38:21-03:00,Curvas,"Ingreso a la pestaña ""SubSoberanos""",150.0
2026-08-19T14:38:21-03:00,Graficador,Graficar la especie AL30,8142.0
2026-08-19T14:38:21-03:00,Graficador,Graficar todas las curvas,433.0
2026-08-19T14:38:21-03:00,Graficador,Ingresar al menú Graficador,3316.0
2026-08-19T14:38:21-03:00,Mis portafolios,Agregar la cuarta especie al portafolio,7948.0
2026-08-19T14:38:21-03:00,Mis portafolios,Agregar la primera especie al portafolio,7042.0
2026-08-19T14:38:21-03:00,Mis portafolios,Agregar la segunda especie al portafolio,7600.0
2026-08-19T14:38:21-03:00,Mis portafolios,Agregar la tercera especie al portafolio,7789.0
2026-08-19T14:38:21-03:00,Mis portafolios,Crear un nuevo portafolio,5227.0
2026-08-19T14:38:21-03:00,Mis portafolios,Editar el portafolio,4613.0
2026-08-19T14:38:21-03:00,Mis portafolios,Eliminar el portafolio,884.0
2026-08-19T14:38:21-03:00,Mis portafolios,Eliminar todas las especies del portafolio,190.0
2026-08-19T14:38:21-03:00,Mis portafolios,Ingresar al menú Mis portafolios,861.0
2026-08-19T14:38:21-03:00,Mis portafolios,Navegabilidad entre las pestañas Proyección y Agenda de pagos en el portafolio,2964.0
2026-08-19T14:38:21-03:00,Screener,Ingresar al menú Screener,3130.0
2026-08-19T14:38:21-03:00,Sensibilidad,Eliminar escenario,478.0
2026-08-19T14:38:21-03:00,Sensibilidad,Eliminar especie,216.0
2026-08-19T14:38:21-03:00,Sensibilidad,Ingresar al menú Sensibilidad,767.0
2026-08-19T14:38:21-03:00,Sensibilidad,Realizar Análisis de sensibilidad,6869.0
2026-08-20T14:39:58-03:00,Analizar,Analizar la especie  BDC28,3128.0
2026-08-20T14:39:58-03:00,Analizar,Analizar la especie AL30 ,3751.0
2026-08-20T14:39:58-03:00,Analizar,Analizar la especie MR43O,1589.0
2026-08-20T14:39:58-03:00,Analizar,Analizar la especie TX28,2516.0
2026-08-20T14:39:58-03:00,Analizar,Armado de escenarios en Análisis de Sensibilidad de la especie AL30,11809.0
2026-08-20T14:39:58-03:00,Analizar,Armado de escenarios en Análisis de Sensibilidad de la especie BDC28,17699.0
2026-08-20T14:39:58-03:00,Analizar,Armado de escenarios en Análisis de Sensibilidad de la especie MR43O,13335.0
2026-08-20T14:39:58-03:00,Analizar,Armado de escenarios en Análisis de Sensibilidad de la especie TX28,9272.0
2026-08-20T14:39:58-03:00,Analizar,Ingresar al Home,7463.0
2026-08-20T14:39:58-03:00,Analizar,Ingreso a la pestaña Condiciones de Emisión de la especie  AL30,955.0
2026-08-20T14:39:58-03:00,Analizar,Ingreso a la pestaña Condiciones de Emisión de la especie BDC28,1916.0
2026-08-20T14:39:58-03:00,Analizar,Ingreso a la pestaña Condiciones de Emisión de la especie MR43O,1530.0
2026-08-20T14:39:58-03:00,Analizar,Ingreso a la pestaña Condiciones de Emisión de la especie TX28,1696.0
2026-08-20T14:39:58-03:00,Analizar,Navegabilidad por los botones TIRs y Paridades Históricas de la especie AL30,32201.0
2026-08-20T14:39:58-03:00,Analizar,Navegabilidad por los botones TIRs y Paridades Históricas de la especie BDC28,26360.0
2026-08-20T14:39:58-03:00,Analizar,Navegabilidad por los botones TIRs y Paridades Históricas de la especie MR43O,3774.0
2026-08-20T14:39:58-03:00,Analizar,Navegabilidad por los botones TIRs y Paridades Históricas de la especie TX28,4774.0
2026-08-20T14:39:58-03:00,Analizar,Simular inversión de la especie AL30,3436.0
2026-08-20T14:39:58-03:00,Analizar,Simular inversión de la especie BDC28,15847.0
2026-08-20T14:39:58-03:00,Analizar,Simular inversión de la especie MR43O,8310.0
2026-08-20T14:39:58-03:00,Analizar,Simular inversión de la especie TX28,3501.0
2026-08-20T14:39:58-03:00,Analizar,Validaciones en la pestaña General de la especie MR43O,1249.0
2026-08-20T14:39:58-03:00,Arbitraje,Arbitraje de las especies AL30 y TX28,18044.0
2026-08-20T14:39:58-03:00,Arbitraje,Ingresar al menú Arbitraje,869.0
2026-08-20T14:39:58-03:00,Arbitraje,"Navegabilidad entre las pestañas Paridad, Inversión y Scatter",12293.0
2026-08-20T14:39:58-03:00,Calculadora,"Editar P. Simulado, de la primera simulación",2881.0
2026-08-20T14:39:58-03:00,Calculadora,Editar la TIR de la primera simulación,1399.0
2026-08-20T14:39:58-03:00,Calculadora,Eliminar todas las simulaciones,2534.0
2026-08-20T14:39:58-03:00,Calculadora,Ingresar al menú Calculadora,4505.0
2026-08-20T14:39:58-03:00,Calculadora,Simular inversiones de la especie AL30,87390.0
2026-08-20T14:39:58-03:00,Comparar,Eliminar las especies AL30 y TX28,3015.0
2026-08-20T14:39:58-03:00,Comparar,Ingresar al menú Comparar,878.0
2026-08-20T14:39:58-03:00,Comparar,Ir a Condiciones de Emisión,1867.0
2026-08-20T14:39:58-03:00,Comparar,Navegabilidad por pestañas gráficas,9981.0
2026-08-20T14:39:58-03:00,Comparar,Realizar comparativa entre las especies AL30 y TX28,12046.0
2026-08-20T14:39:58-03:00,Curvas,Ingresar a la pestaña Internacionales,477.0
2026-08-20T14:39:58-03:00,Curvas,Ingresar al menú Curvas,4534.0
2026-08-20T14:39:58-03:00,Curvas,Ingreso a la curva BCRA - BOPREALs - USD,1165.0
2026-08-20T14:39:58-03:00,Curvas,Ingreso a la curva Brasil - Soberanos - Bonos Globales - USD,10534.0
2026-08-20T14:39:58-03:00,Curvas,Ingreso a la curva Chile - Soberanos - Bonos Globales - USD,17757.0
2026-08-20T14:39:58-03:00,Curvas,Ingreso a la curva Colombia - Soberanos - Bonos Globales - USD,21046.0
2026-08-20T14:39:58-03:00,Curvas,Ingreso a la curva Corporativos - Alimentos - USD,21240.0
2026-08-20T14:39:58-03:00,Curvas,Ingreso a la curva Estados Unidos - Soberanos - Treasury Notes/Bonds - USD,7125.0
2026-08-20T14:39:58-03:00,Curvas,Ingreso a la curva Mexico - Soberanos - Bonos Globales - USD,36810.0
2026-08-20T14:39:58-03:00,Curvas,Ingreso a la curva Paraguay - Soberanos - Bonos Globales - USD,7530.0
2026-08-20T14:39:58-03:00,Curvas,Ingreso a la curva Soberanos - Letras del Tesoro Capitalizables (LECAP) - ARS,1148.0
2026-08-20T14:39:58-03:00,Curvas,Ingreso a la curva Soberanos - Ley Argentina - USD,951.0
2026-08-20T14:39:58-03:00,Curvas,Ingreso a la curva Soberanos - Tasa Fija + CER - ARS,1260.0
2026-08-20T14:39:58-03:00,Curvas,"Ingreso a la pestaña ""BCRA""",195.0
2026-08-20T14:39:58-03:00,Curvas,"Ingreso a la pestaña ""Corporativos""",183.0
2026-08-20T14:39:58-03:00,Curvas,"Ingreso a la pestaña ""Soberanos""",218.0
2026-08-20T14:39:58-03:00,Curvas,"Ingreso a la pestaña ""SubSoberanos""",167.0
2026-08-20T14:39:58-03:00,Graficador,Graficar la especie AL30,7920.0
2026-08-20T14:39:58-03:00,Graficador,Graficar todas las curvas,559.0
2026-08-20T14:39:58-03:00,Graficador,Ingresar al menú Graficador,3770.0
2026-08-20T14:39:58-03:00,Mis portafolios,Agregar la cuarta especie al portafolio,20859.0
2026-08-20T14:39:58-03:00,Mis portafolios,Agregar la primera especie al portafolio,10481.0
2026-08-20T14:39:58-03:00,Mis portafolios,Agregar la segunda especie al portafolio,9780.0
2026-08-20T14:39:58-03:00,Mis portafolios,Agregar la tercera especie al portafolio,9070.0
2026-08-20T14:39:58-03:00,Mis portafolios,Crear un nuevo portafolio,6267.0
2026-08-20T14:39:58-03:00,Mis portafolios,Editar el portafolio,10200.0
2026-08-20T14:39:58-03:00,Mis portafolios,Eliminar el portafolio,3892.0
2026-08-20T14:39:58-03:00,Mis portafolios,Eliminar todas las especies del portafolio,265.0
2026-08-20T14:39:58-03:00,Mis portafolios,Ingresar al menú Mis portafolios,898.0
2026-08-20T14:39:58-03:00,Mis portafolios,Navegabilidad entre las pestañas Proyección y Agenda de pagos en el portafolio,3376.0
2026-08-20T14:39:58-03:00,Screener,Ingresar al menú Screener,4065.0
2026-08-20T14:39:58-03:00,Sensibilidad,Eliminar escenario,639.0
2026-08-20T14:39:58-03:00,Sensibilidad,Eliminar especie,277.0
2026-08-20T14:39:58-03:00,Sensibilidad,Ingresar al menú Sensibilidad,951.0
2026-08-20T14:39:58-03:00,Sensibilidad,Realizar Análisis de sensibilidad,8550.0
2026-08-21T14:38:03-03:00,Analizar,Analizar la especie  BDC28,3013.0
2026-08-21T14:38:03-03:00,Analizar,Analizar la especie AL30 ,3552.0
2026-08-21T14:38:03-03:00,Analizar,Analizar la especie MR43O,1398.0
2026-08-21T14:38:03-03:00,Analizar,Analizar la especie TX28,2963.0
2026-08-21T14:38:03-03:00,Analizar,Armado de escenarios en Análisis de Sensibilidad de la especie AL30,10044.0
2026-08-21T14:38:03-03:00,Analizar,Armado de escenarios en Análisis de Sensibilidad de la especie BDC28,11266.0
2026-08-21T14:38:03-03:00,Analizar,Armado de escenarios en Análisis de Sensibilidad de la especie MR43O,9515.0
2026-08-21T14:38:03-03:00,Analizar,Armado de escenarios en Análisis de Sensibilidad de la especie TX28,7625.0
2026-08-21T14:38:03-03:00,Analizar,Ingresar al Home,6040.0
2026-08-21T14:38:03-03:00,Analizar,Ingreso a la pestaña Condiciones de Emisión de la especie  AL30,817.0
2026-08-21T14:38:03-03:00,Analizar,Ingreso a la pestaña Condiciones de Emisión de la especie BDC28,1717.0
2026-08-21T14:38:03-03:00,Analizar,Ingreso a la pestaña Condiciones de Emisión de la especie MR43O,1096.0
2026-08-21T14:38:03-03:00,Analizar,Ingreso a la pestaña Condiciones de Emisión de la especie TX28,1821.0
2026-08-21T14:38:03-03:00,Analizar,Navegabilidad por los botones TIRs y Paridades Históricas de la especie AL30,14290.0
2026-08-21T14:38:03-03:00,Analizar,Navegabilidad por los botones TIRs y Paridades Históricas de la especie BDC28,5471.0
2026-08-21T14:38:03-03:00,Analizar,Navegabilidad por los botones TIRs y Paridades Históricas de la especie MR43O,1828.0
2026-08-21T14:38:03-03:00,Analizar,Navegabilidad por los botones TIRs y Paridades Históricas de la especie TX28,8199.0
2026-08-21T14:38:03-03:00,Analizar,Simular inversión de la especie AL30,3168.0
2026-08-21T14:38:03-03:00,Analizar,Simular inversión de la especie BDC28,5839.0
2026-08-21T14:38:03-03:00,Analizar,Simular inversión de la especie MR43O,4307.0
2026-08-21T14:38:03-03:00,Analizar,Simular inversión de la especie TX28,3057.0
2026-08-21T14:38:03-03:00,Analizar,Validaciones en la pestaña General de la especie MR43O,1585.0
2026-08-21T14:38:03-03:00,Arbitraje,Arbitraje de las especies AL30 y TX28,8138.0
2026-08-21T14:38:03-03:00,Arbitraje,Ingresar al menú Arbitraje,803.0
2026-08-21T14:38:03-03:00,Arbitraje,"Navegabilidad entre las pestañas Paridad, Inversión y Scatter",10288.0
2026-08-21T14:38:03-03:00,Calculadora,"Editar P. Simulado, de la primera simulación",2031.0
2026-08-21T14:38:03-03:00,Calculadora,Editar la TIR de la primera simulación,711.0
2026-08-21T14:38:03-03:00,Calculadora,Eliminar todas las simulaciones,1630.0
2026-08-21T14:38:03-03:00,Calculadora,Ingresar al menú Calculadora,2885.0
2026-08-21T14:38:03-03:00,Calculadora,Simular inversiones de la especie AL30,61991.0
2026-08-21T14:38:03-03:00,Comparar,Eliminar las especies AL30 y TX28,2058.0
2026-08-21T14:38:03-03:00,Comparar,Ingresar al menú Comparar,790.0
2026-08-21T14:38:03-03:00,Comparar,Ir a Condiciones de Emisión,2032.0
2026-08-21T14:38:03-03:00,Comparar,Navegabilidad por pestañas gráficas,15808.0
2026-08-21T14:38:03-03:00,Comparar,Realizar comparativa entre las especies AL30 y TX28,13337.0
2026-08-21T14:38:03-03:00,Curvas,Ingresar a la pestaña Internacionales,333.0
2026-08-21T14:38:03-03:00,Curvas,Ingresar al menú Curvas,2044.0
2026-08-21T14:38:03-03:00,Curvas,Ingreso a la curva BCRA - BOPREALs - USD,789.0
2026-08-21T14:38:03-03:00,Curvas,Ingreso a la curva Brasil - Soberanos - Bonos Globales - USD,12849.0
2026-08-21T14:38:03-03:00,Curvas,Ingreso a la curva Chile - Soberanos - Bonos Globales - USD,52794.0
2026-08-21T14:38:03-03:00,Curvas,Ingreso a la curva Colombia - Soberanos - Bonos Globales - USD,43601.0
2026-08-21T14:38:03-03:00,Curvas,Ingreso a la curva Corporativos - Alimentos - USD,11426.0
2026-08-21T14:38:03-03:00,Curvas,Ingreso a la curva Estados Unidos - Soberanos - Treasury Notes/Bonds - USD,7216.0
2026-08-21T14:38:03-03:00,Curvas,Ingreso a la curva Mexico - Soberanos - Bonos Globales - USD,45415.0
2026-08-21T14:38:03-03:00,Curvas,Ingreso a la curva Paraguay - Soberanos - Bonos Globales - USD,12708.0
2026-08-21T14:38:03-03:00,Curvas,Ingreso a la curva Soberanos - Letras del Tesoro Capitalizables (LECAP) - ARS,848.0
2026-08-21T14:38:03-03:00,Curvas,Ingreso a la curva Soberanos - Ley Argentina - USD,701.0
2026-08-21T14:38:03-03:00,Curvas,Ingreso a la curva Soberanos - Tasa Fija + CER - ARS,927.0
2026-08-21T14:38:03-03:00,Curvas,"Ingreso a la pestaña ""BCRA""",128.0
2026-08-21T14:38:03-03:00,Curvas,"Ingreso a la pestaña ""Corporativos""",151.0
2026-08-21T14:38:03-03:00,Curvas,"Ingreso a la pestaña ""Soberanos""",1675.0
2026-08-21T14:38:03-03:00,Curvas,"Ingreso a la pestaña ""SubSoberanos""",146.0
2026-08-21T14:38:03-03:00,Graficador,Graficar la especie AL30,5652.0
2026-08-21T14:38:03-03:00,Graficador,Graficar todas las curvas,996.0
2026-08-21T14:38:03-03:00,Graficador,Ingresar al menú Graficador,2556.0
2026-08-21T14:38:03-03:00,Mis portafolios,Agregar la cuarta especie al portafolio,6928.0
2026-08-21T14:38:03-03:00,Mis portafolios,Agregar la primera especie al portafolio,6163.0
2026-08-21T14:38:03-03:00,Mis portafolios,Agregar la segunda especie al portafolio,7953.0
2026-08-21T14:38:03-03:00,Mis portafolios,Agregar la tercera especie al portafolio,7080.0
2026-08-21T14:38:03-03:00,Mis portafolios,Crear un nuevo portafolio,5205.0
2026-08-21T14:38:03-03:00,Mis portafolios,Editar el portafolio,3203.0
2026-08-21T14:38:03-03:00,Mis portafolios,Eliminar el portafolio,689.0
2026-08-21T14:38:03-03:00,Mis portafolios,Eliminar todas las especies del portafolio,169.0
2026-08-21T14:38:03-03:00,Mis portafolios,Ingresar al menú Mis portafolios,768.0
2026-08-21T14:38:03-03:00,Mis portafolios,Navegabilidad entre las pestañas Proyección y Agenda de pagos en el portafolio,2259.0
2026-08-21T14:38:03-03:00,Screener,Ingresar al menú Screener,2348.0
2026-08-21T14:38:03-03:00,Sensibilidad,Eliminar escenario,462.0
2026-08-21T14:38:03-03:00,Sensibilidad,Eliminar especie,176.0
2026-08-21T14:38:03-03:00,Sensibilidad,Ingresar al menú Sensibilidad,700.0
2026-08-21T14:38:03-03:00,Sensibilidad,Realizar Análisis de sensibilidad,6348.0
2026-08-24T14:39:54-03:00,Analizar,Analizar la especie  BDC28,3374.0
2026-08-24T14:39:54-03:00,Analizar,Analizar la especie AL30 ,3988.0
2026-08-24T14:39:54-03:00,Analizar,Analizar la especie MR43O,1795.0
2026-08-24T14:39:54-03:00,Analizar,Analizar la especie TX28,2587.0
2026-08-24T14:39:54-03:00,Analizar,Armado de escenarios en Análisis de Sensibilidad de la especie AL30,12067.0
2026-08-24T14:39:54-03:00,Analizar,Armado de escenarios en Análisis de Sensibilidad de la especie BDC28,26633.0
2026-08-24T14:39:54-03:00,Analizar,Armado de escenarios en Análisis de Sensibilidad de la especie MR43O,10763.0
2026-08-24T14:39:54-03:00,Analizar,Armado de escenarios en Análisis de Sensibilidad de la especie TX28,7701.0
2026-08-24T14:39:54-03:00,Analizar,Ingresar al Home,6376.0
2026-08-24T14:39:54-03:00,Analizar,Ingreso a la pestaña Condiciones de Emisión de la especie  AL30,821.0
2026-08-24T14:39:54-03:00,Analizar,Ingreso a la pestaña Condiciones de Emisión de la especie BDC28,861.0
2026-08-24T14:39:54-03:00,Analizar,Ingreso a la pestaña Condiciones de Emisión de la especie MR43O,877.0
2026-08-24T14:39:54-03:00,Analizar,Ingreso a la pestaña Condiciones de Emisión de la especie TX28,903.0
2026-08-24T14:39:54-03:00,Analizar,Navegabilidad por los botones TIRs y Paridades Históricas de la especie AL30,15493.0
2026-08-24T14:39:54-03:00,Analizar,Navegabilidad por los botones TIRs y Paridades Históricas de la especie BDC28,4235.0
2026-08-24T14:39:54-03:00,Analizar,Navegabilidad por los botones TIRs y Paridades Históricas de la especie MR43O,2308.0
2026-08-24T14:39:54-03:00,Analizar,Navegabilidad por los botones TIRs y Paridades Históricas de la especie TX28,16214.0
2026-08-24T14:39:54-03:00,Analizar,Simular inversión de la especie AL30,2746.0
2026-08-24T14:39:54-03:00,Analizar,Simular inversión de la especie BDC28,5014.0
2026-08-24T14:39:54-03:00,Analizar,Simular inversión de la especie MR43O,4308.0
2026-08-24T14:39:54-03:00,Analizar,Simular inversión de la especie TX28,2667.0
2026-08-24T14:39:54-03:00,Analizar,Validaciones en la pestaña General de la especie MR43O,1252.0
2026-08-24T14:39:54-03:00,Arbitraje,Arbitraje de las especies AL30 y TX28,10509.0
2026-08-24T14:39:54-03:00,Arbitraje,Ingresar al menú Arbitraje,911.0
2026-08-24T14:39:54-03:00,Arbitraje,"Navegabilidad entre las pestañas Paridad, Inversión y Scatter",20785.0
2026-08-24T14:39:54-03:00,Calculadora,"Editar P. Simulado, de la primera simulación",2408.0
2026-08-24T14:39:54-03:00,Calculadora,Editar la TIR de la primera simulación,1624.0
2026-08-24T14:39:54-03:00,Calculadora,Eliminar todas las simulaciones,1703.0
2026-08-24T14:39:54-03:00,Calculadora,Ingresar al menú Calculadora,3270.0
2026-08-24T14:39:54-03:00,Calculadora,Simular inversiones de la especie AL30,74172.0
2026-08-24T14:39:54-03:00,Comparar,Eliminar las especies AL30 y TX28,2219.0
2026-08-24T14:39:54-03:00,Comparar,Ingresar al menú Comparar,924.0
2026-08-24T14:39:54-03:00,Comparar,Ir a Condiciones de Emisión,2156.0
2026-08-24T14:39:54-03:00,Comparar,Navegabilidad por pestañas gráficas,7561.0
2026-08-24T14:39:54-03:00,Comparar,Realizar comparativa entre las especies AL30 y TX28,15061.0
2026-08-24T14:39:54-03:00,Curvas,Ingresar a la pestaña Internacionales,414.0
2026-08-24T14:39:54-03:00,Curvas,Ingresar al menú Curvas,2621.0
2026-08-24T14:39:54-03:00,Curvas,Ingreso a la curva BCRA - BOPREALs - USD,1146.0
2026-08-24T14:39:54-03:00,Curvas,Ingreso a la curva Brasil - Soberanos - Bonos Globales - USD,10471.0
2026-08-24T14:39:54-03:00,Curvas,Ingreso a la curva Chile - Soberanos - Bonos Globales - USD,14054.0
2026-08-24T14:39:54-03:00,Curvas,Ingreso a la curva Colombia - Soberanos - Bonos Globales - USD,32130.0
2026-08-24T14:39:54-03:00,Curvas,Ingreso a la curva Corporativos - Alimentos - USD,9422.0
2026-08-24T14:39:54-03:00,Curvas,Ingreso a la curva Estados Unidos - Soberanos - Treasury Notes/Bonds - USD,7657.0
2026-08-24T14:39:54-03:00,Curvas,Ingreso a la curva Mexico - Soberanos - Bonos Globales - USD,38985.0
2026-08-24T14:39:54-03:00,Curvas,Ingreso a la curva Paraguay - Soberanos - Bonos Globales - USD,9799.0
2026-08-24T14:39:54-03:00,Curvas,Ingreso a la curva Soberanos - Letras del Tesoro Capitalizables (LECAP) - ARS,1031.0
2026-08-24T14:39:54-03:00,Curvas,Ingreso a la curva Soberanos - Ley Argentina - USD,765.0
2026-08-24T14:39:54-03:00,Curvas,Ingreso a la curva Soberanos - Tasa Fija + CER - ARS,1086.0
2026-08-24T14:39:54-03:00,Curvas,"Ingreso a la pestaña ""BCRA""",143.0
2026-08-24T14:39:54-03:00,Curvas,"Ingreso a la pestaña ""Corporativos""",157.0
2026-08-24T14:39:54-03:00,Curvas,"Ingreso a la pestaña ""Soberanos""",4691.0
2026-08-24T14:39:54-03:00,Curvas,"Ingreso a la pestaña ""SubSoberanos""",161.0
2026-08-24T14:39:54-03:00,Graficador,Graficar la especie AL30,7001.0
2026-08-24T14:39:54-03:00,Graficador,Graficar todas las curvas,419.0
2026-08-24T14:39:54-03:00,Graficador,Ingresar al menú Graficador,3130.0
2026-08-24T14:39:54-03:00,Mis portafolios,Agregar la cuarta especie al portafolio,8483.0
2026-08-24T14:39:54-03:00,Mis portafolios,Agregar la primera especie al portafolio,9588.0
2026-08-24T14:39:54-03:00,Mis portafolios,Agregar la segunda especie al portafolio,7991.0
2026-08-24T14:39:54-03:00,Mis portafolios,Agregar la tercera especie al portafolio,7609.0
2026-08-24T14:39:54-03:00,Mis portafolios,Crear un nuevo portafolio,6283.0
2026-08-24T14:39:54-03:00,Mis portafolios,Editar el portafolio,4012.0
2026-08-24T14:39:54-03:00,Mis portafolios,Eliminar el portafolio,1219.0
2026-08-24T14:39:54-03:00,Mis portafolios,Eliminar todas las especies del portafolio,190.0
2026-08-24T14:39:54-03:00,Mis portafolios,Ingresar al menú Mis portafolios,896.0
2026-08-24T14:39:54-03:00,Mis portafolios,Navegabilidad entre las pestañas Proyección y Agenda de pagos en el portafolio,2602.0
2026-08-24T14:39:54-03:00,Screener,Ingresar al menú Screener,2933.0
2026-08-24T14:39:54-03:00,Sensibilidad,Eliminar escenario,498.0
2026-08-24T14:39:54-03:00,Sensibilidad,Eliminar especie,187.0
2026-08-24T14:39:54-03:00,Sensibilidad,Ingresar al menú Sensibilidad,930.0
2026-08-24T14:39:54-03:00,Sensibilidad,Realizar Análisis de sensibilidad,7421.0
2026-08-25T14:42:34-03:00,Analizar,Analizar la especie  BDC28,2753.0
2026-08-25T14:42:34-03:00,Analizar,Analizar la especie AL30 ,3853.0
2026-08-25T14:42:34-03:00,Analizar,Analizar la especie MR43O,1913.0
2026-08-25T14:42:34-03:00,Analizar,Analizar la especie TX28,2642.0
2026-08-25T14:42:34-03:00,Analizar,Armado de escenarios en Análisis de Sensibilidad de la especie AL30,11401.0
2026-08-25T14:42:34-03:00,Analizar,Armado de escenarios en Análisis de Sensibilidad de la especie BDC28,11962.0
2026-08-25T14:42:34-03:00,Analizar,Armado de escenarios en Análisis de Sensibilidad de la especie MR43O,11004.0
2026-08-25T14:42:34-03:00,Analizar,Armado de escenarios en Análisis de Sensibilidad de la especie TX28,8986.0
2026-08-25T14:42:34-03:00,Analizar,Ingresar al Home,17811.0
2026-08-25T14:42:34-03:00,Analizar,Ingreso a la pestaña Condiciones de Emisión de la especie  AL30,1083.0
2026-08-25T14:42:34-03:00,Analizar,Ingreso a la pestaña Condiciones de Emisión de la especie BDC28,890.0
2026-08-25T14:42:34-03:00,Analizar,Ingreso a la pestaña Condiciones de Emisión de la especie MR43O,809.0
2026-08-25T14:42:34-03:00,Analizar,Ingreso a la pestaña Condiciones de Emisión de la especie TX28,883.0
2026-08-25T14:42:34-03:00,Analizar,Navegabilidad por los botones TIRs y Paridades Históricas de la especie AL30,23358.0
2026-08-25T14:42:34-03:00,Analizar,Navegabilidad por los botones TIRs y Paridades Históricas de la especie BDC28,6360.0
2026-08-25T14:42:34-03:00,Analizar,Navegabilidad por los botones TIRs y Paridades Históricas de la especie MR43O,2321.0
2026-08-25T14:42:34-03:00,Analizar,Navegabilidad por los botones TIRs y Paridades Históricas de la especie TX28,5589.0
2026-08-25T14:42:34-03:00,Analizar,Simular inversión de la especie AL30,3031.0
2026-08-25T14:42:34-03:00,Analizar,Simular inversión de la especie BDC28,5276.0
2026-08-25T14:42:34-03:00,Analizar,Simular inversión de la especie MR43O,17007.0
2026-08-25T14:42:34-03:00,Analizar,Simular inversión de la especie TX28,2455.0
2026-08-25T14:42:34-03:00,Analizar,Validaciones en la pestaña General de la especie MR43O,484.0
2026-08-25T14:42:34-03:00,Arbitraje,Arbitraje de las especies AL30 y TX28,30707.0
2026-08-25T14:42:34-03:00,Arbitraje,Ingresar al menú Arbitraje,1022.0
2026-08-25T14:42:34-03:00,Arbitraje,"Navegabilidad entre las pestañas Paridad, Inversión y Scatter",19724.0
2026-08-25T14:42:34-03:00,Calculadora,"Editar P. Simulado, de la primera simulación",2090.0
2026-08-25T14:42:34-03:00,Calculadora,Editar la TIR de la primera simulación,1381.0
2026-08-25T14:42:34-03:00,Calculadora,Eliminar todas las simulaciones,2842.0
2026-08-25T14:42:34-03:00,Calculadora,Ingresar al menú Calculadora,5130.0
2026-08-25T14:42:34-03:00,Calculadora,Simular inversiones de la especie AL30,85070.0
2026-08-25T14:42:34-03:00,Comparar,Eliminar las especies AL30 y TX28,2647.0
2026-08-25T14:42:34-03:00,Comparar,Ingresar al menú Comparar,902.0
2026-08-25T14:42:34-03:00,Comparar,Ir a Condiciones de Emisión,2297.0
2026-08-25T14:42:34-03:00,Comparar,Navegabilidad por pestañas gráficas,19413.0
2026-08-25T14:42:34-03:00,Comparar,Realizar comparativa entre las especies AL30 y TX28,19239.0
2026-08-25T14:42:34-03:00,Curvas,Ingresar a la pestaña Internacionales,449.0
2026-08-25T14:42:34-03:00,Curvas,Ingresar al menú Curvas,3448.0
2026-08-25T14:42:34-03:00,Curvas,Ingreso a la curva BCRA - BOPREALs - USD,1017.0
2026-08-25T14:42:34-03:00,Curvas,Ingreso a la curva Brasil - Soberanos - Bonos Globales - USD,13967.0
2026-08-25T14:42:34-03:00,Curvas,Ingreso a la curva Chile - Soberanos - Bonos Globales - USD,16085.0
2026-08-25T14:42:34-03:00,Curvas,Ingreso a la curva Colombia - Soberanos - Bonos Globales - USD,22677.0
2026-08-25T14:42:34-03:00,Curvas,Ingreso a la curva Corporativos - Alimentos - USD,11155.0
2026-08-25T14:42:34-03:00,Curvas,Ingreso a la curva Estados Unidos - Soberanos - Treasury Notes/Bonds - USD,7402.0
2026-08-25T14:42:34-03:00,Curvas,Ingreso a la curva Mexico - Soberanos - Bonos Globales - USD,21725.0
2026-08-25T14:42:34-03:00,Curvas,Ingreso a la curva Paraguay - Soberanos - Bonos Globales - USD,9603.0
2026-08-25T14:42:34-03:00,Curvas,Ingreso a la curva Soberanos - Letras del Tesoro Capitalizables (LECAP) - ARS,1266.0
2026-08-25T14:42:34-03:00,Curvas,Ingreso a la curva Soberanos - Ley Argentina - USD,913.0
2026-08-25T14:42:34-03:00,Curvas,Ingreso a la curva Soberanos - Tasa Fija + CER - ARS,1188.0
2026-08-25T14:42:34-03:00,Curvas,"Ingreso a la pestaña ""BCRA""",181.0
2026-08-25T14:42:34-03:00,Curvas,"Ingreso a la pestaña ""Corporativos""",179.0
2026-08-25T14:42:34-03:00,Curvas,"Ingreso a la pestaña ""Soberanos""",5541.0
2026-08-25T14:42:34-03:00,Curvas,"Ingreso a la pestaña ""SubSoberanos""",188.0
2026-08-25T14:42:34-03:00,Graficador,Graficar la especie AL30,10685.0
2026-08-25T14:42:34-03:00,Graficador,Graficar todas las curvas,1187.0
2026-08-25T14:42:34-03:00,Graficador,Ingresar al menú Graficador,8394.0
2026-08-25T14:42:34-03:00,Mis portafolios,Agregar la cuarta especie al portafolio,12164.0
2026-08-25T14:42:34-03:00,Mis portafolios,Agregar la primera especie al portafolio,12895.0
2026-08-25T14:42:34-03:00,Mis portafolios,Agregar la segunda especie al portafolio,11382.0
2026-08-25T14:42:34-03:00,Mis portafolios,Agregar la tercera especie al portafolio,12014.0
2026-08-25T14:42:34-03:00,Mis portafolios,Crear un nuevo portafolio,8253.0
2026-08-25T14:42:34-03:00,Mis portafolios,Editar el portafolio,4508.0
2026-08-25T14:42:34-03:00,Mis portafolios,Eliminar el portafolio,4592.0
2026-08-25T14:42:34-03:00,Mis portafolios,Eliminar todas las especies del portafolio,237.0
2026-08-25T14:42:34-03:00,Mis portafolios,Ingresar al menú Mis portafolios,968.0
2026-08-25T14:42:34-03:00,Mis portafolios,Navegabilidad entre las pestañas Proyección y Agenda de pagos en el portafolio,2750.0
2026-08-25T14:42:34-03:00,Screener,Ingresar al menú Screener,8294.0
2026-08-25T14:42:34-03:00,Sensibilidad,Eliminar escenario,499.0
2026-08-25T14:42:34-03:00,Sensibilidad,Eliminar especie,216.0
2026-08-25T14:42:34-03:00,Sensibilidad,Ingresar al menú Sensibilidad,895.0
2026-08-25T14:42:34-03:00,Sensibilidad,Realizar Análisis de sensibilidad,10288.0
2026-08-26T15:46:19-03:00,Analizar,Analizar la especie  BDC28,2192.0
2026-08-26T15:46:19-03:00,Analizar,Analizar la especie AL30 ,4193.0
2026-08-26T15:46:19-03:00,Analizar,Analizar la especie MR43O,1669.0
2026-08-26T15:46:19-03:00,Analizar,Analizar la especie TX28,2064.0
2026-08-26T15:46:19-03:00,Analizar,Armado de escenarios en Análisis de Sensibilidad de la especie AL30,19206.0
2026-08-26T15:46:19-03:00,Analizar,Armado de escenarios en Análisis de Sensibilidad de la especie BDC28,24148.0
2026-08-26T15:46:19-03:00,Analizar,Armado de escenarios en Análisis de Sensibilidad de la especie MR43O,10427.0
2026-08-26T15:46:19-03:00,Analizar,Armado de escenarios en Análisis de Sensibilidad de la especie TX28,8199.0
2026-08-26T15:46:19-03:00,Analizar,Ingresar al Home,7023.0
2026-08-26T15:46:19-03:00,Analizar,Ingreso a la pestaña Condiciones de Emisión de la especie  AL30,1179.0
2026-08-26T15:46:19-03:00,Analizar,Ingreso a la pestaña Condiciones de Emisión de la especie BDC28,2062.0
2026-08-26T15:46:19-03:00,Analizar,Ingreso a la pestaña Condiciones de Emisión de la especie MR43O,980.0
2026-08-26T15:46:19-03:00,Analizar,Ingreso a la pestaña Condiciones de Emisión de la especie TX28,787.0
2026-08-26T15:46:19-03:00,Analizar,Navegabilidad por los botones TIRs y Paridades Históricas de la especie AL30,15260.0
2026-08-26T15:46:19-03:00,Analizar,Navegabilidad por los botones TIRs y Paridades Históricas de la especie BDC28,5066.0
2026-08-26T15:46:19-03:00,Analizar,Navegabilidad por los botones TIRs y Paridades Históricas de la especie MR43O,13893.0
2026-08-26T15:46:19-03:00,Analizar,Navegabilidad por los botones TIRs y Paridades Históricas de la especie TX28,7367.0
2026-08-26T15:46:19-03:00,Analizar,Simular inversión de la especie AL30,8707.0
2026-08-26T15:46:19-03:00,Analizar,Simular inversión de la especie BDC28,4130.0
2026-08-26T15:46:19-03:00,Analizar,Simular inversión de la especie MR43O,3258.0
2026-08-26T15:46:19-03:00,Analizar,Simular inversión de la especie TX28,2231.0
2026-08-26T15:46:19-03:00,Analizar,Validaciones en la pestaña General de la especie MR43O,1000.0
2026-08-26T15:46:19-03:00,Arbitraje,Arbitraje de las especies AL30 y TX28,12606.0
2026-08-26T15:46:19-03:00,Arbitraje,Ingresar al menú Arbitraje,901.0
2026-08-26T15:46:19-03:00,Arbitraje,"Navegabilidad entre las pestañas Paridad, Inversión y Scatter",12227.0
2026-08-26T15:46:19-03:00,Calculadora,"Editar P. Simulado, de la primera simulación",2154.0
2026-08-26T15:46:19-03:00,Calculadora,Editar la TIR de la primera simulación,1170.0
2026-08-26T15:46:19-03:00,Calculadora,Eliminar todas las simulaciones,2549.0
2026-08-26T15:46:19-03:00,Calculadora,Ingresar al menú Calculadora,4459.0
2026-08-26T15:46:19-03:00,Calculadora,Simular inversiones de la especie AL30,94348.0
2026-08-26T15:46:19-03:00,Comparar,Eliminar las especies AL30 y TX28,4625.0
2026-08-26T15:46:19-03:00,Comparar,Ingresar al menú Comparar,966.0
2026-08-26T15:46:19-03:00,Comparar,Ir a Condiciones de Emisión,1899.0
2026-08-26T15:46:19-03:00,Comparar,Navegabilidad por pestañas gráficas,10367.0
2026-08-26T15:46:19-03:00,Comparar,Realizar comparativa entre las especies AL30 y TX28,12181.0
2026-08-26T15:46:19-03:00,Curvas,Ingresar a la pestaña Internacionales,537.0
2026-08-26T15:46:19-03:00,Curvas,Ingresar al menú Curvas,4305.0
2026-08-26T15:46:19-03:00,Curvas,Ingreso a la curva BCRA - BOPREALs - USD,1145.0
2026-08-26T15:46:19-03:00,Curvas,Ingreso a la curva Brasil - Soberanos - Bonos Globales - USD,12282.0
2026-08-26T15:46:19-03:00,Curvas,Ingreso a la curva Chile - Soberanos - Bonos Globales - USD,14085.0
2026-08-26T15:46:19-03:00,Curvas,Ingreso a la curva Colombia - Soberanos - Bonos Globales - USD,36300.0
2026-08-26T15:46:19-03:00,Curvas,Ingreso a la curva Corporativos - Alimentos - USD,12937.0
2026-08-26T15:46:19-03:00,Curvas,Ingreso a la curva Estados Unidos - Soberanos - Treasury Notes/Bonds - USD,5991.0
2026-08-26T15:46:19-03:00,Curvas,Ingreso a la curva Mexico - Soberanos - Bonos Globales - USD,27618.0
2026-08-26T15:46:19-03:00,Curvas,Ingreso a la curva Paraguay - Soberanos - Bonos Globales - USD,14181.0
2026-08-26T15:46:19-03:00,Curvas,Ingreso a la curva Soberanos - Letras del Tesoro Capitalizables (LECAP) - ARS,1012.0
2026-08-26T15:46:19-03:00,Curvas,Ingreso a la curva Soberanos - Ley Argentina - USD,1112.0
2026-08-26T15:46:19-03:00,Curvas,Ingreso a la curva Soberanos - Tasa Fija + CER - ARS,1552.0
2026-08-26T15:46:19-03:00,Curvas,"Ingreso a la pestaña ""BCRA""",184.0
2026-08-26T15:46:19-03:00,Curvas,"Ingreso a la pestaña ""Corporativos""",303.0
2026-08-26T15:46:19-03:00,Curvas,"Ingreso a la pestaña ""Soberanos""",260.0
2026-08-26T15:46:19-03:00,Curvas,"Ingreso a la pestaña ""SubSoberanos""",175.0
2026-08-26T15:46:19-03:00,Graficador,Graficar la especie AL30,8330.0
2026-08-26T15:46:19-03:00,Graficador,Graficar todas las curvas,599.0
2026-08-26T15:46:19-03:00,Graficador,Ingresar al menú Graficador,4151.0
2026-08-26T15:46:19-03:00,Mis portafolios,Agregar la cuarta especie al portafolio,11526.0
2026-08-26T15:46:19-03:00,Mis portafolios,Agregar la primera especie al portafolio,8030.0
2026-08-26T15:46:19-03:00,Mis portafolios,Agregar la segunda especie al portafolio,9084.0
2026-08-26T15:46:19-03:00,Mis portafolios,Agregar la tercera especie al portafolio,9172.0
2026-08-26T15:46:19-03:00,Mis portafolios,Crear un nuevo portafolio,5758.0
2026-08-26T15:46:19-03:00,Mis portafolios,Editar el portafolio,4697.0
2026-08-26T15:46:19-03:00,Mis portafolios,Eliminar el portafolio,3181.0
2026-08-26T15:46:19-03:00,Mis portafolios,Eliminar todas las especies del portafolio,216.0
2026-08-26T15:46:19-03:00,Mis portafolios,Ingresar al menú Mis portafolios,951.0
2026-08-26T15:46:19-03:00,Mis portafolios,Navegabilidad entre las pestañas Proyección y Agenda de pagos en el portafolio,4361.0
2026-08-26T15:46:19-03:00,Screener,Ingresar al menú Screener,4329.0
2026-08-26T15:46:19-03:00,Sensibilidad,Eliminar escenario,550.0
2026-08-26T15:46:19-03:00,Sensibilidad,Eliminar especie,260.0
2026-08-26T15:46:19-03:00,Sensibilidad,Ingresar al menú Sensibilidad,869.0
2026-08-26T15:46:19-03:00,Sensibilidad,Realizar Análisis de sensibilidad,8506.0
